MORPHID	MORPHTYPE	FORMID	FORM	POSITION	PROVENANCE	AFFIXLEMMA
E1	ENDING	F1	a	1_final_medial;1_final_ult;2_final_medial;2_final_ult;3_final_ult;4_final_ult;5_final_ult;6_final_ult	MULTI_ROOT_SEG;SINGLE_ROOT_SEG	1_final_medial:L10077,L1055,L140,L1436,L1437,L1438,L1439,L1634,L1680,L1831,L1867,L1868,L1895,L2569,L2586,L2587,L2588,L2590,L2591,L2599,L2600,L2606,L2613,L2614,L2615,L2616,L3669,L3953,L4760,L4943,L5016,L5017,L5044,L5072,L5211,L5212,L5213,L5214,L5215,L5216,L5217,L5218,L5219,L5220,L5221,L5222,L5223,L5224,L5225,L5226,L5227,L5228,L5229,L5230,L5231,L5281,L5300,L5314,L5331,L5359,L6254,L6378,L6412,L6441,L6442,L6713,L6745,L7343,L7384,L8111,L9174,L9458,L9459,L9487,L9491,L9492,L9493,L9494,L9495,L9496,L9497,L9498,L9499,L9500,L9501,L9502,L9503,L9504,L9505,L9570,L9640,L9642,L9657,L9834,L9835,L9836,L9837;1_final_ult:L100,L10003,L10004,L10019,L10020,L10029,L1003,L10034,L10040,L10044,L10045,L10048,L10051,L10070,L10073,L10081,L101,L10128,L1014,L1015,L1018,L1019,L102,L10229,L103,L1030,L1047,L1048,L1049,L1051,L1052,L106,L107,L1076,L1078,L108,L11,L110,L1101,L111,L112,L113,L1139,L114,L1160,L1161,L1163,L117,L118,L119,L1195,L1196,L120,L1202,L1208,L121,L122,L1221,L123,L125,L1258,L1265,L127,L1276,L1277,L128,L1285,L129,L1292,L1297,L131,L1315,L1320,L1322,L1339,L1340,L1343,L1344,L1345,L1346,L1355,L1360,L1362,L1364,L1366,L1375,L1396,L1400,L1403,L1417,L1418,L1419,L1421,L1427,L1428,L1429,L1437,L1444,L1509,L152,L1537,L1552,L1588,L1607,L1673,L1675,L1677,L1679,L1683,L1684,L1686,L1704,L1705,L1712,L1719,L1738,L1742,L1743,L1748,L1749,L1754,L1767,L1771,L1775,L1778,L1779,L1780,L1782,L1784,L1786,L1790,L1793,L1795,L1797,L1802,L1809,L1812,L1815,L1816,L1839,L1897,L1910,L1917,L1933,L1943,L1945,L1955,L1989,L2046,L2062,L2064,L2065,L2066,L2069,L2070,L2082,L21,L2106,L2110,L2168,L2185,L2194,L2207,L2252,L2254,L2255,L2279,L2288,L229,L2296,L2299,L2304,L2318,L2322,L2324,L2343,L2354,L2356,L2363,L2380,L2383,L2385,L2387,L2390,L2398,L2400,L2419,L242,L243,L2434,L2440,L2452,L2458,L2466,L2471,L2474,L2486,L2490,L2491,L2493,L2497,L2505,L2516,L2519,L2521,L2528,L2529,L2538,L2544,L2548,L2551,L2569,L2666,L2675,L2682,L2683,L2687,L2688,L2691,L2811,L287,L2966,L2967,L2976,L2979,L2986,L2987,L2993,L2996,L2999,L3015,L3021,L3024,L3048,L3064,L3065,L3067,L3068,L3070,L3072,L3073,L3089,L3090,L3093,L3301,L3309,L3311,L3312,L3313,L3319,L3346,L3347,L3349,L3355,L3358,L3368,L3377,L3386,L3411,L3413,L3423,L3425,L3431,L3440,L3442,L3444,L3450,L3458,L3462,L3510,L3512,L3513,L3594,L3595,L3597,L3605,L3607,L3611,L3617,L3630,L3651,L3669,L3681,L3689,L3691,L3692,L3695,L3697,L3758,L3763,L3784,L3799,L3801,L3812,L3822,L3827,L385,L3853,L3869,L387,L390,L392,L396,L3978,L3979,L398,L3984,L3988,L3989,L399,L3990,L3991,L3994,L3995,L401,L4011,L402,L4063,L4070,L4071,L4072,L4076,L4079,L4080,L4081,L4082,L4083,L4085,L4086,L4087,L4088,L4089,L4090,L4091,L4092,L4094,L4095,L4096,L4097,L4098,L4099,L4100,L4101,L4102,L4103,L4104,L4105,L4106,L4107,L4108,L4109,L4110,L4111,L4112,L4113,L4114,L4115,L4125,L4126,L4137,L4138,L4146,L4148,L4149,L4150,L416,L4165,L4175,L4241,L4244,L4245,L4247,L4319,L4321,L4411,L4416,L4418,L4421,L4423,L4478,L4520,L4521,L4530,L4532,L4534,L4536,L456,L4584,L4599,L4603,L464,L469,L4774,L4778,L479,L4820,L483,L484,L4848,L4850,L4853,L4854,L4855,L4856,L4863,L4866,L4868,L4869,L4875,L4884,L4892,L4914,L4920,L4930,L4936,L4937,L4938,L4940,L4941,L4943,L4945,L4968,L4998,L50,L5000,L5048,L5049,L5050,L5051,L5052,L5053,L5054,L5059,L5060,L5061,L5062,L5067,L5069,L5070,L5071,L5072,L5073,L5074,L5075,L5077,L5078,L5079,L508,L5081,L5084,L5085,L5086,L5087,L5088,L5089,L509,L5090,L5091,L5092,L5093,L5094,L5095,L5096,L5097,L5098,L5099,L5100,L5102,L5104,L5105,L5108,L5111,L5116,L5117,L5118,L5119,L5134,L5136,L519,L5208,L5211,L5227,L5229,L5232,L5241,L5271,L53,L5359,L5530,L5710,L5728,L5729,L5737,L5746,L5751,L5763,L5767,L5770,L5778,L5789,L5790,L5795,L5820,L5821,L5824,L5825,L5826,L5827,L5836,L5854,L5855,L5856,L59,L5919,L5923,L5939,L5940,L5987,L601,L6155,L6157,L6159,L6161,L6163,L6165,L6167,L6171,L6175,L6179,L6182,L6185,L6190,L6193,L6194,L6195,L62,L6204,L6206,L6207,L6209,L621,L6211,L622,L6220,L6222,L623,L6230,L6233,L6237,L6238,L6245,L6251,L6252,L6253,L6254,L6257,L6259,L6266,L6267,L6268,L6269,L6271,L6274,L6277,L6278,L6280,L6281,L6282,L6283,L6284,L6285,L6286,L63,L6301,L6306,L6312,L6313,L6314,L6316,L6317,L6319,L6322,L6323,L6325,L6326,L6337,L6339,L6344,L6351,L6358,L6367,L6368,L6369,L6371,L6376,L6377,L6378,L6381,L6392,L64,L6407,L6416,L6424,L6434,L6441,L6443,L6472,L6519,L6520,L6521,L6522,L6523,L653,L6535,L6536,L6540,L6543,L6544,L6545,L6546,L6590,L6592,L6594,L6596,L6598,L6604,L6608,L6624,L6627,L6634,L6635,L6636,L6641,L6643,L6648,L6662,L6670,L6688,L6747,L6751,L676,L677,L6776,L6796,L6815,L6830,L6839,L6855,L6864,L6865,L6886,L6893,L6910,L6937,L6945,L6988,L7004,L7027,L7029,L7037,L7052,L7058,L7070,L7074,L708,L7185,L7190,L7193,L7196,L7202,L7209,L7215,L7223,L7236,L7247,L7249,L7258,L7331,L74,L7460,L7464,L7465,L7477,L7537,L7552,L7557,L7565,L7575,L7576,L758,L76,L7619,L7686,L7734,L7765,L778,L7780,L7783,L7784,L7795,L7801,L7813,L7894,L79,L7938,L7940,L7957,L7959,L7962,L7964,L7968,L7973,L7987,L7995,L80,L8035,L8049,L8057,L8064,L81,L8102,L8146,L8240,L8254,L8267,L8268,L8269,L8270,L8271,L8272,L8296,L8356,L8378,L8384,L8385,L8386,L8397,L8420,L8423,L8430,L8435,L8442,L8485,L85,L8509,L8513,L8527,L8532,L8627,L8641,L8650,L8651,L8662,L87,L8733,L8786,L88,L8830,L8843,L89,L8940,L8961,L8970,L8988,L8989,L8990,L9015,L9018,L9021,L9022,L9024,L9089,L914,L9155,L9157,L9158,L916,L9161,L9167,L9170,L9179,L9189,L92,L9200,L9202,L9238,L9249,L925,L9250,L9251,L9253,L9256,L9260,L9267,L9295,L9297,L9298,L93,L930,L9306,L9344,L9347,L9349,L9369,L9372,L9394,L94,L9457,L9478,L9479,L9496,L95,L9520,L96,L9640,L9641,L9650,L9670,L9674,L9675,L9678,L9679,L9680,L9682,L9683,L969,L97,L9704,L9707,L9712,L9714,L9716,L9732,L9747,L9749,L9750,L9762,L9773,L9780,L9782,L98,L9801,L9820,L9830,L99,L9900,L9904,L9910,L992,L9980,L9982,L9987,L9988,L9994;2_final_medial:L5019,L8119;2_final_ult:L1004,L10049,L10058,L10063,L1009,L10098,L10099,L10102,L10104,L1011,L10132,L10141,L10202,L10215,L10225,L1053,L1054,L1056,L1060,L1070,L1077,L1084,L1086,L109,L1090,L1103,L1106,L1116,L1132,L1135,L1140,L1143,L1147,L1154,L1162,L1182,L1185,L1186,L1210,L1219,L1230,L1231,L1249,L1268,L1279,L1286,L13,L1314,L1347,L1348,L1356,L1361,L1365,L1420,L1422,L1430,L1431,L1432,L1527,L1539,L1595,L1614,L1642,L1647,L1657,L1658,L1659,L1668,L17,L1722,L1733,L1741,L1745,L1746,L1756,L1828,L1847,L1879,L1936,L1957,L1962,L1970,L2012,L2022,L2031,L2038,L2041,L2043,L2093,L2126,L2133,L2135,L2187,L2208,L221,L2212,L2217,L2225,L223,L2231,L2258,L2263,L2277,L2282,L2290,L2311,L2313,L2320,L2327,L2340,L2346,L2350,L2352,L2358,L2359,L2365,L2377,L239,L2396,L2399,L2403,L2412,L2417,L2431,L2451,L2465,L2478,L2483,L2485,L2509,L2533,L2556,L2567,L2568,L2577,L2584,L2592,L2598,L2603,L2604,L2605,L2610,L2611,L2612,L2617,L2620,L2621,L2622,L2623,L2624,L2625,L2628,L2629,L2630,L2633,L2635,L2636,L2637,L2646,L2656,L2658,L2660,L2662,L2672,L2702,L2703,L2705,L2733,L2774,L2777,L2780,L279,L2839,L2840,L2841,L2845,L2871,L2891,L2899,L2900,L2903,L2904,L2906,L2909,L2919,L296,L2985,L2994,L3006,L3009,L301,L3010,L3011,L3018,L3020,L3056,L3075,L3079,L3094,L3102,L3103,L3109,L3111,L3112,L3113,L3124,L3144,L3147,L3149,L3151,L3157,L3163,L3165,L3167,L3172,L3177,L3178,L3179,L3183,L3191,L3194,L3198,L320,L3200,L3201,L3204,L3208,L3210,L3217,L3230,L3239,L3256,L327,L3274,L3275,L3278,L3280,L3281,L3284,L3354,L3357,L3416,L3428,L3434,L3446,L346,L3469,L3474,L3539,L3540,L3541,L3547,L3551,L3582,L3588,L3655,L3696,L374,L375,L3753,L3779,L3782,L3800,L3807,L3814,L3816,L3818,L3829,L3832,L3845,L3855,L3856,L3861,L3864,L3866,L3933,L3935,L3945,L3951,L3955,L3961,L3986,L4012,L4015,L4017,L4022,L4057,L4116,L4121,L4135,L4141,L4142,L417,L4170,L418,L4183,L4186,L4189,L419,L4190,L4204,L421,L4212,L4223,L4234,L424,L4267,L4288,L4289,L429,L4311,L432,L4323,L4339,L4347,L4362,L438,L4383,L4384,L454,L4563,L4566,L4570,L4574,L4577,L4606,L4610,L4613,L4616,L4619,L4632,L4640,L4652,L4655,L4658,L4660,L4661,L4662,L4663,L4664,L4665,L4666,L4667,L4668,L4669,L467,L4700,L4706,L4707,L4708,L471,L4715,L4717,L4750,L4783,L4798,L4801,L482,L4827,L4857,L4860,L488,L4896,L49,L4924,L4942,L4951,L4957,L4961,L4981,L4995,L4997,L5005,L5012,L5057,L5068,L5076,L5080,L5101,L5113,L5129,L513,L515,L5158,L5164,L5187,L5205,L5206,L5216,L522,L5230,L5234,L5242,L5243,L5248,L525,L5250,L5252,L5263,L5268,L5272,L5273,L5275,L5276,L5278,L5285,L5293,L5295,L5296,L5300,L5304,L5305,L5308,L5311,L5313,L5315,L5317,L532,L5320,L5328,L5330,L5333,L5337,L5340,L5344,L535,L5351,L5357,L5360,L5364,L5365,L5367,L5370,L5378,L5379,L5383,L5390,L5395,L5396,L5397,L5404,L5405,L5408,L5410,L5411,L5415,L5422,L5471,L5484,L5491,L5494,L5497,L5528,L561,L5621,L5630,L5636,L5645,L5671,L5673,L5682,L5703,L5714,L5726,L5775,L5781,L5785,L5794,L5810,L5828,L5833,L5837,L5843,L5847,L5848,L5849,L5873,L5917,L5935,L5937,L5949,L5950,L5960,L5969,L5971,L5972,L5977,L5978,L6164,L6166,L6173,L6184,L6187,L6188,L619,L6192,L6199,L6203,L6205,L6208,L6214,L6226,L6234,L6239,L6243,L6265,L629,L6352,L6395,L6449,L6467,L6496,L650,L6502,L6542,L6549,L6553,L6556,L6560,L660,L6645,L665,L6667,L67,L672,L675,L6777,L6782,L68,L6801,L6803,L6821,L6827,L6831,L6840,L6846,L685,L6860,L6874,L6882,L6887,L69,L6939,L6956,L6979,L6989,L699,L6999,L7011,L7025,L7039,L7046,L7055,L7076,L7079,L7083,L7084,L7086,L7088,L7095,L7096,L7099,L7100,L7104,L7108,L7109,L7110,L7112,L7117,L7121,L7128,L7130,L7132,L7135,L7139,L7142,L7147,L7152,L7155,L7156,L7157,L717,L7186,L7199,L7213,L7218,L7225,L7228,L7241,L7250,L7253,L7255,L7256,L7257,L7261,L7264,L728,L7295,L7301,L7303,L7336,L734,L7344,L7353,L7368,L7373,L7376,L7380,L7383,L7385,L7387,L739,L7391,L7395,L7402,L7404,L7405,L7406,L7407,L7414,L7417,L7423,L7427,L7429,L7462,L7468,L7584,L7588,L7591,L7596,L7599,L7613,L7614,L7625,L7641,L7643,L7645,L769,L772,L7724,L7729,L7732,L7735,L7736,L7767,L7819,L783,L7939,L7944,L7948,L7967,L7969,L7974,L7975,L7978,L7981,L7983,L7991,L7993,L7998,L8,L800,L8008,L8017,L8021,L8022,L8024,L8032,L8037,L8039,L8042,L8061,L8071,L8074,L8077,L8080,L8083,L8084,L8095,L810,L8105,L8106,L8107,L8108,L8109,L811,L8110,L8111,L8112,L8113,L8114,L8115,L8116,L8117,L8118,L8119,L8120,L8122,L8123,L8124,L8125,L8200,L8203,L8205,L8207,L8211,L8214,L8217,L8220,L8224,L8226,L8230,L8259,L826,L8284,L831,L8338,L8351,L8372,L8373,L8374,L8375,L8377,L84,L8434,L8436,L8465,L8466,L8473,L8475,L8498,L8508,L8517,L8524,L8528,L8530,L8533,L8547,L8549,L8550,L8556,L8563,L8564,L8576,L86,L8608,L8619,L8628,L8655,L8689,L8711,L8737,L8744,L876,L882,L8829,L8831,L8834,L8836,L8839,L8878,L8904,L8905,L8906,L8908,L8921,L8936,L8960,L8963,L8964,L8965,L8966,L8967,L8968,L8971,L8974,L8980,L8991,L9025,L9030,L9041,L9042,L9048,L9060,L9061,L9062,L9070,L9075,L9077,L9117,L9121,L9122,L9123,L9124,L9126,L9127,L9131,L9162,L917,L9195,L9196,L9197,L9198,L9201,L9203,L9205,L9215,L9217,L9227,L927,L9273,L929,L9290,L9330,L9350,L936,L9362,L9363,L9365,L9384,L9386,L9387,L941,L9416,L9417,L9418,L942,L9421,L9422,L9423,L9424,L9432,L9440,L947,L949,L9500,L9502,L9503,L9507,L9518,L9521,L9529,L957,L9622,L9630,L966,L9693,L9694,L970,L9713,L9715,L9733,L9737,L9745,L9776,L9781,L9811,L9840,L9849,L9918,L993,L9932,L995;3_final_ult:L10000,L10005,L10055,L10064,L10182,L10210,L10211,L10220,L1079,L1099,L1119,L1123,L12,L1228,L1271,L1272,L1278,L1296,L1300,L1301,L1309,L1310,L132,L136,L141,L1440,L1461,L1474,L1476,L1480,L149,L1500,L1514,L1533,L154,L1573,L158,L1615,L1616,L162,L1620,L1648,L166,L1693,L170,L1715,L1718,L175,L1829,L183,L1841,L189,L195,L1950,L1965,L1974,L1984,L199,L2,L2014,L2019,L204,L2127,L2138,L217,L219,L2223,L2229,L2233,L2243,L2272,L230,L232,L236,L2371,L2426,L25,L254,L2669,L2692,L2696,L271,L2723,L275,L2769,L2831,L2851,L2854,L2856,L2858,L2868,L2883,L2885,L2887,L2889,L2896,L2914,L2921,L2932,L3044,L3105,L3152,L3154,L3314,L3316,L3322,L3342,L3400,L3403,L3414,L3421,L3479,L3514,L3519,L3521,L3542,L3550,L3609,L3622,L3626,L3641,L3663,L3769,L3771,L3775,L3793,L3796,L3803,L3835,L3847,L3872,L3877,L3883,L3894,L3899,L3906,L3916,L3926,L3940,L3948,L3960,L3963,L3971,L4036,L4048,L4065,L4067,L4164,L4176,L4197,L4206,L4215,L4217,L4271,L4273,L4326,L4370,L4379,L4385,L4392,L4402,L4552,L4554,L4561,L4594,L4646,L4762,L4808,L4885,L494,L4946,L4963,L498,L4990,L5009,L501,L5027,L5123,L5133,L5139,L5148,L5153,L5167,L5176,L5184,L5196,L5236,L5253,L5283,L5347,L5375,L539,L5432,L5434,L5436,L5439,L5441,L5443,L5449,L5456,L5458,L5465,L547,L5473,L5487,L549,L5501,L5504,L5512,L5523,L5525,L5529,L5559,L5586,L5604,L5638,L5667,L5677,L5695,L5699,L5704,L5718,L5736,L5792,L5796,L5859,L5864,L5868,L5870,L5877,L5881,L5884,L5888,L5897,L5942,L5944,L5964,L5970,L5976,L625,L6262,L631,L6331,L6333,L638,L6428,L6439,L6447,L6451,L6460,L6611,L6621,L6690,L6693,L6702,L6704,L6709,L6710,L6726,L6739,L6744,L6752,L6757,L6760,L6769,L6771,L6816,L6832,L6867,L687,L6873,L6896,L6900,L6904,L6908,L6928,L6948,L6954,L6957,L6958,L6962,L6971,L6973,L7015,L7127,L7151,L7167,L7169,L7173,L7180,L7204,L7220,L7221,L7227,L7237,L7238,L7242,L7248,L7272,L7280,L7305,L7306,L7308,L7314,L7432,L7444,L7447,L7453,L7494,L754,L7615,L7654,L7656,L7712,L7726,L7789,L7877,L7996,L8000,L8005,L801,L8014,L8015,L8018,L803,L8048,L808,L8099,L8121,L8127,L8131,L8133,L8135,L8139,L8141,L8142,L8154,L8155,L8162,L8165,L8166,L8167,L8170,L8171,L8173,L8174,L818,L8182,L8184,L8185,L8188,L8190,L8195,L8196,L8198,L820,L821,L823,L825,L8264,L8288,L8291,L8299,L8308,L8318,L8322,L8324,L835,L8357,L836,L838,L840,L841,L843,L8448,L845,L847,L8472,L8480,L849,L8514,L8521,L8540,L8548,L855,L8559,L856,L8565,L857,L8598,L8625,L8635,L8664,L8666,L8679,L8682,L8685,L869,L870,L8707,L8723,L874,L8813,L8827,L884,L887,L890,L891,L8918,L893,L8978,L9009,L9035,L9037,L9038,L904,L9043,L905,L9051,L9054,L9056,L906,L9066,L907,L9087,L909,L910,L9207,L9284,L932,L9378,L9393,L9395,L9396,L9454,L9510,L9514,L9516,L9526,L9558,L9578,L9580,L9646,L9668,L9700,L9702,L976,L9850,L9860,L9882,L9968,L9991;4_final_ult:L1093,L1095,L1194,L1223,L1224,L1239,L1252,L1530,L2004,L2422,L2428,L2553,L2642,L2707,L2713,L2751,L2755,L2758,L2764,L2766,L2788,L2794,L2812,L2956,L3406,L3559,L3830,L3941,L4037,L4045,L4589,L4675,L4678,L4682,L5127,L5131,L5202,L5343,L5349,L5373,L541,L5544,L5612,L5656,L668,L6696,L6952,L701,L751,L7553,L7555,L7558,L7559,L7562,L7695,L7698,L7702,L7703,L7710,L7713,L7715,L7720,L7723,L7741,L7743,L7747,L7754,L7790,L7809,L7811,L7829,L7834,L7838,L7839,L7843,L7845,L7855,L7858,L7859,L7861,L7889,L7891,L7895,L7902,L7907,L7909,L7912,L7920,L7926,L7928,L7932,L7934,L7935,L8489,L8570,L8572,L8577,L8621,L8920,L9232,L9380,L9382,L9404,L9410,L9413,L9826,L9828,L9832,L9844;5_final_ult:L7208,L7210,L7409,L7745,L7899,L8040,L8926;6_final_ult:L8846,L8850,L8861,L8898
E2	ENDING	F2	ais	1_final_medial;1_final_ult;2_final_ult	MULTI_ROOT_SEG;SINGLE_ROOT_SEG	1_final_medial:L220,L9562;1_final_ult:L4437,L4482,L568,L586,L589,L5989,L6012,L6017,L6027,L6036,L6045,L6053,L6055,L6060,L6061,L6063,L6071,L6074,L6078,L6093,L6097,L6105,L6109,L6114,L6116,L6121,L986,L9870,L988;2_final_ult:L1007,L4519,L4541,L600,L6030,L6149,L7124,L8558,L8566,L9689
E3	ENDING	F3	as	1_final_medial;1_final_ult;2_final_medial;2_final_ult;3_final_ult;4_final_ult	MULTI_ROOT_SEG;SINGLE_ROOT_SEG	1_final_medial:L1046,L1352,L1876,L1892,L2601,L2621,L2623,L2650,L2653,L2654,L2655,L3236,L3501,L3740,L3901,L4754,L4941,L4942,L5030,L5077,L5327,L5412,L6164,L6165,L6166,L6167,L6168,L6169,L6275,L7345,L7358,L8122,L9319,L9355,L9561,L9676,L9677,L9678,L9679,L9680,L9681,L9682,L9683;1_final_ult:L10136,L105,L116,L124,L126,L1496,L1519,L1817,L1856,L2037,L2052,L2055,L2105,L2211,L2251,L2265,L2267,L227,L2308,L2310,L2319,L2333,L2337,L2348,L2364,L2367,L2392,L2402,L2411,L2420,L2443,L2472,L2473,L2496,L2502,L2504,L2518,L2530,L2543,L2562,L3412,L3451,L3452,L3467,L3631,L3701,L3810,L3983,L4546,L5222,L5857,L6160,L6216,L6260,L6275,L6279,L6287,L6324,L6327,L6341,L6348,L6349,L6355,L6356,L6364,L6380,L6383,L6435,L678,L6806,L6895,L7687,L7689,L78,L82,L8484,L91,L9720,L9727,L9742,L9752,L9770,L9796,L9807,L9813,L982,L9834;2_final_medial:L1826,L2602,L4653,L4654,L6251,L6257,L9388,L9389,L9390,L9539;2_final_ult:L1085,L1280,L1464,L224,L2264,L2482,L249,L2837,L3022,L4949,L4952,L5224,L5266,L6848,L7141,L7270,L7463,L7603,L7671,L7680,L8229,L8241,L8287,L8499,L8553,L8560,L8700;3_final_ult:L6754,L7092,L7267,L7672,L7681,L8575,L8578;4_final_ult:L7673,L7682
E4	ENDING	F4	e	1_final_ult;2_final_ult;3_final_ult;4_final_ult	MULTI_ROOT_SEG;SINGLE_ROOT_SEG	1_final_ult:L10030,L10032,L10036,L10046,L10050,L1006,L10062,L10074,L10180,L10190,L10222,L10223,L10227,L1023,L1026,L1027,L1033,L1035,L1040,L1041,L1061,L1074,L1089,L1102,L1146,L1152,L1157,L1164,L1179,L1261,L1295,L1306,L1359,L1370,L1373,L1378,L1382,L1384,L1387,L1395,L1399,L1409,L1415,L1433,L1494,L1497,L1515,L1520,L1521,L1528,L1535,L1542,L1544,L1546,L1554,L1569,L1629,L1643,L1687,L1688,L1689,L1690,L1698,L1700,L1701,L1707,L1752,L1757,L1769,L1770,L1772,L1789,L182,L1832,L1906,L1912,L1913,L1926,L194,L1982,L1988,L1994,L2060,L2079,L2081,L2086,L2088,L209,L2100,L2107,L2108,L2109,L211,L2115,L2116,L2128,L2129,L213,L2137,L215,L2170,L2191,L2195,L22,L2205,L2334,L2344,L238,L24,L241,L2498,L2564,L2570,L2586,L2593,L2595,L2607,L2640,L2651,L2653,L2676,L2678,L2679,L2886,L29,L2901,L2910,L292,L2931,L2937,L2938,L2942,L2947,L2949,L2960,L2963,L298,L3017,L3025,L303,L3032,L3074,L308,L3080,L3085,L312,L313,L317,L322,L323,L329,L3307,L332,L3340,L335,L3361,L3372,L3381,L339,L3397,L3408,L342,L3420,L3443,L3468,L348,L351,L3586,L3593,L3600,L3602,L3615,L364,L365,L3654,L3660,L3679,L370,L3702,L3716,L3761,L3767,L3768,L377,L3770,L3773,L378,L3781,L3785,L3821,L3839,L3844,L3854,L3867,L3871,L3873,L3874,L3875,L3876,L3881,L3882,L3886,L3891,L3892,L3893,L3895,L3896,L3897,L3898,L3901,L3902,L3903,L3904,L3905,L3909,L3910,L3913,L3920,L3921,L3922,L3923,L3924,L3925,L3928,L3929,L393,L3977,L3980,L4026,L408,L4130,L4134,L4151,L4157,L4185,L4201,L4213,L4216,L4240,L4368,L437,L4375,L4391,L4398,L4409,L4447,L4493,L4526,L4529,L4531,L4547,L4560,L457,L458,L4585,L4638,L474,L4753,L4759,L4769,L485,L4851,L4859,L4865,L4872,L4874,L4880,L4881,L489,L4891,L4893,L490,L4901,L4922,L4929,L4934,L496,L4973,L499,L5003,L5135,L5145,L5146,L5151,L5182,L5193,L521,L5260,L5282,L5332,L5346,L5362,L5425,L5433,L5446,L5462,L5482,L5489,L55,L5526,L5593,L5618,L569,L5730,L5733,L5747,L5760,L5769,L5774,L5799,L5812,L5858,L5861,L5886,L590,L5902,L5916,L5920,L5927,L5929,L5953,L5990,L60,L6004,L6018,L6037,L6046,L6056,L6064,L6198,L6217,L6221,L6228,L6247,L6248,L6249,L628,L6336,L6345,L6384,L6393,L6445,L6477,L6479,L6480,L6494,L651,L652,L6552,L6564,L6578,L658,L6607,L6628,L6640,L6653,L6677,L6725,L6749,L6799,L6814,L683,L6838,L6853,L6854,L6871,L6885,L6914,L697,L6983,L6997,L70,L7006,L7007,L7044,L7054,L7064,L7065,L72,L7217,L7233,L7234,L7254,L7265,L7273,L7302,L7309,L7318,L7325,L7328,L7343,L7345,L7349,L7473,L7536,L7651,L7663,L7667,L7685,L7782,L7786,L7994,L8006,L8031,L8050,L8054,L806,L8069,L8082,L8087,L8103,L813,L8260,L8275,L8283,L8321,L8382,L8387,L8392,L8394,L8402,L8412,L8456,L8457,L8503,L851,L8510,L8522,L853,L854,L860,L861,L8610,L8611,L8614,L8616,L8632,L8643,L8647,L865,L8653,L8656,L8658,L8672,L8674,L8675,L8694,L8704,L8706,L8708,L8709,L8713,L8714,L8717,L8719,L8721,L8753,L878,L8806,L883,L8912,L8923,L8941,L895,L8956,L8957,L8958,L8959,L8972,L898,L8985,L8986,L8992,L9007,L901,L9016,L9017,L9023,L9027,L9032,L9033,L9044,L9064,L9068,L9074,L9080,L9137,L9147,L9149,L915,L9175,L9178,L9210,L9243,L9258,L926,L9262,L9265,L9277,L9280,L9304,L9307,L934,L9351,L9357,L9361,L9434,L9438,L9442,L9482,L9484,L950,L9540,L9544,L955,L9551,L9563,L9574,L9577,L9587,L9597,L9603,L9609,L9614,L9617,L9619,L9627,L9628,L9635,L964,L9656,L9709,L9717,L9721,L9722,L9728,L9729,L9735,L9743,L9748,L9753,L9754,L9767,L9771,L9774,L9783,L9797,L9803,L9805,L9808,L9814,L9815,L9862,L9875,L9876,L9892,L9893,L9911,L9912,L9927,L9930,L9938,L9955;2_final_ult:L1,L10018,L10024,L10037,L10039,L10041,L10067,L10068,L10083,L1010,L1013,L10189,L10203,L1068,L1069,L1092,L1107,L1141,L1187,L1189,L1191,L1192,L1220,L1222,L1256,L1283,L1287,L1308,L1316,L1354,L1392,L1410,L1411,L1413,L1468,L1472,L1473,L1513,L1538,L1543,L1545,L1556,L1646,L1651,L1665,L1697,L1726,L1737,L1744,L1758,L18,L1800,L1850,L191,L1921,L1941,L1946,L1947,L1960,L2017,L2083,L2084,L2089,L2096,L2101,L2119,L2121,L2122,L2131,L2181,L2209,L2270,L2294,L2353,L2571,L2587,L2590,L2596,L2602,L2608,L2613,L2616,L2618,L2654,L2659,L2677,L274,L281,L2828,L2880,L2913,L2920,L2936,L2943,L2948,L2955,L2970,L2997,L3,L3002,L3016,L3082,L3161,L3162,L3164,L3169,L3174,L3185,L3190,L3193,L3196,L3206,L3308,L336,L3373,L3374,L3380,L34,L344,L3460,L3606,L3632,L3633,L3648,L3704,L3720,L3787,L38,L382,L383,L3868,L3879,L3912,L3942,L3943,L3950,L3953,L3965,L3967,L3985,L40,L4020,L4042,L4043,L41,L4140,L4242,L4277,L4281,L4282,L4287,L4294,L4295,L4296,L4298,L4299,L4307,L4308,L4309,L4310,L4315,L433,L4331,L4343,L44,L4408,L4439,L447,L4479,L4484,L45,L4538,L460,L4694,L4710,L4740,L4772,L4779,L4873,L4889,L491,L4950,L4989,L5006,L5007,L5082,L5203,L5213,L5220,L5238,L5256,L5386,L5428,L5578,L56,L5648,L57,L5701,L571,L5734,L5808,L5817,L5851,L5915,L5921,L5959,L5962,L5985,L6020,L604,L6066,L6145,L6150,L6196,L6212,L6218,L6223,L6235,L627,L6347,L6387,L6450,L6478,L6499,L6609,L6632,L6642,L6672,L6675,L6676,L6730,L6732,L6742,L6755,L6761,L6763,L6844,L6850,L6883,L6889,L6923,L6924,L6931,L6934,L7005,L712,L713,L7138,L7178,L7184,L7200,L7235,L7329,L733,L7340,L7354,L7356,L7392,L7435,L7442,L7516,L752,L7538,L7587,L7630,L7631,L765,L7659,L7664,L768,L7755,L7758,L7759,L7760,L7817,L7827,L7828,L7841,L7852,L7853,L7854,L7856,L7872,L7897,L7916,L7925,L7941,L7949,L7950,L7984,L7988,L8019,L8025,L8051,L8075,L8149,L8151,L8176,L8277,L8293,L8421,L8460,L8461,L8463,L8464,L8468,L8477,L8487,L8496,L8506,L8515,L852,L8534,L8537,L8552,L8568,L8586,L8591,L8592,L8593,L8594,L8596,L8630,L8637,L8667,L8691,L8795,L8799,L8800,L8801,L8802,L8886,L8947,L8949,L9000,L9014,L9094,L9120,L913,L9141,L9278,L928,L9291,L9320,L9329,L9356,L9368,L9374,L9377,L938,L9390,L9428,L943,L9460,L9462,L9469,L953,L9533,L9552,L9560,L9565,L9575,L9584,L9588,L9604,L9610,L9615,L9620,L9624,L9647,L9684,L9686,L9687,L9691,L9697,L9755,L9758,L9779,L9810,L9837,L9867,L9907,L9954,L9993;3_final_ult:L10,L10042,L10142,L1229,L1469,L1470,L1604,L1808,L1851,L1852,L2183,L2427,L2572,L3299,L3303,L3436,L3553,L3684,L3870,L3993,L4,L4030,L4044,L4243,L4278,L4297,L4300,L4301,L4302,L4303,L4335,L4336,L4578,L4656,L4691,L4711,L4785,L4791,L4823,L5,L5130,L5159,L5649,L5738,L5745,L5924,L609,L6180,L6200,L6692,L6785,L715,L7207,L7268,L7330,L7388,L7408,L7634,L7635,L7636,L7639,L7640,L7707,L7794,L8097,L816,L8462,L8469,L8478,L8538,L8590,L8633,L8852,L8931,L8951,L9315,L9399,L9400,L9463,L9534,L9843,L9869,L9873;4_final_ult:L3300,L4032,L5538,L7296,L7674,L7675,L7815,L8479,L8697,L8860
E5	ENDING	F5	es	1_final_medial;1_final_ult;2_final_medial;2_final_ult;3_final_ult	MULTI_ROOT_SEG;SINGLE_ROOT_SEG	1_final_medial:L1062,L1875,L1889,L2607,L2608,L2609,L2622,L3732,L5040,L6506,L7331,L9422,L9583,L9584,L9585;1_final_ult:L1438,L1551,L2018,L2257,L2276,L2357,L2391,L2515,L2525,L3379,L4430,L5880,L5883,L7514,L7653,L7658,L7683,L8458,L9681;2_final_medial:L2595,L2596,L2597,L7340,L7360,L7763,L7764,L7765,L7766,L7767,L7768,L7769,L7770,L7771,L7772,L7773,L7774,L7775,L7776,L7777,L7778,L7779,L7780,L7781,L7782,L7783,L7784,L7894;2_final_ult:L1281,L1412,L148,L2389,L2425,L250,L2523,L266,L2722,L2743,L2836,L4693,L4695,L4696,L4698,L4699,L6438,L7632,L8567,L8585,L8595,L9868;3_final_ult:L2312
E6	ENDING	F6	i	1_final_ult;2_final_ult;3_final_ult;4_final_ult;5_final_ult	MULTI_ROOT_SEG;SINGLE_ROOT_SEG	1_final_ult:L10057,L10184,L10186,L1379,L1390,L1645,L1654,L1662,L1664,L178,L1811,L1849,L1991,L1993,L2104,L2820,L2821,L3033,L372,L3804,L386,L4009,L4419,L4420,L4426,L4452,L4481,L4517,L462,L487,L518,L5291,L560,L5690,L576,L5780,L5900,L5904,L5934,L599,L6029,L6043,L6052,L6073,L6079,L6098,L6103,L6106,L6110,L6122,L6136,L6142,L6153,L6154,L6202,L6500,L6515,L6683,L6911,L7182,L7276,L7277,L7279,L7281,L7284,L7285,L7289,L7290,L7960,L8104,L8391,L8393,L9166,L9174,L9223,L9292,L9376,L9541,L9569,L9822;2_final_ult:L1810,L1824,L19,L2097,L2123,L3573,L3688,L3838,L3931,L3974,L3976,L512,L5894,L5896,L6231,L7016,L7051,L7320,L7731,L8354,L8429,L8471,L8555,L920,L9269,L933,L9512,L9523;3_final_ult:L1821,L4033,L4053,L4337,L5815,L5911,L6186,L9299;4_final_ult:L4557,L5152;5_final_ult:L7804,L7884,L7888,L8569,L8579
E7	ENDING	F7	ies	1_final_ult;2_final_ult;3_final_ult;4_final_ult	MULTI_ROOT_SEG;SINGLE_ROOT_SEG	1_final_ult:L1000,L2783,L5852,L7010,L7034,L7648;2_final_ult:L10137,L5853,L7035;3_final_ult:L2823,L2874,L3331,L3398,L4376,L5173,L5188,L5192,L5194,L5254,L6483,L9921;4_final_ult:L2711,L2712,L4285,L4672,L5255,L9408
E8	ENDING	F8	is	1_final_ult;2_final_ult;3_final_ult;4_final_ult;5_final_ult	MULTI_ROOT_SEG;SINGLE_ROOT_SEG	1_final_ult:L1001,L10061,L10145,L10155,L10161,L10162,L10167,L10173,L10176,L10185,L10191,L1045,L1083,L1131,L1134,L1144,L1218,L1237,L1242,L1323,L1325,L1334,L1352,L1353,L1357,L1358,L1363,L1367,L1368,L1369,L1371,L1372,L1376,L1377,L1380,L1381,L1383,L1385,L1386,L1388,L1389,L1393,L1394,L1397,L1398,L1402,L1436,L145,L1483,L1489,L1495,L1498,L1499,L1512,L1522,L1523,L1547,L1576,L161,L1624,L1637,L1750,L1751,L1764,L1766,L1773,L1788,L1796,L1918,L1920,L1923,L1940,L1990,L1995,L1997,L2000,L2058,L2078,L2080,L2091,L2117,L2161,L2171,L2192,L2196,L2281,L2305,L2336,L2476,L2513,L2558,L2573,L2585,L2805,L289,L291,L293,L2968,L299,L3023,L3030,L3031,L3034,L304,L3081,L3084,L309,L314,L315,L3176,L318,L324,L325,L3294,L3295,L3317,L333,L3341,L3359,L3367,L3371,L3385,L3409,L343,L3445,L3456,L349,L3491,L3494,L3495,L3501,L352,L354,L3548,L3598,L3613,L3614,L3618,L3650,L366,L367,L3680,L3703,L371,L3759,L379,L380,L3806,L3809,L3813,L3823,L3826,L3843,L3860,L3932,L394,L3973,L3975,L4003,L4006,L4075,L4129,L4131,L4169,L4202,L4317,L4442,L4461,L449,L4497,L4507,L451,L453,L4533,L4569,L4571,L4573,L4608,L461,L4639,L4704,L473,L4755,L4847,L4858,L4902,L4916,L4923,L4933,L4953,L4954,L4955,L4959,L4960,L4996,L4999,L5004,L5219,L5223,L5270,L5339,L5414,L5431,L5447,L5463,L5478,L5479,L5483,L5490,L5493,L5520,L5527,L5653,L5732,L5749,L5752,L5756,L5764,L5771,L5773,L5779,L578,L5804,L5867,L5893,L5895,L5901,L5903,L5905,L5906,L5908,L5918,L592,L5926,L6133,L6177,L6255,L6320,L6346,L6379,L6385,L6394,L6425,L6444,L6495,L6616,L6629,L6630,L6644,L6647,L6654,L6661,L6674,L6731,L6735,L684,L698,L700,L71,L7206,L73,L7321,L7322,L740,L7458,L7459,L749,L7621,L7623,L7624,L7649,L7668,L7669,L7690,L7691,L775,L7799,L7989,L805,L8237,L8246,L8251,L8253,L8273,L8274,L8276,L833,L8353,L8365,L8366,L8398,L8432,L8470,L8483,L8523,L8545,L8546,L8554,L859,L8606,L862,L8639,L8659,L8661,L8669,L872,L8751,L877,L879,L8809,L886,L889,L899,L900,L902,L9047,L9059,L9138,L9139,L9145,L9146,L9148,L9160,L9173,L918,L9239,L9242,L9246,L9281,L9282,L9287,L9296,L931,L9352,L9355,L9373,L9426,L9435,L9439,L9443,L9459,L9483,L9493,L951,L9536,L9545,L9554,L956,L9567,L9606,L9607,L9623,L9629,L9666,L9672,L9710,L9718,L9723,L9724,L9730,L9731,L9734,L9736,L9744,L9756,L9757,L9760,L9764,L9768,L9772,L9775,L9784,L9787,L9790,L9793,L9798,L9804,L9806,L9809,L9816,L9817,L9821,L9877,L9878,L9906,L9913,L9914,L9928,L9931,L9939;2_final_ult:L10094,L10125,L10151,L10174,L10187,L10188,L1166,L1171,L1236,L1240,L1245,L1313,L1335,L1350,L1414,L147,L1504,L1507,L1524,L1609,L1652,L1666,L1739,L174,L1755,L1759,L1820,L1837,L1914,L1919,L1922,L1942,L1949,L1961,L1968,L1998,L2090,L2118,L2132,L2182,L2271,L2300,L2381,L2664,L2674,L2756,L2759,L2761,L280,L2808,L284,L2884,L2905,L2950,L2953,L2972,L2991,L3012,L3037,L3055,L3118,L3356,L3360,L3362,L3459,L3561,L3566,L3570,L3572,L3579,L3601,L3603,L3616,L3647,L3653,L3657,L3705,L3714,L3765,L3880,L400,L4001,L4005,L4046,L4047,L405,L4139,L4143,L428,L4322,L4329,L4330,L4351,L4389,L4455,L4459,L450,L4508,L4518,L4567,L4701,L4703,L4705,L4712,L4714,L4716,L4741,L4751,L4758,L4773,L4780,L480,L4876,L4903,L4931,L4994,L5015,L5031,L5058,L5214,L5257,L5392,L5419,L5579,L5632,L5702,L5750,L5757,L5761,L5765,L5787,L579,L5798,L5807,L5835,L5839,L5907,L5910,L5914,L6169,L6181,L6191,L6197,L6213,L6229,L6232,L6242,L6388,L6427,L6446,L6454,L6455,L649,L6605,L6637,L6649,L6660,L6681,L6733,L6836,L686,L693,L6940,L709,L7116,L7129,L7201,L7214,L722,L724,L7367,L737,L7525,L7532,L7580,L759,L7660,L7661,L7662,L7665,L7666,L7771,L7976,L7990,L8026,L8152,L8177,L8247,L8261,L8278,L8279,L834,L8422,L8486,L8504,L8512,L8642,L8690,L8859,L8950,L8993,L9142,L9143,L9144,L9353,L9360,L9367,L9429,L9458,L9524,L9542,L9553,L9566,L9576,L9585,L9598,L9608,L9621,L9838,L9925,L9942;3_final_ult:L10043,L10150,L10175,L1505,L1516,L16,L1822,L2184,L2328,L2665,L2718,L2727,L2735,L2741,L2944,L3552,L406,L407,L4144,L4305,L4332,L4333,L4352,L4413,L4415,L4556,L4692,L4702,L4713,L4742,L4965,L5912,L5913,L5925,L6183,L6429,L6881,L691,L7205,L7678,L817,L8543,L9279,L9316,L9391,L9401,L9402,L9513,L9836,L9858;4_final_ult:L2728,L2787,L4031,L4038,L7803,L7807,L7851,L7857,L7867,L7883,L7887,L7898,L9392;5_final_ult:L7808,L7868
E9	ENDING	F9	o	1_final_medial;1_final_ult;2_final_medial;3_final_medial	MULTI_ROOT_SEG;SINGLE_ROOT_SEG	1_final_medial:L3490;1_final_ult:L1071,L1130,L1133,L1138,L1246,L1318,L1319,L1324,L1326,L1327,L1328,L1329,L1331,L1332,L1338,L1341,L1342,L3687,L3760,L3790,L5933,L6547,L6946,L7979,L8028,L9163,L9165,L9181,L9986;2_final_medial:L607,L9688;3_final_medial:L4544,L6307,L6308,L6309
E10	ENDING	F10	s	1_final_medial;1_final_ult;2_final_medial;2_final_ult;3_final_medial;3_final_ult;4_final_ult;5_final_ult	MULTI_ROOT_SEG;SINGLE_ROOT_SEG	1_final_medial:L10093,L1052,L1473,L174,L1893,L2766,L2767,L278,L2837,L2838,L2866,L2869,L374,L4309,L4546,L4548,L456,L457,L458,L459,L460,L461,L462,L463,L464,L465,L466,L4667,L467,L468,L469,L470,L471,L472,L473,L474,L475,L476,L477,L478,L479,L480,L481,L482,L483,L484,L485,L486,L487,L488,L489,L490,L491,L492,L493,L494,L495,L496,L497,L498,L499,L500,L501,L502,L503,L504,L505,L506,L507,L508,L509,L5090,L510,L5106,L5107,L511,L512,L513,L514,L515,L516,L517,L518,L519,L520,L521,L5338,L5397,L5398,L5851,L6032,L6062,L6063,L6064,L6065,L6066,L6067,L6068,L6069,L6070,L6071,L6115,L6116,L6117,L6118,L6119,L613,L6178,L6335,L6372,L6491,L6492,L6515,L7354,L7365,L7565,L7650,L7872,L7873,L8116,L8350,L8351,L8379,L8455,L8458,L8908,L9056,L93,L9335,L9418,L9547,L9549,L9550,L9654,L9655,L9792,L9793,L9794;1_final_ult:L10009,L10011,L1002,L10026,L10027,L10028,L10031,L10033,L10035,L10047,L1005,L10069,L10071,L10077,L10079,L1008,L10084,L10091,L1017,L10192,L10193,L10197,L10206,L10228,L1025,L1058,L1059,L1072,L1081,L1082,L1087,L1091,L1098,L1110,L1111,L1112,L1113,L1114,L1115,L1145,L1151,L1156,L1159,L1165,L1168,L1169,L1170,L1172,L1173,L1174,L1175,L1177,L1178,L1180,L1181,L1184,L1197,L1198,L1200,L1201,L1203,L1209,L1212,L1214,L1215,L1216,L1217,L1235,L1247,L1255,L1260,L1266,L1269,L1270,L1282,L1284,L1289,L1290,L1293,L1294,L1298,L1299,L1305,L1307,L1321,L1330,L1333,L1374,L140,L1401,L1406,L1407,L1408,L1416,L1426,L1434,L1439,L1447,L1450,L1486,L1490,L1529,L1541,L1550,L1553,L1558,L1566,L1628,L1632,L1634,L1635,L1639,L1640,L1641,L1644,L1650,L1653,L1660,L1661,L1663,L1674,L1681,L1685,L1696,L1710,L1711,L1728,L1731,L1734,L1736,L1747,L1776,L1781,L1783,L1785,L1787,L179,L1791,L1792,L1794,L1801,L1804,L1805,L1806,L1807,L1813,L1814,L1826,L1827,L1834,L1836,L1848,L1855,L1857,L1859,L1861,L1862,L1866,L1867,L1868,L1869,L1870,L1871,L1872,L1873,L1874,L1875,L1876,L1877,L1880,L1881,L1883,L1884,L1885,L1886,L1888,L1889,L1890,L1892,L1894,L1895,L1898,L1899,L1905,L1909,L1916,L192,L1927,L1928,L193,L1944,L1996,L1999,L200,L2001,L2002,L2063,L2067,L2068,L2071,L2072,L2073,L2077,L2085,L2092,L2099,L210,L2102,L2103,L2111,L2112,L2114,L212,L2120,L2125,L2130,L214,L2165,L2166,L2167,L2172,L2173,L2174,L2175,L2176,L2177,L2178,L2179,L218,L2180,L2193,L2197,L2206,L2280,L2286,L2297,L2309,L2323,L234,L2410,L2444,L2447,L2457,L246,L247,L2470,L2488,L2512,L2514,L2520,L2555,L2565,L2578,L2582,L2588,L2589,L259,L2591,L2594,L2597,L2599,L2600,L2601,L2606,L2609,L261,L2614,L2615,L2619,L263,L2638,L2639,L264,L265,L2650,L2652,L2655,L2657,L2661,L2680,L2681,L2686,L2689,L2694,L2704,L277,L278,L2795,L2800,L2822,L2827,L283,L2835,L2853,L2861,L2862,L2866,L288,L2952,L2957,L2958,L2959,L2961,L2962,L2974,L2977,L2978,L2981,L2983,L2989,L2990,L2995,L2998,L3003,L3004,L3007,L3008,L306,L3069,L3071,L3076,L3077,L3078,L3083,L3088,L3095,L3099,L3101,L319,L3216,L3218,L328,L3287,L330,L3302,L3310,L3325,L3334,L3339,L3344,L3348,L3350,L3353,L3363,L3366,L3370,L3375,L3376,L3382,L3384,L3392,L3396,L340,L3410,L3427,L3430,L3432,L3454,L3461,L3470,L3473,L3476,L3477,L3584,L3585,L3587,L359,L3591,L3596,L3599,L360,L3604,L361,L362,L3649,L3656,L3658,L3659,L3662,L368,L3690,L3708,L3715,L3718,L3719,L3726,L3727,L3729,L3730,L3731,L3732,L3733,L3735,L3736,L3738,L3739,L3740,L3741,L3745,L3747,L3748,L3750,L3751,L3752,L3754,L3756,L3757,L3762,L3764,L3777,L3780,L3783,L3788,L3789,L3791,L3831,L384,L3840,L3846,L3848,L3849,L3851,L3858,L3865,L388,L389,L391,L395,L397,L3981,L4007,L4008,L4019,L4077,L4127,L4128,L4132,L4136,L414,L4147,L415,L4152,L4153,L4154,L4155,L4156,L4158,L4166,L4199,L4209,L423,L4246,L4280,L4316,L4318,L4320,L435,L436,L441,L4412,L4417,L4422,L4428,L4429,L4465,L4488,L4501,L4523,L4524,L4525,L4527,L4528,L455,L4550,L4572,L4581,L4582,L4583,L459,L4590,L4591,L4592,L4597,L4600,L4602,L463,L465,L4653,L4654,L466,L468,L4776,L478,L4814,L4818,L4822,L4829,L4830,L4831,L4832,L4833,L4834,L4835,L4836,L4837,L4838,L4839,L4840,L4841,L4842,L4844,L4845,L4846,L4852,L4864,L4867,L4878,L4886,L4887,L4888,L4890,L4894,L4895,L4899,L4906,L4908,L4910,L4915,L4917,L4918,L4921,L4925,L4926,L4935,L495,L4969,L4970,L4975,L4977,L4979,L4980,L4986,L4987,L4988,L4992,L4993,L500,L5013,L5017,L5018,L5019,L5021,L5022,L5023,L5024,L5025,L5026,L5029,L5030,L5032,L5033,L5034,L5036,L5037,L5038,L5039,L504,L5040,L5041,L5042,L5043,L5044,L5045,L5046,L5047,L5066,L51,L510,L5137,L514,L5169,L517,L52,L520,L5204,L5207,L5209,L5210,L5212,L5215,L5217,L5218,L5221,L5226,L5228,L5231,L5233,L524,L5249,L5261,L5262,L5265,L5274,L5277,L5279,L5280,L5281,L5292,L5297,L5298,L5299,L5301,L5302,L5306,L5307,L5310,L5312,L5314,L5318,L5324,L5326,L5327,L5329,L5338,L5341,L5354,L5355,L5358,L5361,L5366,L5368,L5369,L5376,L5381,L5382,L5384,L5388,L5389,L5398,L5399,L54,L5400,L5401,L5402,L5403,L5406,L5407,L5412,L5413,L5421,L5423,L5430,L5454,L5460,L5521,L5532,L5551,L5584,L559,L5615,L562,L5725,L5727,L5739,L5748,L5754,L5755,L5758,L5759,L5766,L5772,L5805,L5806,L5809,L5823,L5840,L5931,L5936,L5941,L5946,L5952,L5956,L5957,L5958,L5975,L5980,L5981,L5983,L5995,L6,L6007,L602,L603,L6095,L61,L610,L612,L6137,L6148,L6176,L6189,L620,L6201,L6210,L6215,L6227,L6236,L6241,L6328,L6329,L6330,L6335,L635,L636,L6405,L6406,L6408,L6409,L6410,L6411,L6412,L6413,L6414,L6415,L6417,L642,L643,L6432,L6433,L6442,L6448,L645,L6474,L6475,L648,L6481,L6488,L6490,L6492,L6498,L6503,L6505,L6506,L6507,L6513,L6516,L6518,L6525,L6526,L6527,L6530,L6531,L6533,L6534,L6537,L6541,L6548,L6551,L6559,L6563,L657,L6576,L6577,L6580,L6581,L6582,L6583,L6584,L6585,L6586,L6587,L6588,L6589,L6591,L6593,L6595,L6597,L6599,L6600,L6601,L6602,L6615,L6617,L662,L663,L6631,L6638,L6639,L664,L6650,L6651,L6663,L6664,L6666,L6668,L6669,L6671,L6673,L6685,L6689,L6691,L6707,L6708,L6712,L6713,L6715,L6717,L6718,L6719,L6720,L6721,L6722,L6724,L6729,L6734,L6736,L6737,L6748,L6767,L6773,L6780,L6783,L6784,L6788,L679,L6790,L6791,L6792,L6797,L6798,L6802,L6804,L6805,L6825,L6847,L6849,L6879,L6892,L6909,L6912,L6920,L6921,L6932,L6936,L6938,L694,L6941,L6942,L6943,L6944,L695,L696,L7,L7009,L705,L706,L711,L7177,L7188,L7191,L7194,L7195,L7198,L7203,L7216,L7219,L7222,L7226,L723,L7232,L7243,L7246,L7259,L726,L7262,L7266,L727,L7274,L7291,L7304,L7310,L7313,L7317,L7319,L7324,L7326,L7327,L7357,L7358,L7359,L7360,L7361,L7362,L7363,L7364,L7365,L7366,L7370,L7371,L7372,L7374,L7379,L738,L7382,L7384,L7386,L7396,L7397,L7398,L7399,L7401,L7403,L741,L7412,L7413,L742,L7424,L7426,L7428,L743,L744,L745,L746,L7466,L7478,L7479,L7480,L7486,L7490,L7493,L7497,L7505,L7534,L7535,L7578,L7618,L767,L7688,L771,L7764,L7768,L777,L7770,L7775,L7776,L7777,L7778,L7779,L7781,L780,L7818,L7823,L7824,L7826,L786,L787,L788,L789,L791,L792,L793,L7946,L7947,L7951,L7953,L7955,L796,L7961,L7963,L7965,L798,L7980,L7985,L799,L7992,L8001,L8003,L8007,L8011,L8030,L8045,L8052,L8053,L8055,L8058,L8065,L8068,L8070,L8073,L8076,L8089,L8090,L8092,L8094,L8143,L8150,L8242,L8244,L8245,L8258,L8282,L8295,L8297,L8298,L8306,L8388,L8389,L8390,L8395,L8396,L8399,L8400,L8401,L8410,L8411,L8413,L8476,L8482,L8492,L8497,L8502,L8505,L8507,L8511,L8516,L8520,L8526,L8529,L8531,L8618,L8645,L8648,L8652,L8654,L8657,L8663,L8670,L8673,L8676,L8677,L8678,L8681,L8701,L8703,L8729,L8730,L8731,L8732,L8734,L8735,L8736,L8739,L8741,L8742,L8743,L8747,L8748,L8749,L8752,L8754,L8755,L8756,L8758,L8760,L8761,L8763,L8764,L8765,L8766,L8767,L8768,L8769,L8770,L8771,L8772,L8773,L8774,L8775,L8776,L8777,L8778,L8780,L8781,L8782,L8783,L8784,L8787,L8788,L8790,L8791,L8804,L8805,L8807,L8808,L8814,L8815,L8818,L8820,L8821,L8825,L8826,L8832,L8833,L8838,L8841,L8842,L8858,L8863,L8866,L8877,L8909,L8911,L8913,L8914,L8915,L8916,L8922,L8939,L8942,L8948,L8953,L8955,L8973,L8981,L9013,L9019,L911,L912,L9130,L9150,L9151,L9152,L9153,L9154,L9164,L9168,L9169,L9171,L9176,L9177,L9180,L9182,L9183,L9187,L9188,L919,L9199,L9208,L9209,L9211,L9212,L9213,L9222,L9225,L9226,L9233,L9234,L9235,L9236,L9237,L9240,L9241,L9244,L9245,L9247,L9248,L9252,L9254,L9255,L9257,L9259,L9261,L9263,L9264,L9266,L9268,L9283,L9293,L9294,L9302,L9303,L9343,L9345,L9346,L9348,L9370,L9371,L9375,L9388,L9445,L9446,L9451,L9452,L9453,L9456,L9470,L9471,L9473,L9476,L9480,L9481,L9485,L9486,L9487,L9489,L9490,L9498,L9504,L9535,L9537,L9538,L9539,L9543,L9546,L9547,L9548,L9549,L9550,L9561,L9562,L9564,L9568,L9570,L9571,L9573,L9583,L9589,L9590,L9591,L9592,L9593,L9594,L9595,L9596,L960,L9600,L9601,L961,L9612,L9613,L9618,L9626,L9633,L9634,L9636,L9638,L9639,L9642,L9649,L965,L9651,L9652,L9653,L9655,L9657,L9659,L9660,L9661,L9662,L9663,L9665,L9677,L9696,L9698,L981,L9818,L9819,L9835,L984,L985,L9851,L9852,L9854,L9855,L989,L9891,L9894,L9924,L9945,L9984,L9985;2_final_medial:L2176,L262,L263,L4288,L4289,L4290,L4550,L4949,L4986,L5209,L5733,L5734,L5854,L6690,L6691,L7723,L7930,L796,L8348,L9144,L9417,L9801,L9853,L9854;2_final_ult:L10013,L10017,L10022,L10023,L10025,L10038,L10052,L10056,L10065,L10066,L10072,L10075,L10082,L10086,L10089,L10124,L10126,L10127,L10129,L10130,L10131,L10139,L10140,L10147,L10154,L10158,L10168,L10169,L10172,L10179,L10196,L10204,L10224,L10226,L1024,L1031,L1037,L1038,L104,L1044,L1057,L1075,L1088,L1109,L1117,L1118,L1125,L1127,L1128,L1129,L1137,L1142,L1149,L115,L1153,L1167,L1183,L1188,L1190,L1193,L1206,L1207,L1211,L1233,L1234,L1238,L1243,L1244,L1251,L1259,L1267,L1274,L1275,L1288,L1291,L130,L1312,L1317,L1337,L1351,L1391,L1424,L1425,L1435,L1443,L146,L1508,L1517,L1518,L1525,L153,L1540,L1549,L1555,L1557,L1560,L1563,L1568,L1570,L1571,L1572,L1578,L1579,L1581,L1585,L1592,L1593,L1594,L1596,L1598,L1600,L1602,L1605,L1610,L1611,L1612,L1613,L1623,L1626,L1630,L1649,L1655,L1703,L1706,L1708,L1724,L1727,L1729,L1730,L1735,L1740,L1763,L1765,L1768,L1799,L1803,L1818,L1819,L1835,L1846,L1854,L1858,L1896,L190,L1901,L1904,L1908,L1915,L1924,L1925,L1932,L1938,L1948,L1967,L1973,L1980,L1981,L1987,L1992,L20,L2021,L2033,L2040,L2045,L2051,L2087,L2098,L2124,L2147,L2153,L2159,L2164,L2186,L220,L2210,L2216,L222,L2224,L2230,L2234,L2236,L2237,L2239,L2240,L2244,L225,L2250,L2253,L226,L2260,L2275,L2284,L2289,L2292,L2295,L23,L2303,L2307,L2321,L233,L2330,L2332,L2335,L2339,L2342,L2345,L2349,L235,L2361,L2370,L2375,L2379,L2382,L2393,L2395,L240,L2409,L2414,L2415,L2416,L2418,L2433,L2439,L244,L2441,L2446,L2448,L245,L2456,L2460,L248,L2480,L2494,L2495,L2500,L2501,L2506,L2507,L251,L2511,L2531,L2535,L2537,L2541,L2542,L2550,L2554,L2560,L2563,L2566,L2575,L2627,L2634,L2644,L2663,L2673,L268,L2684,L2690,L2706,L2719,L272,L2731,L2739,L2740,L2776,L2779,L2782,L2793,L2809,L282,L2829,L2838,L2843,L2847,L2870,L2873,L2893,L290,L2902,L2908,L2911,L2951,L2954,L297,L2973,L2975,L2980,L2988,L2992,L30,L3014,L302,L3027,L3029,L307,L3086,L3091,L31,L3100,L311,L3117,L3141,L3142,L3143,L3175,L3186,L3197,L3203,L3207,L3209,L321,L3211,L3212,L3213,L3214,L3215,L3219,L3220,L3222,L3223,L3224,L3225,L3227,L3228,L3229,L3231,L3232,L3233,L3234,L3236,L3237,L3238,L3240,L3241,L3242,L3243,L3246,L3247,L3248,L3249,L3251,L3252,L3253,L3254,L3257,L3258,L3260,L3261,L3262,L3264,L3266,L3267,L3272,L3273,L3277,L3279,L3283,L3286,L3290,L3291,L3297,L33,L3304,L3306,L331,L3330,L3345,L3365,L337,L3378,L341,L3418,L3429,L3433,L3435,L3438,L3439,L3448,L3455,L3463,L3464,L347,L3498,L35,L350,L3544,L3545,L3546,L356,L3583,L3589,L3590,L36,L3608,L363,L3637,L3638,L3661,L3683,L3686,L369,L3698,L3700,L3706,L3709,L3710,L3712,L3717,L3721,L3722,L3723,L3725,L3737,L376,L3774,L3776,L3778,L3786,L3802,L3808,L3815,L3817,L3819,L3820,L3824,L3836,L3850,L3852,L3857,L3862,L3863,L39,L3917,L3930,L3934,L3944,L3954,L3987,L4018,L4021,L4041,L4064,L4069,L4084,L409,L4093,L411,L4118,L4119,L412,L4122,L4123,L4124,L4168,L4172,L4177,L4178,L4184,L4187,L4188,L4191,L4192,L42,L420,L4200,L4203,L4207,L4211,L4214,L4219,L422,L4220,L4225,L4237,L4239,L425,L4253,L4254,L4255,L4257,L426,L4263,L4264,L4265,L4266,L4268,L4270,L4272,L4275,L4279,L4283,L4284,L4290,L431,L4314,L4324,L4325,L434,L4345,L4350,L4355,L4356,L4360,L4361,L4365,L4367,L4373,L4387,L440,L442,L4424,L443,L4434,L4438,L4440,L4443,L4448,L4449,L445,L4453,L4457,L4458,L446,L4460,L4468,L4469,L4471,L4475,L4477,L448,L4483,L4485,L4487,L4489,L4504,L4506,L4511,L4512,L4516,L452,L4522,L4539,L4540,L4548,L4558,L4568,L4576,L4580,L4596,L46,L4601,L4604,L4605,L4609,L4612,L4615,L4618,L4621,L4634,L4641,L4642,L4647,L47,L472,L4733,L4738,L4739,L4745,L4747,L4749,L4752,L4754,L4763,L4765,L4767,L477,L4770,L4782,L48,L4800,L4803,L4806,L481,L4811,L4815,L4817,L4819,L4824,L4825,L4828,L4843,L4849,L486,L4861,L4862,L4870,L4871,L4882,L4897,L4900,L4919,L492,L4932,L4956,L4958,L4962,L4966,L497,L4971,L4974,L4978,L4991,L5010,L5011,L503,L505,L5056,L506,L5063,L5083,L5106,L511,L5110,L5112,L5114,L5162,L5168,L5189,L5235,L5239,L5246,L5269,L527,L528,L5287,L529,L5294,L5303,L5316,L5319,L5325,L533,L5331,L5334,L5342,L5345,L537,L5372,L5387,L5391,L5417,L544,L545,L546,L5472,L5485,L5498,L5542,L5546,L5552,L5553,L5555,L5569,L5574,L5575,L5577,L5587,L5620,L5623,L5639,L5643,L565,L5652,L5661,L5665,L5675,L5684,L570,L5715,L573,L5731,L5735,L574,L5742,L5743,L5753,L5768,L577,L5777,L5788,L5791,L5793,L58,L5803,L5816,L5818,L5819,L582,L5822,L583,L5832,L584,L5846,L587,L5875,L5876,L5909,L5922,L5932,L5951,L5955,L596,L5961,L5965,L5973,L5974,L5979,L5982,L5984,L5986,L5991,L5997,L5999,L6001,L6002,L6005,L6013,L6014,L6019,L6021,L6023,L6024,L6025,L6031,L6032,L6038,L6039,L6041,L6042,L6047,L6048,L605,L6050,L6057,L6058,L6065,L6067,L6069,L6075,L608,L6080,L6081,L6083,L6084,L6087,L6090,L6091,L6094,L6099,L6100,L6107,L6111,L6117,L6118,L6123,L6124,L6125,L6130,L6131,L6138,L6140,L6151,L6172,L6174,L6219,L6225,L626,L6263,L6289,L6302,L6340,L6354,L6386,L6397,L6419,L6421,L6430,L644,L6440,L6466,L6469,L6476,L6482,L6493,L6497,L6514,L6539,L655,L6550,L6555,L6558,L656,L6562,L6565,L6566,L6567,L6569,L6570,L6572,L6573,L6574,L6575,L6579,L659,L66,L6603,L6606,L661,L6614,L6618,L6622,L6625,L6626,L6646,L6652,L6659,L6665,L667,L6679,L6680,L6682,L6684,L6686,L6698,L6700,L6723,L674,L6741,L6743,L6746,L6750,L6756,L6762,L6765,L6778,L6779,L6781,L6787,L6789,L681,L6811,L6813,L682,L6823,L6829,L6842,L6845,L6852,L6862,L6876,L6884,L6888,L6891,L6902,L6903,L6922,L6925,L6930,L6933,L6980,L6981,L6982,L6985,L6986,L6987,L6991,L6993,L6996,L6998,L7000,L7001,L7002,L7003,L7008,L7013,L7017,L7018,L7019,L7021,L7022,L7023,L7024,L7026,L7028,L7030,L7031,L7033,L7036,L7038,L7041,L7042,L7043,L7045,L7048,L7050,L7053,L7056,L7057,L7059,L7060,L7061,L7062,L7063,L7066,L7067,L7068,L7069,L707,L7071,L7072,L7073,L7075,L7093,L710,L7107,L7111,L7137,L7145,L7154,L7183,L7189,L719,L7229,L7240,L7245,L7252,L7260,L7263,L7275,L7278,L7282,L7283,L7286,L7287,L7288,L7311,L7312,L732,L7338,L7347,L736,L7369,L7375,L7378,L7381,L7389,L7390,L7393,L7394,L7400,L7411,L7416,L7420,L7421,L7422,L7430,L7436,L7437,L7438,L7441,L7443,L7461,L7467,L7469,L7471,L7472,L7481,L7483,L7484,L7485,L7496,L7498,L75,L7500,L7502,L7503,L7504,L7508,L7509,L7510,L7512,L7517,L7518,L7520,L7521,L7522,L7524,L7546,L7548,L7549,L7572,L7574,L7579,L7607,L7608,L7620,L7622,L7626,L7627,L7628,L7629,L7642,L7644,L7646,L7647,L7650,L7652,L7670,L77,L774,L7769,L7773,L782,L7821,L7822,L785,L7878,L7915,L7943,L7945,L795,L7958,L7972,L7977,L7982,L8004,L8009,L8010,L8020,L8027,L8029,L8034,L8041,L8044,L8046,L8047,L8056,L8059,L8060,L8062,L8066,L8067,L8072,L8078,L8081,L8085,L8086,L8088,L8096,L8136,L814,L8148,L8187,L8213,L8222,L8228,L8233,L8234,L8235,L8236,L8238,L8239,L8243,L8248,L8249,L8250,L8252,L8255,L8256,L8266,L8280,L8281,L83,L8330,L8337,L8341,L8344,L8348,L8349,L8350,L8360,L8376,L8379,L8381,L8425,L8431,L8438,L8439,L8440,L8441,L8446,L8455,L8481,L8488,L8490,L8491,L8494,L8495,L8500,L8518,L8519,L8525,L8541,L8544,L8599,L8609,L8613,L8615,L8620,L8626,L8631,L8638,L8646,L8668,L8688,L8693,L8695,L8696,L8705,L8712,L8716,L8718,L8738,L8745,L8757,L8759,L8762,L8779,L8785,L8789,L8794,L8798,L8803,L881,L8812,L8816,L8823,L8835,L8837,L8840,L8864,L8865,L8872,L8874,L8875,L8876,L8880,L8882,L8883,L8884,L8885,L8888,L8890,L8893,L8925,L8935,L8937,L8938,L8945,L8946,L8952,L8976,L8983,L8984,L8999,L9,L90,L9010,L9011,L9012,L9020,L9026,L9031,L9034,L9040,L9045,L9046,L9050,L9057,L9058,L9063,L9065,L9069,L9071,L9072,L9073,L9076,L9078,L9079,L9082,L9093,L9099,L9101,L9110,L9111,L9112,L9118,L9119,L9140,L9172,L9186,L9204,L9206,L9214,L9216,L9219,L922,L9221,L9224,L9270,L9271,L9272,L9274,L9288,L9289,L9305,L9308,L9309,L9310,L9311,L9312,L9313,L9314,L9317,L9318,L9319,L9321,L9322,L9323,L9324,L9325,L9326,L9327,L9328,L9331,L9332,L9333,L9334,L9335,L9336,L9337,L9338,L9340,L9341,L9342,L935,L9354,L9359,L9364,L9366,L9389,L9425,L9427,L9433,L9437,L944,L9441,L9448,L946,L9466,L948,L9491,L9497,L9499,L9501,L9508,L9511,L952,L9531,L9556,L9559,L959,L9599,L9605,L9611,L9616,L9625,L963,L9632,L9644,L9648,L9671,L9676,L968,L9685,L9690,L9692,L9708,L971,L9711,L9719,L9725,L9726,L973,L9739,L974,L9740,L9741,L9746,L9751,L9759,L9763,L9766,L9769,L9778,L9785,L9786,L9789,L9792,L9795,L9799,L9802,L9812,L9824,L9825,L9847,L9874,L9884,L9885,L9888,L9889,L9890,L9895,L9899,L9905,L9908,L9909,L9916,L9920,L9926,L9933,L9934,L9937,L9943,L9946,L9953,L9956,L9959,L9960,L9963,L9981,L9983,L999,L9990,L9999;3_final_medial:L1877;3_final_ult:L10143,L1016,L10212,L1032,L1043,L1064,L1067,L1108,L1126,L1150,L1205,L1241,L1263,L1273,L1302,L1304,L1311,L1463,L1467,L1491,L1502,L1503,L1510,L1526,L1559,L1564,L1582,L1584,L1587,L1601,L1678,L1682,L1694,L1720,L1725,L1823,L1833,L1844,L188,L1939,L1952,L216,L2248,L2256,L2274,L2285,L2287,L2293,L2302,L2314,L2362,L2366,L237,L2373,L2397,L2424,L2429,L2437,L2438,L2461,L2481,L2532,L2536,L257,L2576,L2645,L2648,L2671,L269,L2720,L2725,L2734,L2738,L2742,L2745,L2752,L2765,L2767,L2768,L2773,L2792,L2833,L2834,L286,L2879,L2882,L2890,L2894,L2898,L2912,L2916,L2918,L2923,L2935,L2984,L3013,L3028,L3087,L3104,L3119,L3121,L3160,L3324,L3329,L3337,L3343,L3387,L3404,L3415,L3424,L3437,L3449,L3457,L3472,L3480,L3517,L3523,L3567,L3571,L3612,L3635,L3640,L3646,L3652,L3667,L3673,L3724,L3728,L3797,L3805,L3828,L3834,L3837,L3888,L3889,L3890,L3900,L3908,L3915,L3918,L3938,L3959,L3964,L3970,L3972,L3992,L3999,L4029,L4034,L4035,L4050,L4068,L410,L4120,L413,L4179,L4180,L4222,L4226,L4228,L4230,L4249,L4269,L427,L4276,L4304,L4306,L4334,L4338,L4374,L4382,L4388,L4394,L4397,L4399,L4400,L4405,L4410,L444,L4555,L4565,L4579,L4657,L4659,L4709,L4756,L4764,L4784,L4804,L4810,L4821,L4826,L4883,L4907,L4911,L493,L5064,L507,L5132,L5142,L5143,L5156,L5160,L5172,L5181,L5199,L5200,L5225,L5244,L5247,L5251,L5264,L5267,L5288,L530,L5350,L5371,L5374,L5418,L542,L5442,L5451,L5452,L5453,L5459,L5467,L5475,L5477,L5496,L5503,L5510,L5514,L5517,L5539,L5545,L5561,L5563,L5564,L5590,L5595,L5601,L5606,L5613,L5624,L5633,L5635,L5640,L5650,L5657,L5668,L5676,L5700,L5717,L5724,L5741,L5744,L5797,L5801,L5811,L5814,L5862,L5871,L5872,L5887,L5938,L5945,L5947,L5948,L5963,L6008,L606,L6152,L618,L6224,L6264,L6290,L6334,L640,L641,L6431,L6453,L6462,L6487,L6568,L6571,L6612,L6623,L6695,L6697,L6705,L6716,L6759,L6766,L6768,L6812,L6824,L6834,L6837,L6843,L6858,L6863,L6869,L6872,L689,L6894,L6898,L692,L6950,L6953,L6960,L6964,L6974,L6994,L7014,L7049,L7094,L7126,L7163,L7171,L7192,L7224,L7230,L7239,L7244,L7292,L7294,L7300,L7339,L7355,L7415,L7418,L7431,L7446,L7451,L7455,L747,L7476,L7488,L7492,L750,L7519,L7527,L7530,L7531,L7533,L7540,L756,L7637,L7638,L764,L7657,L766,L7711,L7725,L7728,L7752,L7766,L7774,L7792,L7800,L7816,L7820,L7848,L7850,L7865,L7870,L7871,L7873,L7879,L7882,L790,L7918,L7924,L7930,L7933,L7997,L7999,L8002,L8012,L8013,L8016,L8023,L8036,L8038,L8063,L8091,L8098,L8132,L8137,L8144,L8145,L8147,L8163,L8168,L8169,L8175,L8183,L8186,L8189,L8197,L822,L827,L829,L8292,L832,L8325,L8328,L8331,L8334,L837,L839,L842,L8444,L8453,L8459,L858,L8588,L8597,L8604,L8605,L8607,L8617,L8623,L8624,L8629,L8634,L864,L8640,L8644,L8649,L8665,L8671,L868,L8686,L8699,L8702,L8710,L8720,L8722,L8727,L8746,L8793,L8797,L8811,L8819,L8824,L8844,L8845,L8856,L8857,L8873,L8879,L888,L8881,L8887,L8889,L8892,L8894,L8895,L8897,L8901,L8910,L8917,L892,L8924,L8930,L8934,L894,L8962,L8969,L8977,L9002,L9006,L9029,L903,L9039,L9053,L908,L9088,L921,L923,L9276,L9300,L9301,L940,L9461,L9467,L9492,L9494,L9517,L9527,L9532,L9557,L9703,L980,L9833,L9845,L9848,L9865,L9866,L987,L9881,L9898,L9971,L9972,L9996;4_final_ult:L10209,L1066,L1073,L1080,L1204,L1227,L1254,L1262,L1460,L1478,L1479,L1482,L1531,L1532,L1714,L1845,L1929,L1953,L253,L2695,L2699,L2709,L2726,L2753,L2830,L2848,L2850,L2860,L2863,L2867,L2875,L2895,L3000,L3005,L3019,L3129,L3298,L3321,L3364,L3399,L3478,L3558,L3577,L3621,L3636,L3642,L3665,L3713,L3792,L3811,L3825,L3841,L3842,L3887,L3939,L3946,L4039,L4051,L4194,L4195,L4196,L4252,L4369,L4401,L4549,L4551,L4586,L4593,L4674,L4681,L470,L4807,L4982,L5121,L5138,L5147,L5175,L5183,L5195,L5321,L5438,L5448,L5455,L5464,L5480,L5481,L5486,L5492,L5500,L5507,L5511,L5515,L5524,L555,L5558,L5607,L5627,L5723,L5800,L5863,L630,L6402,L6463,L6465,L6470,L6471,L6613,L6701,L6770,L6866,L6890,L690,L6926,L6935,L6961,L6967,L6968,L6969,L6970,L703,L7161,L7172,L7175,L7179,L7187,L7231,L7251,L7269,L7298,L7299,L7617,L7633,L7676,L7677,L7697,L7701,L7704,L7709,L7722,L7738,L7744,L7746,L7749,L7756,L7762,L7788,L7793,L7798,L7812,L7835,L7840,L7846,L7849,L7862,L7866,L7875,L7881,L7892,L7896,L7900,L7904,L7910,L7913,L7914,L7919,L7923,L7929,L807,L8101,L8138,L815,L8181,L8194,L8447,L8535,L8573,L8580,L8589,L8600,L8660,L873,L8750,L8848,L8854,L8855,L8868,L8871,L8896,L8900,L8903,L8933,L9231,L9275,L9383,L9405,L9414,L9505,L9667,L9699,L975,L9829,L9856,L9859,L9967;5_final_ult:L1264,L1843,L2786,L2790,L3106,L7212,L7271,L7693,L7727,L7740,L7802,L7805,L7806,L7837,L7863,L7901,L7906,L8849,L8870,L8902,L9379,L9385,L9398,L9409,L9419
E11	ENDING	F11	t	1_final_medial;1_final_ult;2_final_medial;2_final_ult;3_final_medial;3_final_ult;4_final_ult;5_final_ult	MULTI_ROOT_SEG;SINGLE_ROOT_SEG	1_final_medial:L3160,L3161,L5814,L717,L9087,L9088,L9089;1_final_ult:L10106,L10107,L10109,L10112,L10114,L10115,L10116,L10117,L10118,L10120,L10122,L10138,L10144,L10146,L10152,L10156,L10159,L10163,L10164,L10165,L10166,L10170,L10171,L1471,L1481,L1958,L1959,L1964,L1969,L1971,L1975,L1976,L1977,L1978,L1979,L1983,L2013,L2016,L2023,L2024,L2025,L2026,L2027,L2028,L2029,L2030,L2032,L2034,L2036,L2039,L2044,L2048,L2050,L2054,L2056,L2057,L2059,L2061,L2136,L2142,L2145,L2149,L2151,L2155,L2157,L2158,L2160,L2162,L2189,L2198,L2199,L2200,L2202,L2214,L2219,L2221,L2222,L2227,L2232,L2235,L2238,L2924,L2925,L2926,L2927,L2928,L2929,L2930,L3116,L3125,L3127,L3131,L3132,L3133,L3136,L3137,L3139,L3140,L3145,L3148,L3150,L3159,L3166,L3168,L3173,L3180,L3184,L3189,L3192,L3195,L3199,L3202,L3205,L3268,L3269,L3271,L3276,L3282,L3285,L3529,L3530,L3531,L3532,L3533,L3535,L3537,L3538,L3936,L3947,L3949,L3952,L3957,L3962,L3966,L4014,L4016,L4024,L4054,L4058,L4060,L4162,L4171,L4205,L4210,L4235,L4236,L4238,L4258,L4262,L4312,L4341,L4346,L4348,L4353,L4357,L4358,L4363,L4366,L4622,L4624,L4625,L4626,L4627,L4628,L4630,L4635,L4636,L4718,L4720,L4722,L4723,L4725,L4727,L4728,L4729,L4731,L4732,L4734,L4736,L5424,L5783,L5786,L5813,L5830,L5834,L5838,L5844,L5845,L5850,L666,L673,L680,L7077,L7081,L7085,L7090,L7097,L7102,L7105,L7113,L7115,L7119,L7123,L7131,L7134,L714,L7140,L7143,L7149,L7153,L7159,L721,L730,L735,L7523,L7542,L7544,L7545,L7566,L7568,L757,L7570,L7573,L7585,L7589,L7592,L7594,L7597,L760,L7601,L7605,L7609,L7611,L770,L773,L7730,L7733,L784,L794,L8201,L8204,L8206,L8209,L8212,L8215,L8216,L8218,L8221,L8225,L8227,L8231,L8232,L8335,L8336,L8339,L8342,L8345,L8346,L8347,L8352,L8355,L8359,L8361,L8362,L8363,L8364,L8467,L8474,L8539,L8542,L8551,L8557,L8561,L9081,L9083,L9085,L9086,L9095,L9097,L9100,L9102,L9103,L9105,L9108,L9113,L9115,L9472,L9475,L9477,L9883,L9887,L997;2_final_medial:L2834,L6836,L8147,L8148,L8149,L8150;2_final_ult:L10001,L10002,L10006,L10008,L10015,L10149,L10181,L10183,L10195,L10200,L10207,L10213,L10218,L10219,L10221,L1034,L1036,L1100,L1121,L134,L138,L143,L1441,L1451,L1452,L1454,L1456,L1457,L1458,L1459,L1462,L1465,L1475,L1477,L1484,L1487,L1493,L150,L1501,L1506,L156,L1574,L1575,L1577,L1583,L1586,L1589,L159,L1617,L1618,L1619,L1621,L1633,L1636,L1638,L164,L168,L1692,L1717,L172,L1753,L176,L1774,L1777,L180,L185,L1930,L1934,L1966,L197,L1985,L201,L2015,L2020,L203,L208,L2140,L2144,L2148,L2150,L2154,L2156,L231,L256,L2580,L2647,L2667,L2670,L2693,L2698,L2700,L276,L2772,L2825,L2832,L2849,L2852,L2855,L2857,L2859,L2864,L2877,L2888,L2897,L2933,L2939,L2941,L2945,L3049,L3051,L3059,L3066,L3096,L3098,L3146,L3153,L3155,L3170,L3181,L3187,L3221,L3235,L3244,L3245,L3250,L3259,L3265,L3289,L3292,L3293,L3296,L3315,L3318,L3323,L3388,L3390,L3402,L3422,L3441,L3465,L3471,L3492,L3493,L3515,L3518,L3520,L3522,L3525,L3527,L3528,L3549,L3565,L3610,L3619,L3620,L3623,L3628,L3644,L3666,L3670,L3672,L3674,L3676,L3678,L3693,L3694,L3699,L3734,L3742,L3743,L3766,L3772,L3795,L3878,L3884,L3907,L3911,L3919,L3927,L3982,L3997,L4062,L4066,L4073,L4074,L4145,L4167,L4181,L4193,L4198,L4208,L4218,L4221,L4227,L4229,L4231,L4232,L4233,L4274,L4327,L4371,L4381,L4393,L4395,L4404,L4414,L4463,L4553,L4562,L4587,L4595,L4743,L4748,L4809,L4812,L4813,L4904,L4913,L4939,L4944,L4947,L4948,L4984,L5120,L5122,L5125,L5141,L5149,L5155,L5163,L5170,L5177,L5186,L5198,L5237,L5284,L5348,L538,L540,L5426,L5427,L5435,L5437,L5440,L5444,L5450,L5457,L5466,L5468,L5469,L5470,L5474,L548,L5488,L5495,L5499,L550,L5502,L5505,L5508,L5509,L5513,L5516,L5518,L5522,L553,L5560,L5571,L5678,L5687,L5691,L5693,L5697,L5705,L5706,L5708,L5711,L5713,L5716,L5719,L5721,L5860,L5865,L5869,L5878,L5882,L5885,L5889,L5891,L5892,L5898,L5943,L5967,L5994,L6310,L633,L6332,L639,L6398,L6400,L6401,L6403,L6422,L6452,L646,L647,L6485,L6656,L6657,L6703,L6711,L6714,L6727,L6738,L6740,L6753,L6758,L6772,L6774,L6775,L6793,L6808,L6818,L6833,L6856,L6868,L6878,L6880,L6897,L6901,L6906,L6929,L6947,L6949,L6955,L6959,L6963,L6965,L6966,L6972,L6976,L6977,L6978,L7162,L7165,L7166,L7168,L7170,L7174,L7181,L7307,L7315,L7316,L7332,L7351,L7433,L7434,L7439,L7440,L7445,L7449,L7452,L7454,L7457,L7470,L7495,L7501,L7506,L7507,L7513,L7515,L7655,L7966,L802,L804,L809,L8126,L8129,L8134,L8140,L8157,L8159,L8161,L8172,L8178,L8179,L819,L8192,L8199,L824,L8257,L8262,L8263,L8265,L8290,L8300,L8301,L8303,L8304,L8307,L8310,L8312,L8314,L8316,L8317,L8319,L8323,L8327,L8332,L8358,L8404,L8405,L8427,L844,L8450,L846,L848,L850,L8602,L863,L866,L867,L8684,L871,L8725,L8728,L875,L8792,L8796,L8828,L885,L8919,L896,L897,L8979,L8994,L8996,L9003,L9036,L9052,L9055,L9067,L9228,L939,L9455,L9464,L9468,L9474,L9515,L9525,L9572,L9579,L9581,L9669,L9701,L9706,L978,L9831,L9857,L9861,L9863,L9864,L9903,L9922,L9970,L9976,L9992,L9997;3_final_medial:L7813,L7816,L7817,L7818,L7819,L7820,L7848;3_final_ult:L10096,L10100,L1097,L1199,L1225,L1253,L1511,L1548,L1590,L2003,L2005,L2007,L2009,L2010,L2011,L2035,L2042,L2047,L2049,L2053,L2643,L2708,L2710,L2715,L2784,L2789,L2791,L2813,L2814,L2815,L2816,L2818,L2819,L3038,L3039,L3040,L3041,L3047,L3107,L3110,L3114,L3120,L3126,L3560,L3563,L3569,L3576,L3578,L3581,L3998,L4000,L4002,L403,L4040,L4052,L4059,L4161,L4173,L4251,L4286,L4680,L6464,L670,L702,L7528,L7541,L7551,L7554,L7556,L7560,L7561,L7563,L7564,L7582,L7692,L7696,L7700,L7714,L7717,L7719,L7721,L7737,L7742,L7748,L7753,L7787,L7810,L7830,L7833,L7842,L7844,L7860,L7864,L7874,L7880,L7885,L7890,L7903,L7908,L7921,L7927,L7936,L7937,L7952,L8100,L8408,L8409,L8571,L8574,L8582,L8584,L8622,L9092,L9381,L9403,L9412,L9420,L9827,L9839;4_final_ult:L7211,L8927;5_final_ult:L8847,L8851,L8862
E12	ENDING	F12	ties	1_final_medial;1_final_ult;2_final_medial;2_final_ult;3_final_ult;4_final_ult	MULTI_ROOT_SEG;SINGLE_ROOT_SEG	1_final_medial:L7126;1_final_ult:L10108,L10110,L10113,L10119,L10121,L10123,L10153,L10157,L10160,L2143,L2146,L2152,L2190,L2201,L2203,L2204,L2215,L2220,L2228,L2754,L2757,L2760,L2762,L2763,L3128,L3134,L3534,L3536,L4025,L4055,L4056,L4061,L4313,L4342,L4349,L4354,L4359,L4364,L4623,L4629,L4631,L4719,L4721,L4724,L4726,L4730,L4735,L4737,L4757,L5784,L5831,L5842,L7078,L7082,L7091,L7098,L7103,L7106,L7114,L7120,L7125,L7136,L7150,L7160,L731,L7543,L7567,L7569,L7571,L7590,L7595,L7598,L7602,L7606,L761,L7610,L7612,L7684,L8202,L8210,L8219,L8343,L9084,L9090,L9096,L9098,L9104,L9106,L9107,L9109,L9114,L9116,L998;2_final_medial:L5260,L5261,L5262,L5263,L5264;2_final_ult:L10194,L10198,L10199,L10201,L10208,L10214,L1122,L135,L139,L144,L1446,L1448,L1449,L1453,L1455,L1485,L1488,L151,L157,L160,L165,L169,L1695,L1699,L1721,L173,L177,L181,L1825,L186,L1935,L1954,L1956,L198,L1986,L202,L206,L2141,L258,L2581,L2632,L2649,L2771,L2826,L2865,L2878,L2934,L2940,L2946,L3050,L3052,L3054,L3057,L3058,L3060,L3061,L3062,L3063,L3156,L3171,L3182,L3188,L3326,L3333,L3389,L3391,L3393,L3394,L3395,L3405,L3466,L3516,L3526,L3624,L3629,L3645,L3668,L3671,L3675,L3677,L3798,L3885,L4328,L4378,L4406,L4464,L4588,L4744,L4905,L4912,L4928,L4985,L5126,L5128,L5144,L5150,L5157,L5165,L5174,L5178,L5180,L5191,L5201,L5259,L5290,L5309,L5323,L5336,L5353,L5356,L5380,L5394,L5409,L5429,L5445,L5461,L5476,L5506,L5519,L5572,L5692,L5694,L5698,L5707,L5709,L5712,L5720,L5722,L5866,L5879,L5890,L5899,L5968,L5993,L634,L6399,L6404,L6423,L6436,L6486,L6658,L6687,L6728,L6794,L6809,L6820,L6835,L6859,L6870,L6907,L6951,L6975,L7164,L7334,L7342,L7348,L7352,L7450,L7456,L7986,L8130,L8158,L8164,L8180,L8193,L8294,L8302,L8305,L8311,L8313,L8315,L8320,L8326,L8333,L8428,L8445,L8452,L8603,L8687,L8726,L8995,L8997,L9001,L9005,L9519,L9582,L979,L9923,L9965,L9973,L9977,L9995;3_final_ult:L10097,L10101,L10105,L1094,L2006,L2008,L2716,L2730,L2817,L3115,L3123,L3130,L3135,L3138,L4670,L4676,L4677,L4683,L4684,L4686,L4688,L4690,L4697,L671,L704,L7583,L763,L7705,L7739,L7751,L7814,L7831,L7836,L7847,L7886,L7893,L7911,L7922,L9230,L9406,L9407,L9415;4_final_ult:L8928
E13	ENDING	F13	u	1_final_medial;1_final_ult;2_final_medial;2_final_ult;3_final_ult;4_final_ult	MULTI_ROOT_SEG;SINGLE_ROOT_SEG	1_final_medial:L10176,L1360,L1396,L1705,L1827,L1849,L1853,L1854,L1855,L1856,L1857,L1858,L1869,L1940,L1943,L1944,L2106,L2128,L2246,L2593,L2594,L280,L281,L282,L283,L284,L285,L286,L287,L288,L3483,L3485,L3488,L3489,L3503,L3648,L3649,L3650,L3651,L3652,L3653,L3654,L3655,L3656,L3657,L3658,L3660,L3661,L3662,L3871,L3893,L3894,L3990,L4075,L4076,L4077,L4643,L4786,L4787,L4788,L4790,L4792,L4935,L4936,L5037,L5038,L5047,L5382,L5389,L5666,L6271,L6272,L6273,L6389,L6849,L6850,L7273,L8273,L8296,L8297,L8298,L911,L912,L913,L914,L915,L916,L917,L918,L919,L920,L9453,L9633,L9634,L988;1_final_ult:L10053,L10076,L10078,L10080,L10085,L10087,L10088,L10092,L10093,L1039,L1046,L1050,L1561,L1562,L1565,L1567,L1656,L1667,L1709,L1830,L1863,L1864,L1865,L1887,L1891,L1893,L2269,L2298,L2316,L2331,L2351,L2355,L2368,L2374,L2376,L2384,L2386,L2388,L2401,L2405,L2407,L2430,L2435,L2442,L2449,L2453,L2454,L2455,L2459,L2462,L2463,L2464,L2467,L2468,L2475,L2477,L2492,L2503,L2508,L2522,L2524,L2526,L2527,L2539,L2545,L2557,L2561,L2685,L2844,L294,L295,L300,L305,L3092,L310,L316,L326,L334,L338,L3419,L345,L3453,L353,L355,L357,L373,L381,L4433,L4435,L4441,L4445,L4450,L4451,L4454,L4456,L4462,L4470,L4472,L4474,L4476,L4486,L4490,L4494,L4495,L4498,L4499,L4502,L4505,L4509,L4513,L4515,L4768,L4794,L4797,L5065,L5103,L5107,L5109,L5115,L531,L534,L551,L552,L5533,L5535,L5536,L554,L5541,L5547,L5548,L5549,L5550,L5554,L5556,L5557,L556,L5562,L5566,L5567,L5568,L557,L5570,L558,L5580,L5582,L5588,L5589,L5592,L5594,L5597,L5598,L5600,L5603,L5609,L5610,L5616,L5617,L5619,L5625,L5629,L563,L5631,L5637,L564,L5641,L5646,L5647,L5654,L566,L5660,L5662,L5663,L5670,L5672,L5679,L5683,L5685,L572,L575,L580,L591,L593,L5992,L6000,L6003,L6015,L6022,L6026,L6040,L6049,L6051,L6059,L6068,L6076,L6082,L6085,L6086,L6092,L6101,L611,L6112,L6119,L6128,L6129,L613,L6132,L6134,L6135,L6139,L614,L6147,L615,L616,L617,L6244,L6250,L6256,L6291,L6315,L6342,L6372,L6826,L6913,L6915,L6916,L6917,L6918,L6919,L7425,L7487,L8093,L8493,L8817,L9008,L9134,L9358,L9436,L954,L9602,L9673,L9761,L9765,L9788,L9791,L9794,L9800,L983,L9879,L9901,L9915,L9917,L9929,L9935,L9940,L9941,L9944,L9947,L9948,L9957;2_final_medial:L2589,L2639,L5039,L5737,L705,L706,L8102,L8103,L8104;2_final_ult:L2249,L2261,L2262,L2268,L2317,L2404,L2421,L2450,L2484,L2489,L2546,L2547,L4444,L4446,L4473,L4496,L4503,L4514,L4793,L5377,L5534,L5537,L5565,L5581,L5583,L5591,L5596,L5602,L5608,L5611,L5614,L5628,L5651,L5658,L5659,L5669,L5681,L5686,L597,L598,L6009,L6028,L6126,L6146,L7144,L720,L725,L748,L753,L797,L8562,L8907,L9339,L945;3_final_ult:L5644,L6144,L8581,L8583;4_final_ult:L2423,L2559,L5540,L7757,L7931
E14	ENDING	F14	us	1_final_medial;1_final_ult;2_final_ult	MULTI_ROOT_SEG;SINGLE_ROOT_SEG	1_final_medial:L1050,L4716,L5111,L5432,L7504,L8446,L9318,L9617;1_final_ult:L1303,L2517,L3682,L3859,L6168,L6178,L6240,L7323,L7956,L9184,L9705;2_final_ult:L7679
E15	ENDING	F15	ā	1_final_medial;1_final_ult	MULTI_ROOT_SEG;SINGLE_ROOT_SEG	1_final_medial:L9461,L9674;1_final_ult:L1627,L9444,L9871
E16	ENDING	F16	ām	1_final_medial	MULTI_ROOT_SEG	1_final_medial:L9461
E17	ENDING	F17	ās	1_final_medial;2_final_ult;3_final_ult;4_final_ult	MULTI_ROOT_SEG;SINGLE_ROOT_SEG	1_final_medial:L3178,L3933;2_final_ult:L10103,L2134,L2188,L2213,L2218,L2226,L4023,L4340,L5782,L5829,L5841,L7080,L7089,L7101,L7118,L7122,L7133,L7146,L7148,L7158,L729,L7593,L7600,L7604,L8208,L8223,L9125,L9128,L9129,L996;3_final_ult:L1120,L1176,L1257,L133,L137,L142,L1445,L155,L163,L167,L1691,L1702,L171,L1716,L184,L196,L205,L207,L2139,L2266,L2315,L255,L2579,L2631,L2697,L2770,L2824,L2876,L3053,L3332,L3401,L3475,L3524,L3627,L3643,L3664,L3794,L4377,L4380,L4403,L4927,L4983,L502,L5124,L5140,L5154,L5179,L5185,L5190,L5197,L5258,L5289,L5322,L5335,L5352,L5363,L5393,L5696,L5966,L632,L6484,L6655,L6807,L6817,L6905,L7333,L7341,L7350,L7448,L8128,L8156,L8160,L8191,L8289,L8309,L8443,L8449,L8536,L8601,L8680,L8683,L8724,L977,L9969;4_final_ult:L10095,L1096,L2714,L2729,L3122,L4673,L4679,L4685,L4687,L669,L762,L7699,L7716,L7750,L776,L7832,L9229,L9411
E18	ENDING	F18	īm	1_final_medial	MULTI_ROOT_SEG	1_final_medial:L270,L271,L272,L273
E19	ENDING	F19	š	1_final_ult;2_final_ult;3_final_medial;3_final_ult;4_final_ult;6_final_ult	MULTI_ROOT_SEG;SINGLE_ROOT_SEG	1_final_ult:L1029,L1158,L1536,L1631,L2278,L2326,L2552,L28,L3338,L3755,L4010,L4259,L4425,L4427,L6246,L637,L6528,L6529,L6610,L6619,L7482,L7491,L7763,L8424,L8433,L8454,L8501,L9159,L9449,L9495,L9949,L9952,L9961,L9962,L9964,L9966,L9974,L9975,L9979;2_final_ult:L10059,L10060,L10090,L10216,L10217,L1104,L1105,L1155,L1213,L1349,L1405,L1669,L1670,L1672,L1838,L1853,L1860,L1878,L1882,L2094,L2095,L2113,L2169,L2583,L2982,L3383,L3482,L3504,L3505,L4004,L4877,L4879,L4898,L4909,L5001,L5002,L5014,L5016,L5020,L5028,L5035,L516,L523,L5240,L5385,L5420,L5762,L6456,L6457,L6473,L6489,L6501,L6678,L6706,L6800,L7197,L7335,L7577,L7586,L7825,L7954,L812,L8285,L8286,L830,L8383,L9132,L9133,L9135,L9136,L9185,L9431,L9488,L9522,L9528,L9637,L9645,L9654,L9658,L9664,L9695,L9841,L9842,L9853;3_final_medial:L10014;3_final_ult:L10012,L10014,L10148,L14,L15,L1534,L1671,L26,L27,L32,L3351,L3543,L3634,L37,L4027,L4250,L43,L4344,L4671,L4689,L4805,L4964,L4972,L5008,L6990,L6995,L718,L7581,L7616,L8437,L9285,L9286,L9397,L9447,L9643;4_final_ult:L3108,L7796,L7869;6_final_ult:L7905
P1	PREFIX	F20	a	1_init_ult	MULTI_ROOT_SEG;SINGLE_ROOT_SEG	1_init_ult:L421,L6567,L6568,L6569,L7949,L7971,L7972,L8844
P2	PREFIX	F21	aiz	1_init_medial;1_init_ult;1_noninit_medial	MULTI_ROOT_SEG;SINGLE_ROOT_SEG	1_init_medial:L2058,L2248,L2249,L2905,L5841,L5842,L693,L7018,L7020,L7021,L7028,L7067,L7145,L8229,L8495;1_init_ult:L10106,L10144,L132,L133,L134,L135,L179,L1957,L1958,L2012,L2013,L2034,L2707,L2708,L2709,L2784,L2874,L2875,L2876,L2877,L2878,L2879,L2880,L2881,L2882,L2883,L2884,L2885,L2912,L2924,L3057,L3144,L3145,L3209,L3268,L3529,L3766,L3767,L4062,L4294,L4549,L4670,L4700,L4718,L4719,L5048,L5120,L538,L5425,L5426,L5427,L5428,L5429,L5430,L5781,L5782,L5783,L5784,L5858,L5859,L5860,L665,L666,L667,L6689,L6806,L6807,L6808,L6809,L6810,L6811,L6812,L6813,L6947,L6979,L6980,L6981,L7076,L7077,L7078,L7370,L7566,L7567,L7737,L7738,L7739,L801,L802,L8126,L8200,L8201,L8202,L8233,L8307,L8316,L8335;1_noninit_medial:L8514
P1	PREFIX	F22	an	1_init_medial;1_init_ult	MULTI_ROOT_SEG	1_init_medial:L1911;1_init_ult:L1906,L1907,L1908,L1909
P3	PREFIX	F23	ap	1_init_medial;1_init_ult;1_noninit_ult	MULTI_ROOT_SEG;SINGLE_ROOT_SEG	1_init_medial:L1054,L1140,L1478,L1479,L1480,L2255,L2972,L3777,L3778,L3892,L3900,L3903,L4398,L458,L5847,L6831,L694,L7186,L7187,L751,L762,L763,L7753,L776,L7849,L7866,L7914,L877,L9110,L9385;1_init_ult:L10146,L10207,L10208,L10219,L1451,L1460,L1461,L1462,L1463,L1481,L180,L181,L1825,L1929,L1930,L2003,L2014,L2015,L2016,L2035,L2036,L3146,L3147,L3148,L3319,L3320,L3321,L3322,L3323,L3324,L3325,L3621,L3622,L3623,L3624,L3670,L3671,L3693,L3694,L3770,L3771,L3772,L4013,L4014,L4311,L4312,L4313,L4314,L4368,L4369,L4370,L4371,L4372,L4373,L4374,L4551,L4552,L4553,L4554,L4555,L4556,L4557,L4701,L4702,L4720,L4721,L4913,L5122,L539,L540,L541,L542,L5433,L5434,L5435,L5436,L5437,L5691,L5692,L5785,L5786,L5787,L5788,L5861,L5862,L5863,L5864,L5865,L5866,L668,L669,L670,L671,L672,L673,L674,L6815,L6816,L6817,L6818,L6819,L6820,L6821,L6822,L6823,L6824,L6825,L6948,L6949,L6950,L6951,L6952,L6953,L7470,L7523,L7551,L7568,L7569,L7692,L7731,L7740,L7741,L7742,L7743,L7744,L7745,L7746,L803,L804,L805,L8127,L8128,L8129,L8130,L8131,L8132,L8203,L8204,L8234,L8336,L8352,L9009,L9010,L9081,L9082,L9121,L9377,L9378,L9379,L9380,L9381,L9382,L9383,L9667,L9668,L9669,L9831,L9832,L9833;1_noninit_ult:L1474,L1475,L2051,L3666,L3667,L6874,L6875,L6876,L7874,L7875,L7899,L7900
P4	PREFIX	F24	at	1_init_medial;1_init_ult;1_noninit_ult;2_init_ult	MULTI_ROOT_SEG;SINGLE_ROOT_SEG	1_init_medial:L1056,L1141,L1142,L2257,L2258,L2259,L2260,L2261,L2262,L2263,L2264,L2265,L2266,L2267,L2268,L240,L2899,L2900,L2903,L2904,L2906,L2907,L2908,L3475,L3663,L3664,L3779,L4244,L6443,L7054,L7064,L7188,L7189,L7190,L7191,L8365,L8498,L8499,L8750;1_init_ult:L10102,L10103,L10107,L10108,L10124,L136,L137,L138,L139,L1959,L1980,L2017,L2037,L2038,L2039,L2040,L2136,L2823,L2824,L2825,L2826,L2827,L2886,L2887,L2888,L2889,L2890,L2891,L2892,L2893,L2894,L2913,L2914,L2915,L2916,L2917,L2918,L2925,L3113,L3114,L3115,L3116,L3149,L3150,L3210,L3211,L3288,L3397,L3398,L3399,L3400,L3401,L3402,L3403,L3404,L3405,L3406,L3530,L3625,L3626,L3627,L3628,L3629,L4015,L4016,L4375,L4376,L4377,L4378,L4722,L5123,L5124,L5125,L5126,L5127,L5206,L5438,L5439,L5440,L5441,L5442,L5443,L5444,L5445,L549,L550,L5693,L5694,L675,L676,L677,L678,L679,L680,L6954,L6955,L6983,L6984,L6985,L6986,L7079,L7080,L7081,L7082,L7178,L7372,L7570,L7571,L7747,L7748,L7749,L7750,L7751,L7752,L806,L807,L808,L809,L810,L811,L812,L8133,L8134,L8205,L8206,L8308,L8309,L8310,L8311,L8318,L8319,L8320,L8353,L8354,L8355,L8372,L8466,L8467,L9083,L9084,L9454,L9455;1_noninit_ult:L2909,L2920,L2921,L2922,L2923,L5495;2_init_ult:L3151,L3212,L3213,L7083,L7084,L7085
P5	PREFIX	F25	da	1_init_ult;1_noninit_ult	SINGLE_ROOT_SEG	1_init_ult:L7572,L7573,L9085;1_noninit_ult:L9100,L9101
P6	PREFIX	F26	de	1_init_ult	SINGLE_ROOT_SEG	1_init_ult:L8846,L8847
P7	PREFIX	F27	eks	1_init_ult	SINGLE_ROOT_SEG	1_init_ult:L7361,L8606
P8	PREFIX	F28	ie	1_init_medial;1_init_ult;1_noninit_ult	MULTI_ROOT_SEG;SINGLE_ROOT_SEG	1_init_medial:L1033,L1034,L1183,L2350,L2351,L2352,L241,L2985,L3176,L4384,L4399,L4409,L470,L5050,L5121,L5234,L5235,L5332,L5333,L5334,L5335,L5336,L5396,L5399,L5848,L6883,L7005,L7202,L7203,L7756,L7895,L7896,L7912,L7913,L7923,L9520;1_init_ult:L10015,L10099,L10112,L10113,L10156,L10157,L10158,L10198,L1454,L1455,L154,L155,L156,L157,L1969,L2024,L2047,L2048,L2144,L2145,L2146,L2147,L2692,L2693,L2794,L2814,L2849,L2901,L2902,L2919,L2927,L3026,L3058,L3127,L3128,L3167,L3168,L3169,L3229,L3230,L3231,L3232,L3271,L3272,L3290,L3518,L3532,L3540,L3619,L3876,L3877,L3878,L3879,L3880,L4073,L4145,L4346,L4391,L4392,L4393,L4394,L4610,L4611,L4612,L4624,L4677,L4714,L4725,L4726,L4746,L4747,L4748,L4904,L4905,L5069,L5070,L5147,L5148,L5149,L5150,L5282,L5283,L5284,L5285,L5286,L5287,L5288,L5289,L5290,L5292,L5468,L5469,L5704,L5705,L5827,L5828,L5829,L5830,L5831,L5832,L5876,L5877,L5878,L5879,L6714,L6715,L6855,L6856,L6857,L6858,L6859,L6860,L6861,L6862,L6863,L6965,L6966,L7003,L7096,L7097,L7098,L7099,L7165,L7276,L728,L729,L730,L731,L7341,L7342,L7385,L7386,L7499,L7500,L7501,L7544,L7588,L7589,L7590,L7641,L7642,L7643,L7644,L7828,L7829,L7830,L7831,L7832,L7833,L7834,L7835,L7836,L8155,L8156,L8157,L8158,L8159,L8211,L8212,L8213,L843,L844,L8443,L8444,L8445,L845,L846,L8463,L8539,L8540,L8541,L9051,L9052,L9053,L9095,L9096,L9407,L9706,L9958,L9959,L9995;1_noninit_ult:L2928,L4616,L4617,L4618,L5342
P9	PREFIX	F29	iz	1_init_medial;1_init_ult;1_noninit_ult;2_init_ult	MULTI_ROOT_SEG;SINGLE_ROOT_SEG	1_init_medial:L1069,L1191,L207,L2354,L2355,L2356,L2357,L3427,L3810,L3811,L3889,L4350,L4356,L4361,L471,L472,L6872,L6894,L6986,L6987,L6998,L7001,L7002,L7024,L7031,L7043,L7051,L7059,L7062,L7063,L7066,L7068,L7071,L7095,L7107,L7129,L7130,L7131,L7209,L7213,L7608,L765,L8366,L8508,L9112;1_init_ult:L10100,L10101,L10114,L10130,L10159,L10160,L10199,L1448,L1456,L1487,L1488,L1573,L1574,L1575,L1576,L1577,L158,L159,L160,L1618,L1633,L1699,L1777,L195,L196,L197,L1970,L1971,L198,L2007,L2008,L2025,L2049,L2050,L2135,L2148,L2149,L2198,L2217,L2218,L2219,L2220,L2743,L2756,L2757,L2783,L2851,L2852,L3051,L3052,L3059,L3060,L3129,L3130,L3131,L3170,L3171,L3172,L3173,L3174,L3175,L3233,L3234,L3235,L3388,L3389,L3390,L3391,L3392,L3465,L3466,L3519,L3520,L3533,L3534,L3882,L3883,L3884,L3885,L3947,L3975,L3976,L4052,L4074,L4347,L4348,L4349,L4625,L4662,L4678,L4679,L4680,L4681,L4682,L4683,L4715,L4727,L4749,L4750,L4751,L4752,L4939,L5151,L5152,L5153,L5154,L5155,L5156,L5157,L5295,L5296,L5470,L5471,L5472,L5473,L5474,L5475,L5476,L5687,L5706,L5707,L5833,L5834,L5835,L5881,L5882,L5900,L6268,L6404,L6410,L6424,L6738,L6774,L6865,L6866,L6867,L6868,L6869,L6870,L6871,L7004,L7005,L7006,L7007,L7008,L7009,L7010,L7011,L7012,L7013,L7014,L7015,L7016,L7017,L7100,L7101,L7102,L7103,L7277,L7316,L732,L733,L734,L735,L736,L7435,L7436,L7591,L7592,L7713,L7714,L7715,L7716,L7717,L7841,L7842,L7843,L7844,L7845,L7846,L7847,L7848,L8160,L8161,L8162,L8163,L8164,L8214,L8215,L8250,L8251,L8262,L8314,L8342,L8343,L8361,L8374,L847,L848,L849,L850,L8542,L8543,L8544,L9054,L9055,L9097,L9098,L9099,L9125,L9408,L9409,L9410,L9411,L9412,L9413,L9414,L9415,L9474,L9475,L9858,L9859,L9860,L9861,L9996,L9997;1_noninit_ult:L1972,L1973,L1974,L1975,L3180,L3242,L3535,L5497,L5498,L7032,L7033,L7034,L7035,L7114,L7139,L7140,L8345;2_init_ult:L7104,L7105,L7106
P10	PREFIX	F30	jā	1_init_ult	SINGLE_ROOT_SEG	1_init_ult:L3948
P11	PREFIX	F31	ko	1_init_medial;1_init_ult	MULTI_ROOT_SEG;SINGLE_ROOT_SEG	1_init_medial:L8018;1_init_ult:L8707
P12	PREFIX	F32	ne	1_init_medial;1_init_ult;1_noninit_ult;2_init_medial;2_init_ult	MULTI_ROOT_SEG;SINGLE_ROOT_SEG	1_init_medial:L4265,L4289,L4290,L5250,L5251,L6836,L766,L7816,L9478;1_init_ult:L10200,L1583,L1584,L1585,L1731,L1945,L1946,L1947,L1948,L1949,L1950,L1951,L1952,L1953,L1983,L201,L2179,L2199,L2221,L2242,L2243,L2244,L2758,L2853,L3132,L3318,L3393,L3468,L3469,L3470,L3491,L3546,L3954,L3955,L3956,L3957,L3958,L3959,L3960,L3973,L3974,L4266,L4267,L4268,L4269,L4270,L4271,L4272,L4273,L4274,L4275,L4276,L4395,L4396,L4397,L4627,L4644,L4975,L5031,L5166,L5167,L5168,L5169,L5170,L5171,L5172,L5339,L5340,L5341,L5344,L5345,L5496,L5689,L5690,L6301,L6302,L6303,L6401,L646,L6504,L6581,L659,L6657,L7113,L7166,L7293,L7294,L7346,L7347,L7363,L7400,L754,L755,L7550,L756,L7645,L7646,L7718,L7719,L7876,L7877,L7878,L7879,L8079,L8344,L8362,L8579,L863,L864,L8776,L8889,L8953,L9102,L9127,L9476,L9571,L9963,L9964,L9998,L9999;1_noninit_ult:L5509;2_init_medial:L8514;2_init_ult:L1972,L1973,L1974,L1975,L2051,L2222,L2223,L2224,L2626,L2627,L2909,L2920,L2921,L2922,L2923,L2928,L3180,L3242,L3274,L3535,L3666,L3667,L4616,L4617,L4618,L4619,L4620,L4621,L4628,L4645,L4646,L4647,L5173,L5174,L5342,L5343,L5495,L5497,L5498,L5887,L6420,L6421,L6874,L6875,L6876,L6877,L7032,L7033,L7034,L7035,L7036,L7114,L7115,L7176,L7874,L7875,L7880,L7881,L7882,L8216,L8345,L9100,L9101,L9572
P13	PREFIX	F33	no	1_init_medial;1_init_ult;1_noninit_ult	MULTI_ROOT_SEG;SINGLE_ROOT_SEG	1_init_medial:L10169,L1256,L2421,L2422,L2423,L2424,L3000,L3001,L3002,L3838,L3839,L4733,L5051,L5061,L5087,L5102,L5103,L5104,L5362,L5363,L5367,L5373,L5374,L5378,L5408,L5481,L5515,L5516,L5603,L5604,L5605,L5606,L5607,L5608,L7052,L7083,L7086,L7144,L7152,L7153,L7154,L7229,L8517,L8518,L8519;1_init_ult:L10000,L10001,L10115,L10163,L1457,L1586,L1619,L162,L163,L1636,L1637,L164,L165,L1954,L1976,L1984,L1985,L1986,L2009,L2026,L2052,L2053,L2054,L2150,L2151,L2152,L2153,L2200,L2201,L2225,L2226,L2227,L2228,L2229,L2230,L2759,L2760,L2815,L2854,L2855,L2939,L2940,L3038,L3040,L3041,L3047,L3061,L3133,L3134,L3181,L3182,L3183,L3184,L3185,L3186,L3243,L3244,L3275,L3276,L3277,L3292,L3394,L3492,L3521,L3522,L3523,L3536,L3563,L3581,L3620,L3668,L3674,L3675,L3734,L4002,L4012,L402,L4054,L4055,L4277,L4278,L4279,L4586,L4587,L4588,L4589,L4629,L4684,L4717,L4728,L4812,L4944,L5081,L5082,L5083,L5175,L5176,L5177,L5178,L5346,L5347,L5348,L5349,L5350,L5351,L5352,L5353,L5499,L5500,L5501,L5502,L5503,L553,L5708,L5709,L5837,L5838,L5839,L5888,L5889,L6400,L647,L6878,L6879,L7037,L7038,L7039,L7040,L7041,L7042,L7116,L7117,L7118,L7119,L7120,L7167,L7168,L7440,L7506,L7507,L7558,L7559,L7560,L757,L7593,L7594,L7595,L7883,L7884,L7885,L7886,L8171,L8172,L8217,L8218,L8219,L8263,L8299,L8300,L8346,L8363,L9103,L9104,L9578,L9579,L9580,L9581,L9582,L9965;1_noninit_ult:L5343,L9572
P14	PREFIX	F34	pa	1_init_medial;1_init_ult;1_noninit_ult;2_init_ult	MULTI_ROOT_SEG;SINGLE_ROOT_SEG	1_init_medial:L1259,L2237,L2425,L2426,L2427,L2428,L2429,L2430,L2431,L2432,L2433,L2434,L2435,L3004,L3005,L3006,L3358,L3841,L4771,L5610,L6488,L6491,L6492,L6814,L6853,L6854,L6871,L6902,L6903,L6909,L6915,L6916,L6917,L6918,L6919,L6997,L7065,L7231,L8047,L853,L8576,L9494,L9495,L953,L954;1_init_ult:L10002,L10104,L10116,L10164,L1449,L1458,L1589,L1590,L1638,L1639,L1886,L1977,L202,L2027,L2055,L2056,L2154,L2155,L2231,L2232,L2233,L2234,L253,L254,L255,L256,L257,L258,L2628,L2694,L2744,L2745,L2816,L2817,L2941,L2958,L3062,L3101,L3135,L3136,L3187,L3188,L3189,L3190,L3245,L3293,L3395,L3471,L3472,L3473,L3474,L3493,L3524,L3525,L3526,L3676,L3677,L3902,L3903,L3904,L3961,L3962,L3963,L4056,L4280,L4353,L4354,L4543,L4544,L4590,L4602,L4630,L4631,L4632,L4633,L4634,L4663,L4685,L4686,L4697,L4729,L4730,L4813,L4976,L4977,L5032,L5033,L5084,L5085,L5086,L5087,L5088,L5089,L5179,L5180,L5181,L5356,L5357,L5358,L5359,L5360,L5361,L5362,L5363,L5364,L5365,L5366,L5367,L5368,L5369,L5504,L5505,L5506,L5507,L5508,L5710,L5711,L5712,L5840,L6307,L6308,L6309,L6310,L6311,L6312,L6513,L6514,L6515,L6516,L6687,L6719,L6720,L6739,L6740,L6880,L6881,L6882,L6883,L6884,L6885,L6886,L6887,L6888,L6889,L6890,L6891,L6892,L6893,L6911,L6912,L6913,L6914,L6968,L6969,L7044,L7045,L7046,L7047,L7048,L7049,L7050,L7051,L7052,L7053,L7121,L7122,L7123,L7124,L7125,L7126,L7127,L7128,L7284,L7285,L7348,L7402,L7403,L7513,L7561,L7562,L7563,L758,L7596,L7597,L7598,L760,L761,L7647,L7887,L7888,L7889,L7890,L7891,L7892,L7893,L7894,L7895,L7896,L7897,L7898,L8113,L8178,L8220,L8221,L8222,L8223,L8252,L8264,L8265,L8301,L8302,L8315,L8332,L8333,L8347,L8364,L8405,L8447,L8448,L8449,L8450,L8451,L8452,L8453,L8454,L8549,L8592,L8593,L865,L866,L867,L8906,L8954,L8955,L8990,L9065,L9066,L9067,L9068,L9069,L9105,L9106,L9328,L9419,L9420,L9452,L9477,L9589,L975,L976,L977,L978,L979,L980,L981,L9863,L9967,L9968,L9969,L9970,L9971,L9972,L9973,L9974;1_noninit_ult:L2222,L2223,L2224,L3151,L3212,L3213,L4619,L4620,L4621,L7036,L7083,L8216;2_init_ult:L5509
P15	PREFIX	F35	peri	1_init_ult	SINGLE_ROOT_SEG	1_init_ult:L8914
P16	PREFIX	F36	pie	1_init_medial;1_init_ult;1_noninit_ult	MULTI_ROOT_SEG;SINGLE_ROOT_SEG	1_init_medial:L1264,L1265,L1719,L2448,L2449,L2450,L2451,L3442,L3443,L3842,L485,L5164,L5165,L6967,L6968,L6969,L7029,L7175,L8048,L8269,L8271,L8272,L8524,L8546,L8547,L8566,L9496,L9936;1_init_ult:L10118,L10119,L10137,L10166,L10182,L10183,L166,L167,L168,L169,L2010,L2029,L2057,L2235,L2631,L2632,L2818,L2858,L2859,L2910,L2911,L2929,L3194,L3195,L3196,L3249,L3250,L3527,L3910,L3911,L3912,L4057,L4058,L4281,L4358,L4359,L4636,L4732,L4946,L4947,L5187,L5188,L5189,L5190,L5191,L5375,L5376,L5714,L5715,L5716,L5845,L5846,L5892,L5893,L5894,L6418,L6419,L6422,L6423,L6900,L6901,L6970,L6971,L6972,L6973,L6974,L6975,L7058,L7142,L7143,L7171,L7172,L7173,L7174,L7286,L7564,L7604,L7605,L7606,L7648,L772,L773,L774,L775,L7904,L7905,L7906,L7907,L7908,L7909,L7910,L7911,L8181,L8226,L8227,L8228,L8254,L8255,L8270,L8304,L8305,L8554,L8555,L8556,L8557,L8582,L873,L874,L875,L9108,L9109,L9129,L9864,L9865;1_noninit_ult:L4628,L4645,L4646,L4647,L5173,L5174,L6420,L6421,L7115,L7176,L7880,L7881
P17	PREFIX	F37	poli	1_init_ult	SINGLE_ROOT_SEG	1_init_ult:L6574
P18	PREFIX	F38	post	1_init_ult	SINGLE_ROOT_SEG	1_init_ult:L8915
P19	PREFIX	F39	pre	1_init_ult	SINGLE_ROOT_SEG	1_init_ult:L8083,L8803,L8804,L8916
P20	PREFIX	F40	pro	1_init_ult	SINGLE_ROOT_SEG	1_init_ult:L8084,L8085,L8917
P21	PREFIX	F41	pār	1_init_medial;1_init_ult;1_noninit_ult;2_init_ult	MULTI_ROOT_SEG;SINGLE_ROOT_SEG	1_init_medial:L1262,L1263,L244,L245,L246,L6660,L7099,L7128,L7141,L7155,L7156,L7863,L7864;1_init_ult:L10117,L10165,L1476,L1477,L1732,L1733,L1734,L1978,L1987,L2028,L2629,L2761,L2762,L2856,L2857,L3063,L3137,L3191,L3192,L3193,L3247,L3248,L3537,L3678,L3905,L3906,L3907,L3908,L4357,L4591,L4635,L4731,L4907,L5182,L5183,L5184,L5185,L5186,L5713,L5843,L5844,L5891,L6775,L6895,L6896,L6897,L6898,L6899,L7055,L7056,L7057,L7132,L7133,L7134,L7135,L7136,L7137,L7138,L7169,L7170,L7599,L7600,L7601,L7602,L768,L769,L770,L7901,L7902,L7903,L8179,L8180,L8224,L8225,L8303,L8550,L8551,L8552,L8580,L870,L871,L872,L9107,L9128;1_noninit_ult:L6877,L7084,L7085,L7104,L7105,L7106;2_init_ult:L1474,L1475,L7139,L7140,L7899,L7900
P22	PREFIX	F42	pī	2_init_ult	SINGLE_ROOT_SEG	2_init_ult:L7649
P23	PREFIX	F43	re	1_init_medial;1_init_ult	MULTI_ROOT_SEG;SINGLE_ROOT_SEG	1_init_medial:L7375,L7383,L7429;1_init_ult:L7417,L7418,L7419,L7420,L7421,L7452,L7453,L7454,L7455,L7456,L7934,L7935,L7936,L8722,L8723,L8724,L8725,L8726
P24	PREFIX	F44	sa	1_init_medial;1_init_ult;1_noninit_ult	MULTI_ROOT_SEG;SINGLE_ROOT_SEG	1_init_medial:L1280,L1281,L1283,L2161,L2482,L2485,L2486,L2487,L2488,L249,L2491,L2493,L2494,L250,L2566,L2568,L2592,L2603,L2604,L2605,L2610,L2611,L2612,L2617,L2620,L2621,L2622,L2623,L2624,L2625,L2628,L2629,L2630,L2633,L2634,L2635,L2637,L2656,L2658,L2660,L3010,L3278,L3280,L3295,L3368,L4360,L4400,L4693,L4694,L4695,L4696,L4698,L501,L502,L5052,L5085,L5088,L5128,L5145,L5146,L5192,L5311,L5337,L5364,L5521,L5717,L5884,L5885,L5890,L5895,L5896,L8492,L8493,L8526,L9500,L9501;1_init_ult:L10005,L10006,L10105,L10120,L10121,L10170,L10201,L10218,L1459,L170,L171,L172,L173,L1956,L1979,L2030,L2059,L208,L2156,L2157,L2162,L2202,L2203,L2238,L2640,L2641,L2642,L2643,L2644,L2645,L2646,L2647,L2648,L2649,L2650,L2651,L2652,L2695,L2696,L2697,L2698,L2699,L2700,L2763,L2819,L2863,L2864,L2865,L2944,L2945,L2946,L3138,L3139,L3201,L3202,L3203,L3259,L3281,L3282,L3283,L3296,L3528,L3538,L3742,L3743,L3919,L3966,L4059,L4285,L4286,L4287,L4362,L4363,L4364,L4365,L4401,L4402,L4403,L4404,L4405,L4406,L4407,L4415,L4593,L4594,L4595,L4699,L4734,L4735,L4911,L4912,L4948,L4982,L4983,L4984,L4985,L5095,L5096,L5193,L5194,L5195,L5196,L5197,L5198,L5199,L5200,L5201,L5202,L5203,L5390,L5391,L5392,L5393,L5394,L5395,L5518,L5519,L555,L5718,L5719,L5720,L5849,L5850,L5897,L5898,L5899,L6905,L6906,L6907,L6976,L7147,L7148,L7149,L7150,L7349,L7350,L7351,L7352,L7353,L7457,L7515,L7545,L7609,L7610,L7720,L7721,L7722,L7732,L7733,L783,L784,L785,L7916,L7917,L7918,L7919,L7920,L7921,L7922,L8190,L8191,L8192,L8193,L8230,L8231,L8561,L8584,L883,L884,L885,L9001,L9002,L9003,L9004,L9005,L9006,L9113,L9114,L9976,L9977;1_noninit_ult:L2626,L2627,L5887,L7649,L7882
P25	PREFIX	F45	uz	1_init_medial;1_init_ult;1_noninit_ult	MULTI_ROOT_SEG;SINGLE_ROOT_SEG	1_init_medial:L1086,L1087,L1308,L3273,L3279,L3291,L3861,L3862,L3863,L3864,L3865,L3890,L3904,L4583,L5269,L6680,L6982,L7003,L7019,L7030,L7050,L7053,L7060,L7069,L7075,L8535;1_init_ult:L10122,L10123,L10171,L1672,L175,L176,L177,L2011,L2031,L2032,L2033,L2061,L2158,L2178,L2204,L2660,L2930,L3110,L3140,L3143,L3204,L3205,L3206,L3207,L3264,L3265,L3284,L3285,L3286,L3287,L3297,L3305,L3306,L3925,L3926,L3927,L4060,L4061,L4366,L4410,L4736,L4737,L4757,L4801,L4802,L4803,L5409,L5410,L5411,L5721,L5852,L5853,L6398,L6399,L6977,L6978,L7072,L7073,L7074,L7157,L7158,L7159,L7160,L7611,L7612,L7925,L7926,L7927,L7928,L7929,L794,L795,L8125,L8198,L8199,L8232,L8728,L896,L897,L9115,L9116,L9608;1_noninit_ult:L3274
S1	SUFFIX	F46	a	1_final_ult	MULTI_ROOT_SEG;SINGLE_ROOT_SEG	1_final_ult:L779,L8417,L8418
S2	SUFFIX	F47	ac	1_nonfinal_ult	SINGLE_ROOT_SEG	1_nonfinal_ult:L400
S3	SUFFIX	F48	ag	1_nonfinal_ult	MULTI_ROOT_SEG	1_nonfinal_ult:L6682
S4	SUFFIX	F49	ain	1_final_medial;1_nonfinal_ult;2_final_medial;2_nonfinal_ult	MULTI_ROOT_SEG;SINGLE_ROOT_SEG	1_final_medial:L1596;1_nonfinal_ult:L10052,L10054,L10055,L10056,L10086,L10089,L10179,L104,L115,L130,L1350,L1351,L1435,L1518,L1560,L1568,L1765,L2083,L2332,L2381,L2382,L2393,L2415,L2495,L2507,L2560,L2663,L2673,L290,L297,L302,L307,L3091,L311,L321,L331,L337,L341,L347,L350,L356,L363,L369,L3700,L376,L4457,L4459,L4460,L4506,L4568,L543,L544,L5555,L5569,L5574,L5585,L5586,L5587,L5638,L5639,L5640,L5652,L5684,L5768,L577,L624,L625,L626,L6426,L6427,L6428,L6429,L6430,L6431,L6438,L6439,L6440,L65,L66,L7472,L7483,L7484,L7489,L75,L7516,L77,L83,L8380,L8381,L90,L935,L9425,L9433,L9671,L9708,L9719,L9726,L9741,L9751,L9759,L9763,L9766,L9769,L9786,L9789,L9792,L9795,L9799,L9802,L9812,L9838,L9874,L9905,L9909,L9916,L9925,L9926,L9934,L9937,L9942,L9943,L9946,L9956;2_final_medial:L3752;2_nonfinal_ult:L10,L1466,L1467,L2248,L2256,L2734,L3028,L3104,L3336,L3337,L3571,L3724,L3728,L4249,L4709,L5563,L5612,L5613,L5655,L5656,L5657,L692,L747,L7492,L7529,L7530,L7533,L7725,L8459,L9275,L9276,L9866
S5	SUFFIX	F50	ait	1_nonfinal_ult	SINGLE_ROOT_SEG	1_nonfinal_ult:L6605
S4	SUFFIX	F51	aiņ	1_final_medial;1_nonfinal_ult	MULTI_ROOT_SEG;SINGLE_ROOT_SEG	1_final_medial:L9057;1_nonfinal_ult:L9839
S6	SUFFIX	F52	al	1_final_medial;1_nonfinal_ult;2_nonfinal_ult	MULTI_ROOT_SEG;SINGLE_ROOT_SEG	1_final_medial:L5280,L6182,L6625;1_nonfinal_ult:L1312,L3684,L3802,L4446,L6626,L6692,L6785,L8626,L8926,L8927,L8928,L9676;2_nonfinal_ult:L5538,L7296,L8697,L8846,L8847,L8850,L8851,L8860,L8861,L8862,L8898
S7	SUFFIX	F53	alē	1_nonfinal_ult	SINGLE_ROOT_SEG	1_nonfinal_ult:L3152,L3153
S8	SUFFIX	F54	am	1_final_medial;1_final_ult;1_nonfinal_ult;2_nonfinal_ult;3_nonfinal_ult;4_final_medial;4_nonfinal_ult	MULTI_ROOT_SEG;SINGLE_ROOT_SEG	1_final_medial:L2062,L2063,L3215,L3216,L3217,L3218,L3989,L4017,L4019,L4316,L4317,L4318,L4542,L6294,L6295,L6296,L6297,L6298,L6299,L7575,L7576,L7577,L7578,L7579,L8375,L9013,L9014,L9015,L9016,L9017,L9018,L9019,L9021,L9022,L9023,L9024;1_final_ult:L3507,L3509,L3511,L9586;1_nonfinal_ult:L1972,L1973,L1974,L2239,L2242,L2243,L2244,L270,L271,L272,L3222,L3229,L3242,L3546,L4018,L4176,L4177,L4206,L4207,L4266,L4270,L4271,L4272,L4637,L4644,L4645,L4646,L4647,L5792,L5793,L7176,L7574,L8048,L8135,L8136,L8376,L8379,L8514,L9009,L9010,L9020,L922;2_nonfinal_ult:L2750,L2751,L2752,L2755,L2758,L2764,L2765,L2766,L2767,L2768,L2912;3_nonfinal_ult:L1482,L3320,L3321,L3887,L4194,L5627,L6470,L7161;4_final_medial:L7801;4_nonfinal_ult:L7802
S9	SUFFIX	F55	an	1_final_medial;1_nonfinal_medial;1_nonfinal_ult	MULTI_ROOT_SEG;SINGLE_ROOT_SEG	1_final_medial:L1376,L1377,L1378,L1597,L1598,L1599,L1600,L2000,L2001,L329,L331,L332,L333,L334,L3744,L3745,L7516,L9751,L9752,L9753,L9754,L9755,L9756,L9757,L9758;1_nonfinal_medial:L1601;1_nonfinal_ult:L1599,L1600,L3710,L3721,L503,L6667,L6956,L6957,L7999,L8040
S10	SUFFIX	F56	anc	1_nonfinal_ult	MULTI_ROOT_SEG;SINGLE_ROOT_SEG	1_nonfinal_ult:L6923,L6931
S11	SUFFIX	F57	and	1_nonfinal_ult	SINGLE_ROOT_SEG	1_nonfinal_ult:L1614,L1615,L6741
S12	SUFFIX	F58	ant	1_nonfinal_ult;2_nonfinal_ult	MULTI_ROOT_SEG;SINGLE_ROOT_SEG	1_nonfinal_ult:L3815,L3820,L4843,L6742,L6743,L6744,L6754,L6924,L6925,L6930,L6933,L6934;2_nonfinal_ult:L8969
S13	SUFFIX	F59	ar	1_final_medial;1_final_ult;1_nonfinal_ult	MULTI_ROOT_SEG;SINGLE_ROOT_SEG	1_final_medial:L3111,L4887,L6155,L6156,L6157,L6375,L6376,L898,L899,L900,L9119;1_final_ult:L4771,L4795;1_nonfinal_ult:L1088,L9340
S14	SUFFIX	F60	ast	1_nonfinal_ult	MULTI_ROOT_SEG	1_nonfinal_ult:L6652
S15	SUFFIX	F61	at	1_final_medial;1_nonfinal_ult	MULTI_ROOT_SEG;SINGLE_ROOT_SEG	1_final_medial:L1613;1_nonfinal_ult:L1079,L1205,L1304,L3837,L4432,L4804,L4821,L4826,L5963,L6768,L7230,L7237,L8012,L8013,L8016,L8597,L8605,L8607,L8617,L8623,L8624,L8633,L8634,L8635,L8649,L8666,L8710,L8722,L8727,L8873
S16	SUFFIX	F62	atn	1_nonfinal_ult	MULTI_ROOT_SEG	1_nonfinal_ult:L1013
S17	SUFFIX	F63	aun	1_nonfinal_ult	SINGLE_ROOT_SEG	1_nonfinal_ult:L2084
S18	SUFFIX	F64	av	1_final_medial;1_nonfinal_ult;2_nonfinal_ult;3_nonfinal_ult	MULTI_ROOT_SEG;SINGLE_ROOT_SEG	1_final_medial:L9271;1_nonfinal_ult:L1004,L2208,L3551,L3552,L3553,L9460;2_nonfinal_ult:L1514,L5796,L5797,L7672,L7673,L7674,L7675,L7676,L7677,L7681,L7682;3_nonfinal_ult:L1530
S19	SUFFIX	F65	aļ	1_final_medial;1_nonfinal_medial;1_nonfinal_ult	MULTI_ROOT_SEG;SINGLE_ROOT_SEG	1_final_medial:L2638;1_nonfinal_medial:L2639;1_nonfinal_ult:L3696
S20	SUFFIX	F66	d	1_final_medial;1_nonfinal_medial;1_nonfinal_ult	MULTI_ROOT_SEG;SINGLE_ROOT_SEG	1_final_medial:L10155,L5089,L5365,L5366,L5367,L6871,L6969,L7051,L7052,L7053,L7128,L7285,L7435,L7436,L8252,L890,L891,L892;1_nonfinal_medial:L1742,L8576;1_nonfinal_ult:L1069,L1191,L1308,L2035,L2041,L2042,L2047,L2049,L2053,L2707,L2708,L2709,L2710,L2711,L2712,L2713,L2714,L2715,L2716,L2784,L2785,L2786,L2787,L2788,L2789,L2790,L2791,L2792,L2793,L2794,L6144,L6883,L7005,L7218,L7551,L7553,L7554,L7555,L7556,L7558,L7559,L7560,L7561,L7562,L7563,L7564,L7692,L7693,L7694,L7695,L7696,L7697,L7698,L7699,L7700,L7701,L7702,L7703,L7704,L7705,L7706,L7707,L7708,L7709,L7710,L7711,L7712,L7713,L7714,L7715,L7716,L7717,L7718,L7719,L7720,L7721,L7722,L7723,L8567,L8568,L8569,L8570,L8571,L8572,L8573,L8574,L8575,L8577,L8578,L8579,L8580,L8581,L8582,L8583,L8584
S21	SUFFIX	F67	dam	1_nonfinal_ult;2_nonfinal_ult;3_nonfinal_ult	MULTI_ROOT_SEG;SINGLE_ROOT_SEG	1_nonfinal_ult:L10137,L2051,L3117,L3197,L3934,L3954,L4191,L4254,L7572;2_nonfinal_ult:L2823,L2874,L3331,L3398,L3472,L4376,L5173,L5188,L5194,L5254,L5453,L5862,L6483,L7171,L8137,L9921,L9996;3_nonfinal_ult:L2711,L3558,L3577,L4039,L4672,L7904,L9408
S22	SUFFIX	F68	eiv	1_nonfinal_ult	MULTI_ROOT_SEG	1_nonfinal_ult:L6637
S23	SUFFIX	F69	ej	1_nonfinal_ult	MULTI_ROOT_SEG;SINGLE_ROOT_SEG	1_nonfinal_ult:L2436,L2437,L7303,L9195,L9196
S24	SUFFIX	F70	ekl	1_nonfinal_ult;2_nonfinal_ult	MULTI_ROOT_SEG;SINGLE_ROOT_SEG	1_nonfinal_ult:L3012,L3356,L4064,L5807,L6446,L6447,L7580,L8512,L8993;2_nonfinal_ult:L2735,L9391,L9392
S25	SUFFIX	F71	el	1_nonfinal_ult;2_nonfinal_ult;3_nonfinal_ult	MULTI_ROOT_SEG;SINGLE_ROOT_SEG	1_nonfinal_ult:L1,L1354,L1671,L1837,L2,L3,L34,L38,L382,L3985,L4,L40,L41,L44,L45,L5,L627,L6642,L7367,L9028,L9029,L9686;2_nonfinal_ult:L1469,L7761,L7762,L9279;3_nonfinal_ult:L4038
S26	SUFFIX	F72	en	1_final_medial;1_nonfinal_medial;1_nonfinal_ult;2_nonfinal_medial;2_nonfinal_ult	MULTI_ROOT_SEG;SINGLE_ROOT_SEG	1_final_medial:L1342,L1571,L1572,L3725,L3726,L4669,L6573,L6619,L7477,L7478,L7479,L7480,L7481,L7482,L7483,L7484,L7486,L7487,L7489,L7490,L7491,L7492,L7493,L7505,L9490,L9892,L9893,L9894,L9895,L9900;1_nonfinal_medial:L262,L263,L4288,L4289,L4290,L5854,L7723,L7930,L796,L8348,L9144,L9688,L9801,L9853,L9854;1_nonfinal_ult:L10018,L10041,L10042,L10043,L10125,L1571,L1744,L2181,L2182,L2183,L2184,L2300,L2301,L2302,L2303,L2353,L2537,L2571,L2572,L2587,L2590,L2596,L2602,L2608,L2613,L2616,L2618,L2654,L2659,L266,L2664,L2665,L2828,L2997,L3362,L3698,L3706,L3720,L3722,L4020,L4143,L4144,L4889,L4900,L4931,L4950,L4994,L5015,L5031,L6145,L6229,L6232,L6620,L6621,L6622,L6623,L6632,L6672,L6675,L6676,L707,L7329,L7330,L7340,L7354,L7356,L7471,L7474,L7475,L7476,L7485,L7488,L7498,L7499,L7500,L7502,L7503,L7504,L7508,L7509,L7510,L7511,L7512,L7517,L7518,L7519,L7520,L7521,L7579,L8441,L8468,L8469,L8585,L8586,L8587,L8588,L8589,L8590,L8591,L8592,L8593,L8594,L8595,L8596,L9014,L913,L9462,L9463,L953,L9687,L9689,L9896,L9897,L9898,L9899,L9958,L9959;2_nonfinal_medial:L1877;2_nonfinal_ult:L1516,L2312,L3298,L3299,L3300,L3303,L4044,L4711,L5649,L6183,L715,L7633,L7634,L8478,L8479,L8543,L9869
S27	SUFFIX	F73	enc	1_nonfinal_ult	MULTI_ROOT_SEG	1_nonfinal_ult:L2389
S28	SUFFIX	F74	eniec	1_nonfinal_ult;2_nonfinal_ult	SINGLE_ROOT_SEG	1_nonfinal_ult:L2209;2_nonfinal_ult:L4335,L7635,L7636
S28	SUFFIX	F75	eniek	1_nonfinal_ult;2_nonfinal_ult	SINGLE_ROOT_SEG	1_nonfinal_ult:L2210,L7652;2_nonfinal_ult:L4334,L4338,L7637,L7638
S29	SUFFIX	F76	ent	1_nonfinal_ult	MULTI_ROOT_SEG;SINGLE_ROOT_SEG	1_nonfinal_ult:L6755,L6756,L6761,L6762,L7435,L7436,L7437,L7438,L7441,L7442,L7443,L8019,L8020
S30	SUFFIX	F77	enīc	1_nonfinal_ult	SINGLE_ROOT_SEG	1_nonfinal_ult:L67
S31	SUFFIX	F78	er	1_final_medial;1_nonfinal_ult	MULTI_ROOT_SEG;SINGLE_ROOT_SEG	1_final_medial:L9277,L9280,L9281,L9282,L9283,L9287,L9288,L9289,L9290,L9291,L9292,L9293,L9294,L9295,L9296,L9297,L9298,L9302,L9303,L9304,L9306,L9307,L9613;1_nonfinal_ult:L1166,L1167,L1207,L1517,L2087,L4084,L4093,L545,L546,L8425,L8504,L9269,L9270,L9271,L9272,L9273,L9274,L9275,L9276,L9278,L9279,L9284,L9285,L9286,L9299,L9300,L9301,L9305,L9308,L9309,L9310,L9311,L9312,L9313,L9314,L9315,L9316,L9317,L9318,L9319,L9320,L9321,L9322,L9323,L9324,L9325,L9326,L9327,L9328,L9329,L9330,L9331,L9332,L9333,L9334,L9335,L9336,L9337,L9338,L9339,L9341,L9342
S32	SUFFIX	F79	es	1_final_medial;1_nonfinal_medial;1_nonfinal_ult	MULTI_ROOT_SEG;SINGLE_ROOT_SEG	1_final_medial:L3165,L3387,L5723,L5725,L5726,L5727,L5728,L5729,L5730,L5732,L5735,L5738,L5739,L9416;1_nonfinal_medial:L5733,L5734,L5737,L9417;1_nonfinal_ult:L5724,L5731,L5736,L5743,L5744,L5745
S33	SUFFIX	F80	est	1_nonfinal_ult;2_nonfinal_ult	MULTI_ROOT_SEG;SINGLE_ROOT_SEG	1_nonfinal_ult:L3421,L8565;2_nonfinal_ult:L4045
S34	SUFFIX	F81	et	1_final_medial;1_nonfinal_ult	MULTI_ROOT_SEG;SINGLE_ROOT_SEG	1_final_medial:L7287;1_nonfinal_ult:L4322
S35	SUFFIX	F82	ez	1_nonfinal_ult	MULTI_ROOT_SEG	1_nonfinal_ult:L280
S25	SUFFIX	F83	eļ	1_final_medial;1_nonfinal_medial;1_nonfinal_ult	MULTI_ROOT_SEG;SINGLE_ROOT_SEG	1_final_medial:L117,L1364,L3112,L5118,L6,L7,L8239,L9627;1_nonfinal_medial:L5117,L5119;1_nonfinal_ult:L3992,L3993
S26	SUFFIX	F84	eņ	1_final_medial;1_nonfinal_ult;2_final_medial;2_nonfinal_ult	MULTI_ROOT_SEG;SINGLE_ROOT_SEG	1_final_medial:L1884,L2666,L31,L3200,L3256,L3257,L3258,L47,L4995,L4996,L6285,L8751,L903;1_nonfinal_ult:L1745,L4496,L6028;2_final_medial:L3301,L3302,L5026,L7680,L798;2_nonfinal_ult:L9393
S34	SUFFIX	F85	eš	1_final_medial	MULTI_ROOT_SEG	1_final_medial:L4319,L4320,L4321
S36	SUFFIX	F86	ešķ	1_nonfinal_ult	SINGLE_ROOT_SEG	1_nonfinal_ult:L5740,L5741,L5742
S37	SUFFIX	F87	g	1_nonfinal_ult	MULTI_ROOT_SEG;SINGLE_ROOT_SEG	1_nonfinal_ult:L2717,L2718,L2719,L2720,L5738
S38	SUFFIX	F88	gan	1_final_medial;1_nonfinal_ult;2_final_medial;2_nonfinal_ult	MULTI_ROOT_SEG;SINGLE_ROOT_SEG	1_final_medial:L1570,L1610,L1641,L3706,L3708,L3710,L3741,L3751,L7519,L7520;1_nonfinal_ult:L1622,L1623,L3707,L3709,L3725,L3737,L7496,L7522;2_final_medial:L1525;2_nonfinal_ult:L1526
S39	SUFFIX	F89	i	1_final_medial;1_final_ult;2_final_medial;2_final_ult;3_final_ult;4_final_ult;5_final_ult	MULTI_ROOT_SEG;SINGLE_ROOT_SEG	1_final_medial:L1611,L1640,L5511,L5512,L5513,L5514,L5515,L5516,L940,L987;1_final_ult:L10007,L1248,L1625,L1713,L1732,L2163,L228,L2469,L252,L260,L262,L2668,L2701,L2803,L3097,L3352,L3369,L3426,L3487,L3711,L3744,L3746,L3749,L4182,L4293,L4564,L4598,L475,L4967,L4976,L5930,L6633,L6764,L7942,L8426,L8636,L8740,L8944,L8954,L937,L9430,L9450,L990,L9902;2_final_medial:L1536;2_final_ult:L10016,L10021,L10054,L10205,L1124,L1136,L1148,L1232,L1250,L1336,L1423,L1442,L1492,L1580,L1591,L1597,L1599,L1603,L1622,L1723,L1840,L1903,L1907,L1911,L1931,L1937,L1972,L2242,L2259,L2283,L2291,L2306,L2329,L2338,L2341,L2347,L2360,L2369,L2378,L2394,L2408,L2413,L2432,L2445,L2479,L2487,L2499,L2510,L2534,L2540,L2549,L2574,L2626,L2641,L267,L270,L2717,L2732,L2736,L2775,L2778,L2781,L2842,L2846,L2869,L2872,L2892,L2907,L3305,L3327,L3417,L3447,L358,L3685,L3707,L4013,L404,L4117,L4224,L4256,L430,L4372,L4386,L439,L4467,L4575,L4611,L4614,L4617,L4620,L4633,L4637,L4644,L4645,L4746,L476,L4761,L4781,L4799,L4802,L4816,L5055,L5161,L5166,L5245,L526,L5286,L536,L5416,L543,L5576,L5585,L5622,L5642,L5674,L5776,L5802,L5874,L5954,L5998,L624,L6261,L6288,L6353,L6396,L6418,L6420,L6426,L6459,L6468,L65,L654,L6554,L6557,L6561,L6620,L6694,L6699,L6786,L6810,L6822,L6828,L6841,L6851,L6861,L6875,L6984,L6992,L7012,L7032,L7040,L7047,L7176,L7337,L7346,L7377,L7410,L7419,L7474,L7489,L7499,L7511,L7547,L7550,L7772,L7785,L7876,L7971,L8033,L8043,L8079,L8153,L8329,L8380,L8612,L8692,L8715,L880,L8810,L8822,L8929,L8975,L8982,L8998,L9049,L9218,L9220,L924,L9465,L9509,L9530,L9555,L958,L962,L9631,L967,L9738,L9777,L9823,L9846,L9896,L9919,L9936,L9958,L9989,L9998;3_final_ult:L1042,L1063,L1065,L1466,L1842,L187,L1951,L2273,L2301,L2372,L2436,L2724,L2737,L2744,L2750,L285,L2881,L2915,L2917,L2922,L3328,L3336,L3481,L3639,L3833,L3914,L3937,L3958,L3969,L4028,L4049,L4396,L5171,L5543,L5605,L5634,L5655,L5740,L6461,L6819,L6857,L6877,L688,L6899,L7293,L7297,L7475,L7526,L7529,L7539,L755,L7791,L7917,L828,L8451,L8587,L8698,L8853,L8867,L8891,L8899,L9004,L9028,L9897;4_final_ult:L1226,L3320,L3625,L6927,L7706,L7708,L7718,L7761,L7797,L8932;5_final_ult:L2785,L7694,L8869
S40	SUFFIX	F90	ic	1_nonfinal_ult	MULTI_ROOT_SEG	1_nonfinal_ult:L4823,L9229,L9230,L9231
S41	SUFFIX	F91	iem	1_final_ult	SINGLE_ROOT_SEG	1_final_ult:L3508
S42	SUFFIX	F92	ien	1_final_medial;1_nonfinal_ult;2_nonfinal_ult	MULTI_ROOT_SEG;SINGLE_ROOT_SEG	1_final_medial:L10128,L2764,L2765,L7070,L9032,L9033,L9068,L9592,L9593;1_nonfinal_ult:L1010,L10127,L10130,L10131,L10132,L1129,L2186,L251,L2829,L3142,L3143,L3213,L3220,L3224,L3227,L3232,L3234,L3238,L3243,L3246,L3248,L3253,L3258,L3260,L3262,L3264,L3267,L3345,L3438,L3455,L3545,L3661,L4325,L4739,L4919,L506,L5681,L6730,L7546,L7627,L7647,L7650,L9034,L9045,L9065,L9069,L9072,L9073,L9119,L938,L970;2_nonfinal_ult:L3424,L3999,L4180,L4791
S43	SUFFIX	F93	ier	1_final_medial;1_nonfinal_ult	MULTI_ROOT_SEG	1_final_medial:L8773;1_nonfinal_ult:L3657,L8642
S44	SUFFIX	F94	iet	1_nonfinal_ult;2_nonfinal_ult;3_nonfinal_ult	MULTI_ROOT_SEG;SINGLE_ROOT_SEG	1_nonfinal_ult:L10203,L1413,L1414,L1538,L1646,L1651,L1652,L1665,L1666,L1739,L1740,L1755,L1820,L2089,L2090,L2118,L2119,L3016,L3601,L3603,L3606,L3765,L3879,L3880,L4139,L4140,L4772,L4773,L4779,L4780,L5765,L6196,L6197,L6212,L6213,L6235,L6242,L6450,L649,L7664,L7665,L8421,L8422,L8486,L9374,L9542,L9552,L9553,L9565,L9566,L9575,L9576,L9584,L9585,L9598,L9620,L9621;2_nonfinal_ult:L10042,L10043,L1822,L2328,L3552,L3553,L5924,L5925,L6180,L6200,L7678,L9315,L9316,L9513;3_nonfinal_ult:L4031,L4032
S44	SUFFIX	F95	ieš	1_final_medial;1_nonfinal_ult;2_nonfinal_ult	MULTI_ROOT_SEG;SINGLE_ROOT_SEG	1_final_medial:L6507;1_nonfinal_ult:L1810;2_nonfinal_ult:L1821
S45	SUFFIX	F96	ij	1_final_medial;1_nonfinal_ult;2_nonfinal_ult;3_nonfinal_ult;4_nonfinal_ult;5_nonfinal_ult	MULTI_ROOT_SEG;SINGLE_ROOT_SEG	1_final_medial:L1433,L2657,L3729,L3897,L5023,L5277,L7063,L8961,L8962,L8981;1_nonfinal_ult:L10049,L10202,L1077,L1116,L1132,L1135,L1143,L1147,L1182,L1185,L1186,L1210,L1249,L1268,L1430,L1431,L1432,L1539,L1595,L1642,L1647,L1657,L1658,L1659,L1756,L2438,L2994,L3009,L3011,L3354,L3582,L3588,L3807,L3816,L3817,L3818,L3845,L3856,L4116,L4121,L4141,L4142,L417,L418,L419,L421,L424,L432,L438,L4444,L4563,L482,L5113,L5268,L5537,L5583,L5591,L5602,L5611,L5917,L5935,L5937,L5949,L5950,L5960,L5969,L5971,L5972,L5977,L5978,L6184,L6187,L6188,L619,L6192,L6199,L6203,L6205,L6208,L6214,L6226,L6234,L6243,L650,L6542,L6549,L6553,L6556,L6560,L660,L661,L6782,L6803,L6887,L7241,L7250,L7255,L7257,L7261,L7295,L7301,L7368,L7373,L7376,L7380,L7383,L7385,L7387,L7391,L7395,L7402,L7404,L7405,L7406,L7407,L7414,L7417,L7423,L7427,L7429,L7943,L7944,L7958,L7967,L7974,L7978,L7983,L7998,L8008,L8021,L8024,L8032,L8042,L8061,L8071,L8077,L8080,L826,L8375,L8377,L8619,L8628,L8655,L8695,L8696,L8700,L8829,L8831,L8834,L8835,L8836,L8837,L8839,L8840,L8904,L8905,L8906,L8907,L8908,L8921,L8936,L8960,L8963,L8964,L8965,L8966,L8967,L8968,L8971,L8974,L8980,L9172,L9197,L9198,L9201,L9203,L9205,L9215,L9216,L9217,L9227,L9362,L9502,L9503,L9622,L993;2_nonfinal_ult:L1099,L1123,L5133,L5938,L5947,L5964,L5970,L6690,L6693,L6709,L6752,L6769,L7220,L7248,L7305,L7308,L8000,L8014,L8018,L8521,L8598,L8625,L8707,L8723,L8813,L8918,L9207;3_nonfinal_ult:L1093,L1194,L1223,L1239,L1252,L2956,L3830,L7934,L8621,L8920,L9232,L9826;4_nonfinal_ult:L7208,L7409,L8040,L8926;5_nonfinal_ult:L8846,L8850,L8861,L8898
S46	SUFFIX	F97	ik	1_final_medial;1_nonfinal_ult;2_nonfinal_ult;3_nonfinal_ult	MULTI_ROOT_SEG;SINGLE_ROOT_SEG	1_final_medial:L2063;1_nonfinal_ult:L1084,L1231,L3655,L3683,L3800,L3814,L3855,L427,L429,L6777,L7199,L7256,L7975,L7993,L8002,L8017,L8022,L8039,L8074,L8083,L8084,L8608,L8689,L8711,L8737,L8744,L8864,L8878,L9232,L9363,L9365;2_nonfinal_ult:L1648,L7204,L7996,L8005,L8015,L9558;3_nonfinal_ult:L6696
S47	SUFFIX	F98	im	1_final_medial	MULTI_ROOT_SEG	1_final_medial:L3251,L3252
S48	SUFFIX	F99	in	1_final_ult;1_nonfinal_ult;2_nonfinal_ult	MULTI_ROOT_SEG;SINGLE_ROOT_SEG	1_final_ult:L4607;1_nonfinal_ult:L2879,L3288,L3481,L507,L5477,L5872,L8023,L828,L829,L9524,L980;2_nonfinal_ult:L1530,L1532,L7701,L7706,L7718,L7788
S49	SUFFIX	F100	iniec	1_nonfinal_ult;2_nonfinal_ult	MULTI_ROOT_SEG;SINGLE_ROOT_SEG	1_nonfinal_ult:L281,L3632,L3633,L3634,L3635,L3636,L491,L5238,L9691;2_nonfinal_ult:L3436,L8097
S49	SUFFIX	F101	iniek	1_nonfinal_ult;2_nonfinal_ult	MULTI_ROOT_SEG;SINGLE_ROOT_SEG	1_nonfinal_ult:L2021,L2289,L2403,L2404,L2416,L282,L3637,L3638,L4069,L4453,L4516,L481,L492,L5239,L5303,L5319,L5325,L6172,L8029,L9692;2_nonfinal_ult:L3437,L8098
S50	SUFFIX	F102	inā	1_nonfinal_medial;1_nonfinal_ult;2_nonfinal_medial;2_nonfinal_ult	MULTI_ROOT_SEG;SINGLE_ROOT_SEG	1_nonfinal_medial:L1719,L4282,L826;1_nonfinal_ult:L10008,L10015,L1440,L1441,L1500,L1501,L1502,L1575,L1583,L1584,L1586,L1616,L1617,L1618,L1619,L1714,L1715,L1716,L1717,L1718,L1720,L1721,L1929,L1930,L1984,L1985,L1986,L231,L253,L254,L255,L256,L257,L258,L2669,L2670,L2671,L2692,L2693,L2699,L2700,L2874,L2875,L2876,L2877,L2878,L2895,L2896,L2897,L2898,L3289,L3292,L3293,L3296,L3364,L3478,L3479,L3480,L3492,L3493,L3549,L3694,L3743,L4326,L4327,L4328,L4551,L4552,L4553,L4554,L4555,L4556,L4557,L4565,L4586,L4587,L4588,L4589,L470,L4982,L4983,L4984,L4985,L5027,L5236,L5237,L5283,L5284,L5343,L5347,L5348,L5349,L5350,L5373,L5374,L5375,L5426,L5434,L5435,L5438,L5439,L5440,L5441,L5442,L5448,L5449,L5450,L5451,L5452,L5468,L5470,L5495,L5499,L5507,L5508,L5510,L5523,L5525,L5558,L5559,L5560,L5561,L5687,L5859,L5860,L5862,L5863,L5864,L5865,L5866,L5868,L5869,L5870,L5871,L5877,L5878,L5879,L5881,L5882,L5884,L5885,L5887,L5888,L5889,L5890,L5891,L5892,L5897,L5898,L5899,L6451,L6452,L6453,L6947,L6948,L6949,L6950,L6951,L6952,L6953,L6954,L6955,L6961,L6962,L6963,L6964,L6966,L6976,L6978,L7507,L8159,L823,L824,L825,L827,L8327,L8328,L8357,L8358,L838,L839,L840,L8427,L8428,L8443,L8444,L8445,L8447,L8448,L8449,L845,L8450,L8451,L8452,L8453,L846,L849,L850,L8535,L857,L863,L864,L8660,L867,L869,L870,L871,L8750,L897,L8996,L8997,L9003,L9004,L9005,L9006,L9035,L9036,L9037,L9038,L9039,L9051,L9052,L9053,L9054,L9055,L9056,L9066,L9067,L939,L9464,L9474,L9525,L9526,L9527,L9580,L9581,L9582,L975,L976,L977,L978,L979,L9903,L9967,L9968,L9969,L9970,L9971,L9972,L9973,L9976;2_nonfinal_medial:L7071;2_nonfinal_ult:L1531,L1590,L2035,L2042,L2047,L2049,L2053,L2710,L2790,L2791,L3577,L3578,L4000,L7553,L7554,L7555,L7558,L7561,L7698,L7699,L7700,L7702,L7703,L7704,L7705,L7715,L7716,L7717,L7719,L7747,L7748,L7749,L7787,L7829,L7830,L7831,L7842,L8408,L8574,L8580
S51	SUFFIX	F103	ion	1_nonfinal_medial;1_nonfinal_ult	MULTI_ROOT_SEG;SINGLE_ROOT_SEG	1_nonfinal_medial:L4123,L8863,L8864,L8865,L8866,L8872,L8873,L8874,L8875,L8876,L8877,L8878,L8880,L8881,L8882,L8883;1_nonfinal_ult:L5538,L5539,L5601,L7292,L7293,L7294,L7296,L7297,L7298,L7299,L7300,L7415,L7418,L8844,L8846,L8847,L8848,L8849,L8850,L8851,L8852,L8853,L8854,L8855,L8856,L8857,L8860,L8861,L8862,L8867,L8868,L8869,L8870,L8871,L8879,L8889,L8894,L8895,L8896,L8897,L8898,L8899,L8900,L8901,L8902,L8903
S52	SUFFIX	F104	isim	1_nonfinal_ult	SINGLE_ROOT_SEG	1_nonfinal_ult:L8640
S53	SUFFIX	F105	isk	1_nonfinal_ult;2_nonfinal_ult;3_nonfinal_ult;4_nonfinal_ult	MULTI_ROOT_SEG;SINGLE_ROOT_SEG	1_nonfinal_ult:L10021,L10022,L10204,L10205,L1117,L1124,L1125,L1126,L1127,L1136,L1137,L1148,L1149,L1150,L1211,L1232,L1233,L1250,L1251,L1336,L1337,L1423,L1424,L1655,L1706,L1903,L1904,L1907,L1911,L1915,L2253,L2349,L2375,L2394,L2395,L2445,L2446,L2460,L2531,L2532,L2566,L2574,L2575,L2576,L2626,L2627,L2634,L2641,L2642,L2643,L2644,L2645,L3086,L3087,L3589,L4117,L4118,L4122,L4123,L4124,L425,L426,L430,L431,L439,L440,L4781,L4782,L4815,L4816,L4817,L4819,L4824,L4825,L4828,L4861,L4956,L5951,L5954,L5955,L5961,L5973,L5979,L6539,L654,L655,L6550,L6554,L6555,L6557,L6558,L6561,L6562,L6579,L659,L6778,L6888,L6902,L6903,L6922,L7311,L7971,L7972,L7977,L8009,L8027,L8033,L8034,L8043,L8044,L8046,L8059,L8060,L8062,L8066,L8072,L8078,L8079,L8081,L8085,L8086,L8088,L8609,L8612,L8613,L8615,L8620,L8688,L8692,L8693,L8705,L8712,L8715,L8716,L8718,L8738,L8745,L8746,L8757,L8779,L8789,L880,L8803,L881,L8810,L8811,L8812,L8816,L8819,L8822,L8823,L8824,L8865,L8874,L8975,L8976,L8977,L8982,L8983,L9140,L9204,L9206,L9218,L9219,L9220,L9224,L9364,L9366,L9555,L9556,L9557,L9823,L9824;2_nonfinal_ult:L1042,L1043,L1108,L187,L188,L216,L2287,L2314,L2397,L2436,L2437,L2438,L2881,L2882,L3635,L3636,L3639,L3640,L3833,L3834,L3914,L3915,L3937,L3938,L3939,L3958,L3959,L4028,L4029,L4120,L4821,L4826,L493,L5371,L5633,L5948,L6224,L6568,L6571,L6766,L6890,L7882,L7917,L7918,L7919,L7997,L8038,L8587,L8588,L8589,L8720,L8845,L8881,L8887,L8891,L8892,L8910,L8917,L8924,L9897,L9898;3_nonfinal_ult:L3946,L7708,L7709,L7797,L7798,L8932,L8933;4_nonfinal_ult:L8849,L8869,L8870,L8902
S54	SUFFIX	F106	ism	1_nonfinal_ult;2_nonfinal_ult;3_nonfinal_ult	MULTI_ROOT_SEG;SINGLE_ROOT_SEG	1_nonfinal_ult:L10023,L1128,L1234,L1243,L1425,L1540,L1818,L1819,L1908,L2951,L2954,L4119,L656,L6565,L6567,L6570,L6573,L6574,L6575,L6765,L6779,L7945,L8785,L8880,L8883,L8885,L8890,L8945,L9825;2_nonfinal_ult:L1823,L6695,L7415,L7418,L8930;3_nonfinal_ult:L1066,L7298,L8848,L8854,L8868,L8896,L8900
S55	SUFFIX	F107	ist	1_nonfinal_ult;2_nonfinal_ult;3_nonfinal_ult	MULTI_ROOT_SEG;SINGLE_ROOT_SEG	1_nonfinal_ult:L10024,L10025,L10037,L10038,L1118,L1238,L1244,L1287,L1288,L1316,L1317,L1648,L1649,L1799,L1800,L1803,L1901,L3786,L3850,L4120,L433,L434,L447,L448,L4522,L4849,L4862,L4870,L5974,L5984,L5985,L6568,L6569,L6571,L6572,L6766,L7252,L7620,L8010,L8845,L8872,L8876,L8881,L8882,L8884,L8886,L8887,L8888,L8891,L8892,L8893,L8910,L8917,L8924,L8925,L8937,L8946,L8984,L9558,L9559;2_nonfinal_ult:L444,L6696,L6697,L6716,L7207,L8931,L8932,L8933,L8934;3_nonfinal_ult:L7299,L8849,L8855,L8869,L8870,L8871,L8902,L8903
S56	SUFFIX	F108	it	1_nonfinal_medial;1_nonfinal_ult	MULTI_ROOT_SEG;SINGLE_ROOT_SEG	1_nonfinal_medial:L5960,L5961,L5969;1_nonfinal_ult:L1065,L1066,L1067,L8702
S57	SUFFIX	F109	itat	1_nonfinal_ult	SINGLE_ROOT_SEG	1_nonfinal_ult:L1063,L1064
S57	SUFFIX	F110	itāt	1_nonfinal_ult;2_nonfinal_ult;3_nonfinal_ult	MULTI_ROOT_SEG;SINGLE_ROOT_SEG	1_nonfinal_ult:L1068,L1092,L2955,L5959,L5962,L6763,L7941,L7988,L8496,L8506,L8515,L8795,L8799,L8800,L8801,L8947;2_nonfinal_ult:L3684,L4823,L6692,L6785,L7388,L7408;3_nonfinal_ult:L5538,L7296,L8697,L8860
S58	SUFFIX	F111	iv	1_nonfinal_ult	SINGLE_ROOT_SEG	1_nonfinal_ult:L7388,L7408,L7409
S59	SUFFIX	F112	iz	1_nonfinal_ult;2_nonfinal_ult;3_nonfinal_ult	MULTI_ROOT_SEG;SINGLE_ROOT_SEG	1_nonfinal_ult:L1093,L1094,L1095,L1096,L1097,L1194,L1199,L1223,L1224,L1225,L1226,L1227,L1239,L1252,L1253,L1254,L2956,L3830,L7251,L7934,L7935,L7936,L7937,L7952,L8621,L8622,L8920,L9826,L9827,L9828,L9829;2_nonfinal_ult:L7208,L7210,L7211,L7212,L7409,L8040,L8926,L8927,L8928;3_nonfinal_ult:L8846,L8847,L8850,L8851,L8861,L8862,L8898
S60	SUFFIX	F113	iķ	1_nonfinal_ult;2_nonfinal_ult	MULTI_ROOT_SEG;SINGLE_ROOT_SEG	1_nonfinal_ult:L1171,L1236,L1914,L2950,L2953,L428,L5213,L5214,L7200,L7201,L7976,L8025,L8026,L8690,L8691,L8859,L9367,L9368;2_nonfinal_ult:L7205
S61	SUFFIX	F114	iņ	1_final_medial;1_final_ult;1_nonfinal_ult;2_final_medial;2_final_ult;2_nonfinal_medial;2_nonfinal_ult;3_nonfinal_ult;5_nonfinal_ult	MULTI_ROOT_SEG;SINGLE_ROOT_SEG	1_final_medial:L1870,L2185,L3034,L3237,L4295,L4315,L4360,L4998,L4999,L5000,L5018,L5027,L6283,L6458,L737,L7851,L9696,L9762;1_final_ult:L1608,L6158,L6293,L6373,L6374;1_nonfinal_ult:L10058,L10059,L10060,L10090,L1011,L10215,L10216,L10217,L109,L1103,L1104,L1105,L1155,L1213,L1347,L1348,L1349,L1356,L1361,L1365,L1405,L1420,L1422,L1668,L1669,L1670,L1672,L1741,L1746,L1838,L1853,L1860,L1878,L1882,L1936,L2093,L2094,L2095,L2113,L2169,L2583,L2584,L2982,L3217,L3357,L3383,L3482,L3986,L4004,L4234,L4860,L4877,L4879,L4898,L49,L4909,L4942,L4949,L4951,L4952,L4997,L5001,L5002,L5014,L5016,L5020,L5028,L5035,L5057,L5068,L5076,L5080,L5101,L516,L5240,L5385,L5420,L5534,L6173,L629,L6454,L6455,L6456,L6457,L6473,L6489,L6501,L6678,L6706,L68,L6800,L6801,L6840,L7197,L7320,L7335,L7577,L7735,L7825,L7939,L7948,L7954,L7969,L810,L811,L812,L8284,L8285,L8286,L830,L8383,L84,L86,L8991,L9131,L9132,L9133,L9135,L9136,L9162,L917,L9185,L9350,L9431,L9488,L9521,L9522,L9523,L9528,L9637,L9645,L9654,L9658,L9664,L9693,L9694,L9695,L9713,L9715,L9733,L9781,L9811,L9840,L9841,L9842,L9853;2_final_medial:L13,L4026,L4296,L4297,L9064;2_final_ult:L2807;2_nonfinal_medial:L10014;2_nonfinal_ult:L10012,L10014,L10148,L12,L14,L15,L1533,L1534,L1615,L1671,L2127,L3105,L32,L3351,L3542,L3543,L3634,L37,L4027,L4250,L43,L4344,L4385,L4671,L4689,L4805,L4963,L4964,L4972,L5008,L5253,L6957,L6990,L6995,L718,L7581,L7615,L7616,L7726,L8099,L8121,L8437,L9043,L9284,L9285,L9286,L9395,L9396,L9397,L9447,L9643,L9850;3_nonfinal_ult:L3108,L3941,L4037,L7673,L7682,L7790,L7796,L7869;5_nonfinal_ult:L7905
S62	SUFFIX	F115	išķ	1_nonfinal_ult	MULTI_ROOT_SEG;SINGLE_ROOT_SEG	1_nonfinal_ult:L1840,L1841,L1842,L1843,L1844,L1845,L1846,L3327,L3328,L3329,L3330,L3387,L6174,L6261,L6262,L6263,L6264,L6302,L6459,L6460,L6461,L6462,L6463,L6464,L6465,L6466
S63	SUFFIX	F116	j	1_final_medial;1_nonfinal_medial;1_nonfinal_ult;2_nonfinal_medial;2_nonfinal_ult;3_nonfinal_medial;3_nonfinal_ult	MULTI_ROOT_SEG;SINGLE_ROOT_SEG	1_final_medial:L7020,L7021;1_nonfinal_medial:L4543,L4544,L6307,L6308,L6309,L7370;1_nonfinal_ult:L1821,L1822,L1823,L1824,L3424,L3779,L4179,L4180,L4189,L4384,L5224,L5225,L5243,L5244,L5250,L5251,L5263,L5264,L5266,L5267,L5395,L5814,L6836,L717,L7253,L7766,L7816,L7819,L7820,L7848,L8530,L9461,L9881,L9882;2_nonfinal_medial:L5330,L5369,L5454,L7865;2_nonfinal_ult:L10209,L1073,L1080,L1204,L1262,L1460,L1478,L1479,L1482,L1714,L1929,L2422,L2423,L253,L2553,L2559,L2695,L2699,L2830,L2848,L2850,L2860,L2863,L2867,L2875,L2895,L2944,L3000,L3005,L3320,L3321,L3364,L3399,L3478,L3621,L3625,L3642,L3665,L3792,L3811,L3825,L3841,L3842,L3887,L4194,L4195,L4196,L4369,L4401,L4413,L4415,L4549,L4551,L4556,L4557,L4586,L4593,L470,L4807,L4982,L5121,L5138,L5147,L5152,L5175,L5183,L5192,L5195,L5255,L5321,L5438,L5448,L5455,L5464,L5480,L5481,L5486,L5492,L5500,L5507,L5511,L5515,L5524,L555,L5558,L5627,L5723,L5800,L5863,L630,L6402,L6470,L6471,L6701,L6770,L6866,L6881,L6926,L6927,L6935,L6961,L6967,L6968,L6969,L6970,L7161,L7172,L7175,L7179,L7187,L7231,L7617,L807,L8138,L815,L8181,L8194,L8447,L8535,L8600,L8660,L873,L8750,L9505,L9667,L9699,L975,L9856,L9858,L9859,L9967;3_nonfinal_medial:L7071,L7801;3_nonfinal_ult:L1264,L2712,L2785,L2786,L2790,L3106,L4285,L7271,L7693,L7694,L7727,L7740,L7802,L7803,L7804,L7805,L7806,L7837,L7863,L7883,L7884,L7887,L7888,L7901,L7905,L7906,L8569,L8579,L9379,L9385,L9398,L9409,L9419
S64	SUFFIX	F117	k	1_nonfinal_ult;2_nonfinal_ult	SINGLE_ROOT_SEG	1_nonfinal_ult:L7462,L7463;2_nonfinal_ult:L3550
S65	SUFFIX	F118	kl	1_final_medial;1_nonfinal_medial;1_nonfinal_ult;3_nonfinal_ult	MULTI_ROOT_SEG;SINGLE_ROOT_SEG	1_final_medial:L788,L887,L888,L889,L9007;1_nonfinal_medial:L4296,L4297;1_nonfinal_ult:L13,L2972,L4161,L5794,L6660,L7116,L7129,L7214,L7260;3_nonfinal_ult:L2787,L7807,L7808,L7851,L7857,L7867,L7868,L7898
S66	SUFFIX	F119	kn	1_nonfinal_ult;2_nonfinal_ult	SINGLE_ROOT_SEG	1_nonfinal_ult:L4701,L4702,L4714;2_nonfinal_ult:L816,L817
S67	SUFFIX	F120	ksn	1_nonfinal_ult	SINGLE_ROOT_SEG	1_nonfinal_ult:L4518,L4703,L7525
S68	SUFFIX	F121	kst	1_nonfinal_ult	MULTI_ROOT_SEG;SINGLE_ROOT_SEG	1_nonfinal_ult:L1281,L250,L4687,L4688,L4689,L4690,L4691,L4692,L4693,L4694,L4695,L4696,L4697,L4698,L4699,L7526,L7527,L7528
S65	SUFFIX	F122	kļ	1_nonfinal_ult;3_nonfinal_ult	MULTI_ROOT_SEG	1_nonfinal_ult:L2421,L7144;3_nonfinal_ult:L5540,L7754,L7757,L7931,L7932
S66	SUFFIX	F123	kņ	1_nonfinal_ult	MULTI_ROOT_SEG	1_nonfinal_ult:L2450
S67	SUFFIX	F124	kšņ	1_nonfinal_ult	MULTI_ROOT_SEG;SINGLE_ROOT_SEG	1_nonfinal_ult:L5612,L5613,L5614,L7529,L7530,L7531
S69	SUFFIX	F125	l	1_final_medial;1_final_ult;1_nonfinal_medial;1_nonfinal_ult;2_nonfinal_ult	MULTI_ROOT_SEG;SINGLE_ROOT_SEG	1_final_medial:L408;1_final_ult:L2721;1_nonfinal_medial:L3301,L3302,L9064;1_nonfinal_ult:L1009,L1313,L1833,L1960,L1961,L1968,L2270,L2271,L2272,L2273,L2274,L2371,L2372,L2373,L2722,L2723,L2724,L2725,L2726,L2727,L2728,L2743,L2744,L2745,L2756,L2759,L2761,L284,L285,L286,L3298,L3299,L3300,L3303,L403,L404,L405,L406,L407,L409,L410,L411,L412,L4329,L4330,L4331,L4332,L4333,L4334,L4335,L4336,L4337,L4338,L4351,L4352,L5058,L5632,L5633,L5634,L5635,L5796,L5797,L5798,L5909,L5910,L5911,L5912,L5913,L6169,L686,L687,L688,L689,L690,L691,L722,L724,L737,L750,L7538,L754,L755,L756,L759,L764,L766,L790;2_nonfinal_ult:L2718
S70	SUFFIX	F126	m	1_final_medial;1_nonfinal_ult;2_nonfinal_ult	MULTI_ROOT_SEG;SINGLE_ROOT_SEG	1_final_medial:L4149,L6508,L7110,L7111;1_nonfinal_ult:L2424,L3002,L3102,L3103,L3104,L3105,L3106,L3107,L3109,L3110,L3111,L3112,L3113,L3114,L3115,L5604,L5605,L5606,L5607,L609,L6850,L7271,L8459,L8460,L8461,L8462,L8463,L8464,L8537,L8538,L927,L9390,L9954;2_nonfinal_ult:L5738
S71	SUFFIX	F127	maņ	1_nonfinal_ult	SINGLE_ROOT_SEG	1_nonfinal_ult:L9041
S72	SUFFIX	F128	men	1_nonfinal_medial;1_nonfinal_ult	MULTI_ROOT_SEG	1_nonfinal_medial:L4550,L4949,L4986;1_nonfinal_ult:L2250,L2397,L3608,L3774,L4871,L4965,L4966,L4978,L5791,L6606,L7670,L7771,L8096
S72	SUFFIX	F129	meņ	1_final_medial;1_nonfinal_ult	MULTI_ROOT_SEG	1_final_medial:L10145,L3431,L4987;1_nonfinal_ult:L2396,L5596
S70	SUFFIX	F130	mj	1_final_medial;1_nonfinal_ult	MULTI_ROOT_SEG	1_final_medial:L7286;1_nonfinal_ult:L2268,L4514,L5608,L597,L6126
S73	SUFFIX	F131	n	1_final_medial;1_nonfinal_medial;1_nonfinal_ult	MULTI_ROOT_SEG;SINGLE_ROOT_SEG	1_final_medial:L10079,L10080,L119,L2633,L3033,L389,L390,L535,L536,L537,L554,L7670,L8271,L8662,L9312,L9337,L9540,L9541,L9542,L9543;1_nonfinal_medial:L5019;1_nonfinal_ult:L10150,L10151,L10174,L10175,L1256,L148,L17,L18,L19,L1946,L1949,L1950,L1951,L1952,L1953,L20,L2096,L2097,L2098,L2123,L2124,L220,L2523,L2731,L2880,L2884,L2885,L2905,L2970,L3108,L3429,L4670,L4671,L4672,L4673,L4674,L4675,L4676,L4677,L4678,L4679,L4680,L4681,L4682,L4683,L4684,L4685,L4686,L4740,L4741,L4742,L4751,L513,L5203,L5578,L5579,L5659,L6625,L6649,L6684,L6813,L693,L7178,L7184,L7659,L7660,L7661,L7662,L7671,L7672,L7673,L7674,L7675,L7676,L7677,L7678,L7679,L7680,L7681,L7682,L8429,L8533,L9120,L9288,L9289,L9290,L9291,L9389,L942,L943,L944,L945,L9518,L9907,L9908,L9993
S74	SUFFIX	F132	niec	1_nonfinal_ult;2_nonfinal_ult;3_nonfinal_ult	MULTI_ROOT_SEG;SINGLE_ROOT_SEG	1_nonfinal_ult:L10064,L10067,L10068,L10083,L1042,L1043,L1141,L1192,L1278,L1300,L1392,L1726,L187,L188,L189,L191,L1947,L199,L216,L217,L2294,L2881,L2882,L2883,L3639,L3640,L3641,L3769,L3775,L3803,L3833,L3834,L3835,L3872,L3899,L3914,L3915,L3916,L4439,L4484,L4538,L4885,L493,L494,L4989,L4990,L5006,L5007,L5008,L5009,L5082,L5371,L5386,L57,L571,L6020,L604,L6066,L6150,L6218,L6223,L6224,L6844,L6889,L6890,L7015,L7221,L8487,L9604,L9610,L9615,L9624,L9646,L9647;2_nonfinal_ult:L10142,L2427,L2428,L3946,L3993,L4030,L4031,L4032,L4302,L4303,L4578,L4656,L4785,L5130,L5131,L5159,L5745,L7707,L7708,L7709,L7710,L7723,L7796,L7797,L7798,L7869,L8489,L8577,L9843,L9844;3_nonfinal_ult:L7674,L7675
S74	SUFFIX	F133	niek	1_final_medial;1_nonfinal_ult;2_final_medial;2_nonfinal_ult;3_nonfinal_ult	MULTI_ROOT_SEG;SINGLE_ROOT_SEG	1_final_medial:L4478,L6392,L786;1_nonfinal_ult:L10065,L10066,L10075,L10082,L1044,L1142,L1193,L1391,L1727,L1730,L1735,L1768,L1835,L1854,L190,L1948,L2275,L2295,L2358,L2418,L2439,L2441,L2483,L2484,L2542,L3439,L3463,L3464,L3776,L3836,L3852,L3917,L4440,L4443,L4449,L4477,L4485,L4539,L4548,L4882,L4897,L4932,L4991,L5010,L5011,L5083,L5331,L5372,L5387,L573,L58,L584,L596,L6001,L6002,L6005,L6014,L6021,L6023,L6025,L6039,L6041,L6048,L605,L6058,L6067,L6069,L6081,L6083,L6084,L6091,L6094,L6100,L6118,L6125,L6131,L6140,L6151,L6219,L6225,L6618,L6686,L6845,L6891,L8488,L8494,L8518,L9599,L9605,L9611,L9616,L9625,L9648,L9740,L9981,L9983;2_final_medial:L7799;2_nonfinal_ult:L10143,L2366,L2429,L3992,L4033,L4034,L4035,L4053,L4304,L4306,L4579,L4657,L4659,L4784,L5132,L5160,L5181,L5744,L5815,L606,L6152,L7711,L7752,L7800,L7850,L7865,L7870,L7871,L7873,L7924,L7930,L7933,L9299,L9300,L9301,L9845;3_nonfinal_ult:L7269,L7676,L7677
S30	SUFFIX	F134	nīc	1_nonfinal_ult;2_nonfinal_ult	MULTI_ROOT_SEG;SINGLE_ROOT_SEG	1_nonfinal_ult:L1162,L1279,L4135,L5012,L5252,L5253,L5275,L5276,L5278,L5328,L5383,L5405,L5422,L6846,L7264,L9042,L9043;2_nonfinal_ult:L4036,L4037,L7712,L8135
S30	SUFFIX	F135	nīķ	2_nonfinal_ult	SINGLE_ROOT_SEG	2_nonfinal_ult:L4038
S75	SUFFIX	F136	o	1_nonfinal_medial;1_nonfinal_ult;2_nonfinal_medial;2_nonfinal_ult;3_nonfinal_ult	MULTI_ROOT_SEG;SINGLE_ROOT_SEG	1_nonfinal_medial:L179,L241,L2636,L2637,L2834,L5260,L5261,L5262,L5263,L5264,L5296,L7752,L7865;1_nonfinal_ult:L10000,L10001,L10002,L10005,L10006,L10181,L10182,L10183,L1271,L1272,L1273,L1301,L1302,L1445,L1446,L1449,L149,L150,L1506,L151,L1559,L1577,L1601,L1678,L1682,L1702,L1825,L2315,L236,L237,L2579,L2580,L2581,L2631,L2632,L2647,L2648,L2649,L275,L276,L2823,L2824,L2825,L2826,L2830,L2831,L2832,L2833,L2848,L2849,L2850,L2851,L2852,L2854,L2855,L2856,L2857,L2858,L2859,L2860,L2863,L2864,L2865,L2867,L2868,L3005,L3098,L3320,L3321,L3322,L3323,L3324,L3398,L3399,L3400,L3401,L3402,L3403,L3404,L3405,L3406,L3441,L3472,L3475,L3621,L3622,L3623,L3624,L3625,L3626,L3627,L3628,L3629,L3642,L3643,L3644,L3645,L3646,L3663,L3664,L3665,L3666,L3667,L3668,L3805,L4164,L4194,L4195,L4196,L4197,L4198,L4229,L4230,L4231,L4232,L4233,L4413,L4414,L4415,L4463,L4464,L4743,L4744,L4748,L4756,L4883,L4904,L4905,L4907,L4911,L4912,L4913,L4927,L4928,L4939,L4946,L4947,L4948,L498,L501,L5254,L5255,L5258,L5259,L5289,L5290,L5309,L5321,L5322,L5323,L5335,L5336,L5352,L5353,L5356,L5363,L538,L5380,L539,L5393,L5394,L540,L5409,L541,L542,L547,L548,L549,L550,L553,L555,L5571,L5572,L5627,L5677,L5678,L5723,L5942,L5943,L5944,L5945,L5993,L5994,L630,L631,L6310,L632,L633,L6331,L6332,L6333,L6334,L634,L6436,L6470,L6471,L6483,L6484,L6485,L6486,L6487,L6655,L6656,L6657,L6658,L6687,L6793,L6794,L7187,L7224,L7231,L7244,L7272,L7280,L7654,L7655,L7656,L7657,L8536,L8680,L9087,L9088,L9454,L9455,L9468,L9492,L9505,L9667,L9668,L9669,L9699,L9700,L9701,L9702,L9703,L9706,L9831,L9832,L9833,L9856,L9857,L9858,L9859,L9860,L9861,L9863,L9864,L9865,L9921,L9922,L9923,L9965,L9977,L9991,L9992,L9995,L9996,L9997;2_nonfinal_medial:L7801,L7813,L7816,L7817,L7818,L7819,L7820,L7848;2_nonfinal_ult:L1264,L1548,L2642,L2643,L2729,L2730,L3106,L3107,L3110,L3114,L3115,L3120,L4039,L4040,L4052,L4059,L4161,L4173,L4251,L4252,L4285,L4286,L5540,L6464,L6465,L668,L669,L670,L671,L701,L702,L703,L704,L751,L762,L763,L7727,L7737,L7738,L7739,L7740,L7741,L7742,L7743,L7744,L7745,L7746,L7750,L7751,L7753,L7754,L7756,L7757,L776,L7802,L7803,L7804,L7805,L7806,L7807,L7808,L7809,L7810,L7811,L7812,L7814,L7815,L7832,L7833,L7834,L7835,L7836,L7837,L7838,L7839,L7840,L7843,L7844,L7845,L7846,L7847,L7849,L7851,L7855,L7857,L7858,L7859,L7860,L7861,L7862,L7863,L7864,L7866,L7867,L7868,L7874,L7875,L7880,L7881,L7883,L7884,L7885,L7886,L7887,L7888,L7889,L7890,L7891,L7892,L7893,L7895,L7896,L7898,L7899,L7900,L7901,L7902,L7903,L7904,L7905,L7906,L7907,L7908,L7909,L7910,L7911,L7912,L7913,L7914,L7920,L7921,L7922,L7923,L7926,L7927,L7928,L7929,L7931,L7932,L8100,L8101,L9379,L9380,L9381,L9382,L9383,L9385,L9398,L9403,L9404,L9405,L9406,L9407,L9408,L9409,L9410,L9411,L9412,L9413,L9414,L9415,L9419,L9420,L9839;3_nonfinal_ult:L1843
S76	SUFFIX	F137	od	1_nonfinal_ult;2_nonfinal_ult	MULTI_ROOT_SEG;SINGLE_ROOT_SEG	1_nonfinal_ult:L1503,L1504,L1505,L1609,L4793,L5667,L5668,L5669;2_nonfinal_ult:L5976
S77	SUFFIX	F138	okl	1_nonfinal_ult;2_nonfinal_ult	MULTI_ROOT_SEG;SINGLE_ROOT_SEG	1_nonfinal_ult:L7666;2_nonfinal_ult:L9836
S78	SUFFIX	F139	okn	1_nonfinal_ult	SINGLE_ROOT_SEG	1_nonfinal_ult:L2674
S79	SUFFIX	F140	oksl	1_nonfinal_ult	SINGLE_ROOT_SEG	1_nonfinal_ult:L4389
S80	SUFFIX	F141	oksn	1_nonfinal_ult	SINGLE_ROOT_SEG	1_nonfinal_ult:L4567
S77	SUFFIX	F142	okļ	1_nonfinal_ult	MULTI_ROOT_SEG	1_nonfinal_ult:L2556
S81	SUFFIX	F143	ol	1_final_medial;1_nonfinal_medial;1_nonfinal_ult;2_nonfinal_ult	MULTI_ROOT_SEG;SINGLE_ROOT_SEG	1_final_medial:L11,L17,L18,L19,L20,L21,L22,L24,L28,L29,L2903,L3663,L3664,L3665,L5836,L6337,L9714,L9715,L9781;1_nonfinal_medial:L13;1_nonfinal_ult:L10,L12,L1219,L14,L15,L16,L23,L25,L26,L27,L30,L31,L32,L33,L35,L36,L37,L39,L42,L43,L4473,L46,L47,L48,L4961,L4962,L4963,L4964,L5581,L5915,L6659,L8,L9,L9221;2_nonfinal_ult:L7999
S82	SUFFIX	F144	om	1_nonfinal_ult	MULTI_ROOT_SEG	1_nonfinal_ult:L3079,L4827
S83	SUFFIX	F145	on	1_nonfinal_ult;2_nonfinal_ult	MULTI_ROOT_SEG;SINGLE_ROOT_SEG	1_nonfinal_ult:L2287,L3055,L5256,L5257,L5392,L5419,L5699,L5700,L5701,L5702,L6566,L6681,L709,L710,L7532,L8005,L8151,L8152,L8176,L8177;2_nonfinal_ult:L4691,L4692,L9399,L9400,L9401,L9402
S84	SUFFIX	F146	or	1_final_medial;1_nonfinal_ult;2_nonfinal_ult	MULTI_ROOT_SEG;SINGLE_ROOT_SEG	1_final_medial:L6576,L7185,L7186,L7187,L7188,L7189,L7190,L7191,L7192,L7193,L7194,L7195,L7196,L7197,L7198,L7199,L7200,L7201,L7202,L7203,L7206,L7209,L7213,L7214,L7215,L7216,L7217,L7218,L7219,L7220,L7221,L7222,L7223,L7224,L7225,L7226,L7227,L7228,L7229,L7230,L7231,L7232,L7233,L7234,L7235,L7236,L7237,L7238,L7239,L7240,L7241,L7242,L7243,L7244,L7246,L7247,L7248,L7249,L7250,L7251,L7252,L7253,L7254,L7255,L7256,L7257,L7258,L7259,L7260,L7261,L7262,L7263,L7264,L7265,L7266,L7267,L7268,L7269,L7270,L7271,L9780;1_nonfinal_ult:L1187,L1188,L1189,L1190,L1206,L3808,L3819,L7204,L7205,L7207,L7208,L7210,L7211,L7212,L7240,L7245,L7275,L7278,L7282,L7283,L7286,L7287,L7288,L7381,L7390,L7392,L7393,L7416,L7421,L7430,L8629,L8630,L8631,L8637,L8638,L8667,L8668;2_nonfinal_ult:L1304,L5963,L6768,L7230,L8013,L8016,L8605,L8607,L8617,L8624,L8633,L8634,L8649,L8727
S85	SUFFIX	F147	ot	1_final_ult;1_nonfinal_ult;2_final_ult;2_nonfinal_ult	MULTI_ROOT_SEG;SINGLE_ROOT_SEG	1_final_ult:L2241,L2245,L2246,L273,L3001,L3226,L3255,L3263,L4390,L4407,L4643,L9886;1_nonfinal_ult:L1829,L2506,L4424;2_final_ult:L3288;2_nonfinal_ult:L5564,L7531,L7728
S86	SUFFIX	F148	oties	1_final_ult	MULTI_ROOT_SEG	1_final_ult:L4260
S87	SUFFIX	F149	otn	1_nonfinal_ult	MULTI_ROOT_SEG;SINGLE_ROOT_SEG	1_nonfinal_ult:L4479,L9469,L9533,L9534,L9837
S88	SUFFIX	F150	oz	1_nonfinal_ult	MULTI_ROOT_SEG;SINGLE_ROOT_SEG	1_nonfinal_ult:L7949,L7950,L7984,L8075,L8802,L9849,L9850
S89	SUFFIX	F151	oz	2_nonfinal_ult	SINGLE_ROOT_SEG	2_nonfinal_ult:L1808
S90	SUFFIX	F152	oīd	1_nonfinal_ult	MULTI_ROOT_SEG	1_nonfinal_ult:L422,L8004
S81	SUFFIX	F153	oļ	1_final_medial	MULTI_ROOT_SEG	1_final_medial:L1688
S83	SUFFIX	F154	oņ	1_final_medial;1_nonfinal_ult;2_nonfinal_ult	MULTI_ROOT_SEG;SINGLE_ROOT_SEG	1_final_medial:L128,L1635,L319,L4937,L5045,L5420,L5421,L7279,L7280,L7534,L7535,L7536,L7537,L7538,L9732,L9855;1_nonfinal_ult:L10225,L3056,L5703,L7533;2_nonfinal_ult:L3044
S91	SUFFIX	F155	oš	1_final_medial;1_nonfinal_ult;2_nonfinal_ult;3_nonfinal_ult;4_nonfinal_ult	MULTI_ROOT_SEG;SINGLE_ROOT_SEG	1_final_medial:L6300;1_nonfinal_ult:L10124,L10129,L1031,L1038,L2980,L3014,L3225,L3252,L3304,L3305,L3306,L4013,L4188,L4256,L4257,L5642,L5643,L5802,L5803,L732,L7524,L8148,L8153,L8187,L8266,L9884,L9885,L9888,L9890,L9936;2_nonfinal_ult:L2879,L2917,L2918,L3457,L3481,L507,L5872,L828,L829,L923,L980;3_nonfinal_ult:L1204,L1532,L3625,L4195,L5255,L5321,L630,L6402,L6926,L6927,L6935,L7701,L7706,L7788,L8600;4_nonfinal_ult:L2785,L2786,L7693,L7694,L7805,L7837
S76	SUFFIX	F156	ož	1_final_medial	MULTI_ROOT_SEG	1_final_medial:L1507,L1508,L1509
S92	SUFFIX	F157	p	1_final_medial;1_nonfinal_medial	MULTI_ROOT_SEG	1_final_medial:L3263;1_nonfinal_medial:L7071
S93	SUFFIX	F158	r	1_final_medial;1_nonfinal_ult	MULTI_ROOT_SEG;SINGLE_ROOT_SEG	1_final_medial:L792,L9779;1_nonfinal_ult:L1466,L1467,L1468,L1469,L1470,L1472,L1473,L2501,L3118,L3119,L3120,L460,L512,L5811
S94	SUFFIX	F159	s	1_final_medial;1_nonfinal_medial;1_nonfinal_ult	MULTI_ROOT_SEG;SINGLE_ROOT_SEG	1_final_medial:L5377,L6323,L6916,L7144,L7514,L8560,L8583,L9478;1_nonfinal_medial:L4547;1_nonfinal_ult:L2732,L2740,L2741,L2742,L3547,L6514
S95	SUFFIX	F160	sl	1_nonfinal_ult	MULTI_ROOT_SEG;SINGLE_ROOT_SEG	1_nonfinal_ult:L10094,L2350,L3436,L3437,L3541,L3542,L3543,L3544,L3829,L467,L4705,L5563,L5564,L5565,L7724,L7725,L7726,L7727,L7728,L9458
S96	SUFFIX	F161	sm	1_final_medial;1_nonfinal_medial;1_nonfinal_ult	MULTI_ROOT_SEG;SINGLE_ROOT_SEG	1_final_medial:L8096,L9394;1_nonfinal_medial:L8102,L8103,L8104,L9388,L9389,L9390;1_nonfinal_ult:L1060,L1283,L2733,L2734,L2735,L2736,L2737,L2738,L2739,L2913,L2920,L3161,L4017,L4204,L4706,L488,L5220,L5230,L5272,L5808,L5851,L6164,L712,L7235,L733,L7614,L765,L768,L7817,L8095,L8097,L8098,L8099,L8100,L8101,L8105,L8106,L8107,L8108,L8109,L8110,L8111,L8112,L8113,L8114,L8115,L8116,L8117,L8118,L8119,L8120,L8121,L8122,L8123,L8124,L8125,L8149,L8534,L9122,L9377,L9378,L9379,L9380,L9381,L9382,L9383,L9384,L9385,L9386,L9387,L9391,L9392,L9393,L9395,L9396,L9397,L9398,L9399,L9400,L9401,L9402,L9403,L9404,L9405,L9406,L9407,L9408,L9409,L9410,L9411,L9412,L9413,L9414,L9415,L9416,L9417,L9418,L9419,L9420,L9421,L9422,L9423,L9424
S97	SUFFIX	F162	sn	1_nonfinal_ult;2_nonfinal_ult	MULTI_ROOT_SEG;SINGLE_ROOT_SEG	1_nonfinal_ult:L1510,L1511,L3567,L3572,L713,L752,L8259;2_nonfinal_ult:L3713
S98	SUFFIX	F163	sniņ	1_final_ult;1_nonfinal_ult	MULTI_ROOT_SEG;SINGLE_ROOT_SEG	1_final_ult:L3506;1_nonfinal_ult:L3504,L6449
S99	SUFFIX	F164	st	1_nonfinal_medial;1_nonfinal_ult	MULTI_ROOT_SEG;SINGLE_ROOT_SEG	1_nonfinal_medial:L5206;1_nonfinal_ult:L10095,L10096,L10097,L10100,L10101,L10105,L1296,L2003,L2004,L2005,L2006,L2007,L2008,L2009,L2010,L2011,L2750,L2751,L2752,L2753,L2755,L2758,L2764,L2765,L2766,L2767,L2768,L2812,L2813,L2814,L2815,L2816,L2817,L2818,L2819,L2912,L2914,L2915,L2916,L2917,L2918,L2921,L2922,L2923,L3121,L3122,L3123,L3126,L3129,L3130,L3135,L3138,L7539,L7540,L7541,L7581,L7582,L7583,L8472
S100	SUFFIX	F165	t	1_final_medial;1_final_ult;1_nonfinal_medial;1_nonfinal_ult;2_nonfinal_ult;3_nonfinal_ult;4_nonfinal_ult	MULTI_ROOT_SEG;SINGLE_ROOT_SEG	1_final_medial:L1512,L1513,L1515,L1517,L1518,L1519,L1520,L1521,L1522,L1523,L1524,L1527,L1528,L1529,L1535,L1537,L1538,L1539,L1540,L1541,L1542,L1543,L1544,L1545,L1546,L1549,L1550,L1551,L1552,L1553,L1554,L1555,L1556,L1558,L1559,L1560,L1561,L1562,L1565,L1566,L1567,L1568,L1571,L1595,L1599,L1600,L1601,L1606,L1607,L1608,L290,L291,L292,L293,L294,L346,L375,L384,L385,L386,L3945,L3946,L3949,L3950,L3977,L45,L4520,L4521,L4522,L4523,L4524,L4525,L4526,L4527,L4528,L4529,L4530,L4531,L4532,L4533,L4534,L4535,L4536,L4537,L4538,L4539,L4542,L4543,L4544,L4545,L4546,L4547,L4548,L46,L5092,L529,L530,L531,L5479,L556,L601,L602,L603,L604,L605,L6150,L6151,L6295,L6297,L6307,L6308,L6318,L6319,L6320,L6343,L6344,L6360,L6361,L6391,L74,L75,L7521,L8476,L8481,L8482,L8483,L8484,L8485,L8486,L8487,L8488,L8492,L8493,L8494,L8563,L9708,L9709,L9710,L9711,L9769,L9770,L9771,L9772,L9810;1_final_ult:L3956,L3968;1_nonfinal_medial:L1525,L1536,L1547,L1563,L1588,L1877,L2176,L2602,L3752,L4026,L5026,L5209,L5396,L607,L6257,L6690,L6691,L7064,L7065,L7680,L798,L9539;1_nonfinal_ult:L10168,L10169,L1037,L1492,L1513,L1514,L1516,L1526,L1530,L1531,L1532,L1533,L1534,L1548,L1557,L1563,L1564,L1570,L1572,L1578,L1579,L1580,L1581,L1582,L1585,L1587,L1590,L1591,L1592,L1593,L1594,L1596,L1597,L1598,L1602,L1603,L1604,L1605,L1610,L1611,L1612,L1613,L2216,L2223,L2224,L2229,L2233,L2234,L2236,L2237,L2256,L2312,L2365,L2366,L2425,L2426,L2427,L2428,L2429,L2546,L2836,L3027,L3029,L3215,L3433,L3724,L3728,L3753,L3937,L3938,L3939,L3940,L3941,L3943,L3944,L3946,L3948,L3958,L3959,L3960,L3963,L3964,L3969,L3970,L3971,L3972,L4027,L4028,L4029,L4030,L4031,L4032,L4033,L4034,L4035,L4036,L4037,L4038,L4039,L4040,L4041,L4052,L4053,L4059,L4172,L4178,L4200,L4211,L4237,L4239,L4263,L4350,L4355,L4356,L4361,L4519,L4540,L4541,L4708,L4709,L4710,L4733,L486,L600,L6030,L606,L608,L6149,L6152,L6611,L6612,L6613,L6614,L7092,L7093,L7094,L7107,L7110,L7111,L7124,L7127,L7137,L7145,L715,L7151,L7154,L7492,L7607,L7608,L8213,L8222,L8228,L8281,L8341,L8344,L8408,L8409,L8465,L8475,L8477,L8478,L8479,L8480,L8489,L8490,L8491,L8540,L8541,L8543,L8548,L8549,L8558,L8559,L9082,L9093,L9099,L9101,L9110,L9111,L9112,L924,L932,L9643,L9644,L9866,L9867,L9868,L9869,L9873,L999;2_nonfinal_ult:L1016,L1491,L1559,L1584,L1601,L2648,L2773,L2935,L3406,L3646,L3667,L3673,L3888,L3889,L3890,L3900,L4222,L4230,L4382,L4394,L4396,L4397,L4399,L4400,L4410,L4555,L4589,L4756,L4883,L4907,L4911,L5127,L5143,L5171,L5172,L5200,L5202,L5343,L5349,L5350,L5373,L5374,L541,L542,L5452,L5467,L5510,L5517,L5595,L5717,L5887,L641,L6487,L6819,L6837,L6857,L6858,L6872,L6877,L6894,L6898,L6899,L6952,L6953,L6960,L7192,L7269,L7431,L7451,L8444,L8451,L8453,L8604,L864,L868,L8793,L8797,L9002,L9004,L9006,L921,L940,L9832,L9833,L9865,L987,L9972;3_nonfinal_ult:L1226,L1227,L1254,L1531,L2753,L4252,L6465,L7251,L7738,L7745,L7746,L7849,L7866,L7875,L7881,L7899,L7900,L7914,L8101,L9231;4_nonfinal_ult:L1843,L7212
S101	SUFFIX	F166	tal	1_nonfinal_ult	SINGLE_ROOT_SEG	1_nonfinal_ult:L2126,L2127
S102	SUFFIX	F167	tar	1_final_medial	MULTI_ROOT_SEG	1_final_medial:L6313
S103	SUFFIX	F168	tav	1_nonfinal_ult;2_nonfinal_ult;3_nonfinal_ult	MULTI_ROOT_SEG;SINGLE_ROOT_SEG	1_nonfinal_ult:L7135;2_nonfinal_ult:L10211,L1228,L3796,L3894,L5432,L5458,L5529,L5870,L6333,L820,L8324,L836,L855,L890,L9037,L904,L905,L906,L910;3_nonfinal_ult:L7555,L7702
S104	SUFFIX	F169	tel	1_nonfinal_ult	SINGLE_ROOT_SEG	1_nonfinal_ult:L383,L5761
S105	SUFFIX	F170	tin	1_final_ult	SINGLE_ROOT_SEG	1_final_ult:L10111,L3270,L716,L8340,L9091
S106	SUFFIX	F171	tiņ	1_nonfinal_ult;2_nonfinal_ult	MULTI_ROOT_SEG;SINGLE_ROOT_SEG	1_nonfinal_ult:L279,L2839,L296,L301,L320,L327,L346,L3505,L374,L375,L522,L523,L561,L5762,L7586,L7736,L9092;2_nonfinal_ult:L25,L26,L27,L5736
S107	SUFFIX	F172	tn	1_nonfinal_ult;2_nonfinal_ult;3_nonfinal_ult	MULTI_ROOT_SEG;SINGLE_ROOT_SEG	1_nonfinal_ult:L2017,L3942,L3950,L3953,L3965,L3967,L4716,L5648,L6609,L8552,L928;2_nonfinal_ult:L3870,L7268;3_nonfinal_ult:L7815
S108	SUFFIX	F173	tr	1_nonfinal_medial;1_nonfinal_ult	MULTI_ROOT_SEG;SINGLE_ROOT_SEG	1_nonfinal_medial:L1642,L1826,L5053,L5117,L6184,L6185,L6187,L6188,L9481,L9482;1_nonfinal_ult:L6183,L6186,L8329,L8330,L8331
S109	SUFFIX	F174	tuv	1_nonfinal_ult;2_nonfinal_ult	MULTI_ROOT_SEG;SINGLE_ROOT_SEG	1_nonfinal_ult:L3162,L3164,L3169,L3174,L3185,L3190,L3193,L3196,L3206,L4315,L4343,L7138,L7587,L9094;2_nonfinal_ult:L1229
S110	SUFFIX	F175	tāj	2_final_medial;2_nonfinal_ult;3_final_medial;3_nonfinal_ult	MULTI_ROOT_SEG;SINGLE_ROOT_SEG	2_final_medial:L1719,L179,L241,L2628,L2629,L2636,L2637,L3611,L4149,L4282,L5296,L5460,L7752,L7933,L8125,L8143,L8146,L826,L9518,L9852;2_nonfinal_ult:L10212,L1241,L1263,L1272,L1273,L1301,L1302,L1310,L1311,L1463,L1502,L1678,L1682,L1693,L1694,L1718,L1720,L237,L257,L2671,L2833,L2834,L2889,L2890,L2898,L2984,L3013,L3160,L3316,L3324,L3342,L3343,L3403,L3404,L3414,L3415,L3480,L3517,L3523,L3612,L3797,L3805,L3908,L4067,L4068,L4228,L4405,L4554,L4565,L4810,L5142,L5156,L5199,L5441,L5442,L5451,L5459,L5475,L5496,L5503,L5514,L5561,L5644,L5871,L5944,L5945,L6334,L640,L6453,L6704,L6705,L6759,L6760,L6834,L6869,L6950,L6964,L6973,L6974,L7126,L7163,L7224,L7239,L7244,L7446,L7455,L7656,L7657,L8131,L8132,L8141,L8142,L8144,L8145,L8147,L8162,L8163,L8167,L8168,L8169,L8174,L8175,L8182,L8183,L8185,L8186,L8188,L8189,L8196,L8197,L821,L822,L825,L827,L8291,L8292,L832,L8325,L8328,L8334,L837,L839,L841,L842,L858,L8664,L8665,L8685,L8686,L887,L888,L891,L892,L893,L894,L903,L9038,L9039,L9053,L907,L908,L9087,L9088,L9492,L9494,L9516,L9517,L9526,L9527,L9702,L9703,L9971;3_final_medial:L1742,L5206;3_nonfinal_ult:L2709,L3019,L3129,L4674,L4675,L4681,L4682,L703,L7697,L7703,L7704,L7722,L7743,L7744,L7749,L7756,L7811,L7812,L7834,L7835,L7839,L7840,L7845,L7846,L7861,L7862,L7891,L7892,L7895,L7896,L7909,L7910,L7912,L7913,L7923,L7928,L7929,L8572,L8573,L8580,L9382,L9383,L9404,L9405,L9413,L9414,L9828,L9829
S111	SUFFIX	F176	u	1_final_ult	MULTI_ROOT_SEG;SINGLE_ROOT_SEG	1_final_ult:L1012,L10134,L1020,L2801,L3562,L3580,L4261,L6437,L6504,L7020,L781,L972
S112	SUFFIX	F177	uc	1_nonfinal_ult	MULTI_ROOT_SEG;SINGLE_ROOT_SEG	1_nonfinal_ult:L1850,L1851,L1852,L2798,L2802,L3647,L3652,L3653
S113	SUFFIX	F178	uk	1_nonfinal_ult	SINGLE_ROOT_SEG	1_nonfinal_ult:L1703,L1896,L1924,L1925,L5922,L7312,L9359
S114	SUFFIX	F179	ul	1_nonfinal_ult;2_nonfinal_ult	MULTI_ROOT_SEG;SINGLE_ROOT_SEG	1_nonfinal_ult:L1941,L1942,L2131,L2132,L3075,L3459,L3460,L4242,L4243,L4277,L4278,L4281,L4282,L4287,L5787,L5835,L5839,L8247,L8261,L8949,L8950,L8951,L9360;2_nonfinal_ult:L2727,L2728,L2741
S115	SUFFIX	F180	um	1_final_medial;1_final_ult;1_nonfinal_medial;1_nonfinal_ult;2_final_medial;2_nonfinal_ult;3_final_medial;3_nonfinal_ult;4_final_medial;4_nonfinal_ult	MULTI_ROOT_SEG;SINGLE_ROOT_SEG	1_final_medial:L10011,L1318,L1595,L1629,L1701,L1859,L2315,L240,L241,L242,L243,L244,L245,L246,L247,L249,L250,L2620,L2689,L3287,L33,L3338,L3339,L3340,L3341,L3342,L3343,L3344,L3345,L3346,L3347,L3348,L3349,L3350,L3352,L3353,L3354,L3355,L3356,L3357,L3358,L3359,L3360,L3361,L3362,L3363,L3364,L3366,L3367,L3368,L3369,L3370,L3371,L3372,L3373,L3374,L3375,L3376,L3377,L3378,L3379,L3380,L3381,L3382,L3383,L3384,L3385,L3386,L4265,L4409,L4577,L4581,L4582,L4583,L4604,L4973,L5041,L5094,L5097,L5119,L5145,L5325,L5326,L5411,L5688,L6230,L6252,L6380,L7025,L7026,L7108,L7112,L7372,L741,L742,L7502,L7759,L8267,L840,L8435,L8436,L8495,L8496,L8497,L8498,L8499,L8500,L8501,L8502,L8503,L8504,L8505,L8506,L8507,L8508,L8509,L8510,L8511,L8512,L8513,L8514,L8515,L8516,L8517,L8518,L8519,L8520,L8521,L8522,L8523,L8524,L8526,L8527,L8528,L8529,L8530,L8531,L8532,L8533,L8534,L8535,L8536,L8537,L8538,L8565,L9612,L9952,L9954;1_final_ult:L10010,L3335,L4248,L5664,L9951;1_nonfinal_medial:L10014,L7027;1_nonfinal_ult:L10012,L10013,L10014,L10139,L10140,L10141,L10142,L10143,L10154,L10158,L10226,L1075,L1291,L1630,L1729,L1967,L2033,L2040,L2045,L2147,L2153,L2230,L2248,L2249,L2261,L2262,L2263,L2277,L2311,L2313,L2314,L2352,L245,L2451,L248,L2485,L2690,L2706,L2902,L2911,L2975,L2992,L3100,L3175,L3186,L3203,L3207,L3272,L3273,L3277,L3279,L3283,L3286,L3336,L3337,L3351,L3365,L3435,L3723,L3778,L3824,L3838,L3857,L3863,L3930,L4184,L4192,L4203,L4249,L4250,L4251,L4252,L4253,L4279,L4283,L4285,L4286,L4314,L4344,L4345,L4360,L4365,L4367,L4558,L4578,L4579,L4580,L4596,L4601,L472,L4745,L4752,L4971,L4972,L4974,L505,L5628,L5665,L5788,L5815,L5816,L5832,L5846,L5847,L5848,L5932,L6231,L644,L667,L6679,L6680,L674,L6981,L6982,L6986,L6987,L6995,L6996,L6998,L7002,L7003,L7016,L7017,L7018,L7019,L7021,L7024,L7028,L7030,L7031,L7042,L7043,L7050,L7051,L7053,L7057,L7059,L7060,L7062,L7063,L7066,L7067,L7068,L7069,L7071,L7073,L7075,L718,L719,L7229,L736,L7549,L7629,L774,L782,L785,L795,L8047,L8248,L8360,L8431,L8434,L8437,L8438,L8439,L8440,L8446,L8455,L8481,L8495,L8500,L8519,L8525,L8544,L8562,L8563,L8564,L8762,L8952,L9447,L9448,L9491,L971,L973,L9895,L9953,L9960;2_final_medial:L1563,L1588,L1642,L5053,L5117,L5396,L6184,L6185,L6187,L6188,L7064,L7065,L9481,L9482;2_nonfinal_ult:L1126,L1150,L1564,L1582,L1587,L1725,L1939,L2285,L2293,L2362,L2481,L2532,L2536,L2576,L2645,L269,L2720,L2742,L2894,L3087,L3108,L3449,L410,L4226,L4269,L427,L4276,L4374,L4388,L4764,L5064,L5247,L5288,L530,L5418,L5624,L5640,L5676,L5811,L6186,L6264,L6290,L6431,L6623,L6812,L6824,L6843,L6863,L6994,L7014,L7049,L7094,L7339,L7355,L7488,L7766,L7774,L7879,L8331,L8746,L8811,L8819,L8824,L8977,L9467,L9532,L9557,L9848;3_final_medial:L5330,L5369,L5454,L7865;3_nonfinal_ult:L10209,L1073,L1080,L1262,L1460,L1478,L1479,L1714,L1845,L1929,L1953,L2422,L2423,L253,L2553,L2559,L2695,L2699,L2726,L2830,L2848,L2850,L2860,L2863,L2867,L2875,L2895,L3000,L3005,L3364,L3399,L3478,L3621,L3636,L3642,L3665,L3792,L3811,L3825,L3841,L3842,L3939,L4051,L4196,L4369,L4401,L4549,L4551,L4586,L4593,L470,L4807,L4982,L5121,L5138,L5147,L5152,L5175,L5183,L5195,L5438,L5448,L5455,L5464,L5480,L5481,L5486,L5492,L5500,L5507,L5511,L5515,L5524,L555,L5558,L5607,L5723,L5800,L5863,L6463,L6471,L6613,L6701,L6770,L6866,L6890,L690,L6961,L6967,L6968,L6969,L6970,L7172,L7175,L7179,L7187,L7231,L7617,L7793,L7919,L807,L8138,L815,L8181,L8194,L8447,L8535,L8589,L8660,L873,L8750,L9275,L9505,L9667,L9699,L975,L9856,L9859,L9967;4_final_medial:L7071;4_nonfinal_ult:L1264,L2790,L3106,L7271,L7727,L7740,L7806,L7863,L7901,L7905,L7906,L9379,L9385,L9398,L9409,L9419
S116	SUFFIX	F181	up	1_final_medial;1_final_ult;1_nonfinal_ult	MULTI_ROOT_SEG;SINGLE_ROOT_SEG	1_final_medial:L1029,L1030,L1031,L1033,L1034,L1035,L1036,L1037,L1038;1_final_ult:L1028;1_nonfinal_ult:L1032
S117	SUFFIX	F182	ur	1_final_medial;1_final_ult;1_nonfinal_ult	MULTI_ROOT_SEG;SINGLE_ROOT_SEG	1_final_medial:L10162,L1547,L2415,L2416,L2417,L2418,L8966,L9670;1_final_ult:L4789;1_nonfinal_ult:L2465,L3648,L3868,L4294,L4295,L4296,L4297,L4298,L4299,L4300,L4301,L4302,L4303,L4304,L4305,L4306,L4307,L4308,L4309,L4310,L4791,L5686,L6665,L7467,L7468,L7469
S118	SUFFIX	F183	us	1_final_medial;1_final_ult;1_nonfinal_ult;2_final_ult;2_nonfinal_ult;3_nonfinal_ult;4_nonfinal_ult	MULTI_ROOT_SEG;SINGLE_ROOT_SEG	1_final_medial:L2972,L2973,L2974,L2975,L2976,L2977,L2978,L2979,L2980,L2981,L2982,L2983,L2984,L2985,L2986,L2987,L2988,L2989,L2990,L2991,L2992,L2993,L2994,L2995,L2996,L2997,L2998,L2999,L3000,L3001,L3002,L3003,L3004,L3005,L3006,L3007,L3008,L3009,L3010,L3011,L3012,L3013,L3014,L3015,L3016,L3017,L3018,L3019,L3020,L3021,L3022,L3023,L3024,L3025;1_final_ult:L10135,L1021,L2971,L3026,L4160,L4491,L9950;1_nonfinal_ult:L3931,L3974,L3976,L5853,L5894,L5896,L7035,L7731,L8354,L8471,L8555,L933;2_final_ult:L1963,L3158;2_nonfinal_ult:L8640;3_nonfinal_ult:L4557;4_nonfinal_ult:L7804,L7884,L7888,L8569,L8579
S119	SUFFIX	F184	ut	1_nonfinal_ult	SINGLE_ROOT_SEG	1_nonfinal_ult:L5817,L5818,L5819,L5914
S114	SUFFIX	F185	uļ	1_final_medial;1_nonfinal_ult	MULTI_ROOT_SEG;SINGLE_ROOT_SEG	1_final_medial:L110,L4244,L4245,L4246,L4247,L7023,L7109,L7356,L7357,L8120,L8121;1_nonfinal_ult:L3688
S120	SUFFIX	F186	uļo	1_nonfinal_ult	SINGLE_ROOT_SEG	1_nonfinal_ult:L1965,L1966
S118	SUFFIX	F187	uš	1_nonfinal_ult;2_nonfinal_medial	MULTI_ROOT_SEG	1_nonfinal_ult:L8566;2_nonfinal_medial:L4544,L6307,L6308,L6309
S121	SUFFIX	F188	v	1_final_medial;1_nonfinal_medial;1_nonfinal_ult	MULTI_ROOT_SEG;SINGLE_ROOT_SEG	1_final_medial:L10133,L10134,L10135,L10136,L1291,L1292,L3368,L3922,L5085,L5088,L5096,L5648,L7786,L7795,L7822,L7823,L7824,L7825,L7826,L8964,L9661;1_nonfinal_medial:L2595,L2596,L2597,L7340,L7360,L7763,L7764,L7765,L7766,L7767,L7768,L7769,L7770,L7771,L7772,L7773,L7774,L7775,L7776,L7777,L7778,L7779,L7780,L7781,L7782,L7783,L7784,L7799,L7801,L7813,L7816,L7817,L7818,L7819,L7820,L7848,L7894;1_nonfinal_ult:L1024,L1264,L1992,L3019,L3457,L4042,L4043,L4044,L4045,L4046,L4047,L4048,L4049,L4050,L4051,L4173,L4503,L4711,L4712,L4713,L5540,L5649,L5650,L5651,L6008,L6009,L6146,L7630,L7631,L7632,L7633,L7634,L7635,L7636,L7637,L7638,L7639,L7640,L7737,L7738,L7739,L7740,L7741,L7742,L7743,L7744,L7745,L7746,L7747,L7748,L7749,L7750,L7751,L7752,L7753,L7754,L7755,L7756,L7757,L7758,L7759,L7760,L7761,L7762,L7785,L7787,L7788,L7789,L7790,L7791,L7792,L7793,L7794,L7796,L7797,L7798,L7800,L7802,L7803,L7804,L7805,L7806,L7807,L7808,L7809,L7810,L7811,L7812,L7814,L7815,L7821,L7827,L7828,L7829,L7830,L7831,L7832,L7833,L7834,L7835,L7836,L7837,L7838,L7839,L7840,L7841,L7842,L7843,L7844,L7845,L7846,L7847,L7849,L7850,L7851,L7852,L7853,L7854,L7855,L7856,L7857,L7858,L7859,L7860,L7861,L7862,L7863,L7864,L7865,L7866,L7867,L7868,L7869,L7870,L7871,L7872,L7873,L7874,L7875,L7876,L7877,L7878,L7879,L7880,L7881,L7882,L7883,L7884,L7885,L7886,L7887,L7888,L7889,L7890,L7891,L7892,L7893,L7895,L7896,L7897,L7898,L7899,L7900,L7901,L7902,L7903,L7904,L7905,L7906,L7907,L7908,L7909,L7910,L7911,L7912,L7913,L7914,L7915,L7916,L7917,L7918,L7919,L7920,L7921,L7922,L7923,L7924,L7925,L7926,L7927,L7928,L7929,L7930,L7931,L7932,L7933,L923,L9836
S122	SUFFIX	F189	ā	1_final_medial;1_final_ult;1_nonfinal_medial;1_nonfinal_ult;2_final_ult;2_nonfinal_ult	MULTI_ROOT_SEG;SINGLE_ROOT_SEG	1_final_medial:L3214,L3951,L3952,L7855;1_final_ult:L6170,L9506,L994;1_nonfinal_medial:L6836,L8143,L8146,L8147,L8148,L8149,L8150;1_nonfinal_ult:L1228,L1229,L1262,L1263,L1934,L1935,L1954,L1956,L2769,L2770,L2771,L2772,L2773,L3146,L3154,L3155,L3156,L3170,L3171,L3181,L3182,L3187,L3188,L3250,L3414,L3415,L3514,L3515,L3516,L3517,L3518,L3519,L3520,L3521,L3522,L3523,L3524,L3525,L3526,L3527,L3528,L3670,L3671,L3672,L3673,L3674,L3675,L3676,L3677,L3678,L3811,L3870,L4062,L4065,L4066,L4067,L4068,L4073,L4074,L4145,L4193,L4227,L4228,L4944,L6807,L6808,L6809,L6816,L6817,L6818,L6819,L6820,L6832,L6833,L6834,L6835,L6837,L6856,L6857,L6858,L6859,L6866,L6867,L6868,L6869,L6870,L6872,L6873,L6877,L6878,L6880,L6881,L6894,L6896,L6897,L6898,L6899,L6900,L6901,L6904,L6905,L6906,L6907,L6908,L6958,L6959,L6960,L6965,L6967,L6968,L6969,L6970,L6971,L6972,L6973,L6974,L6975,L6977,L7267,L7268,L7269,L7314,L7315,L7316,L7617,L8126,L8127,L8128,L8129,L8130,L8131,L8132,L8133,L8134,L8137,L8138,L8139,L8140,L8141,L8142,L8144,L8145,L8154,L8155,L8156,L8157,L8158,L8160,L8161,L8162,L8163,L8164,L8165,L8166,L8167,L8168,L8169,L8170,L8171,L8172,L8173,L8174,L8175,L8178,L8179,L8180,L8181,L8182,L8183,L8184,L8185,L8186,L8188,L8189,L8190,L8191,L8192,L8193,L8194,L8195,L8196,L8197,L8198,L8199,L8257,L8262,L8263,L8264,L8265,L8307,L8308,L8309,L8310,L8311,L8312,L8313,L8314,L8315,L8404,L8405;2_final_ult:L4432;2_nonfinal_ult:L9092
S123	SUFFIX	F190	āc	1_nonfinal_ult;2_nonfinal_ult;3_nonfinal_ult;4_nonfinal_ult	MULTI_ROOT_SEG;SINGLE_ROOT_SEG	1_nonfinal_ult:L1099,L1123,L5133,L5964,L5970,L6690,L6693,L6709,L6752,L6769,L7220,L7248,L7305,L7308,L8000,L8014,L8018,L8521,L8598,L8625,L8707,L8723,L8918,L9207;2_nonfinal_ult:L1093,L1194,L1223,L1239,L1252,L2956,L3830,L7934,L8621,L8920,L9232,L9826;3_nonfinal_ult:L7208,L7409,L8040,L8926;4_nonfinal_ult:L8846,L8850,L8861,L8898
S124	SUFFIX	F191	ād	1_final_medial;1_nonfinal_ult;2_nonfinal_ult	MULTI_ROOT_SEG;SINGLE_ROOT_SEG	1_final_medial:L10052;1_nonfinal_ult:L4761,L4762,L4763,L4764;2_nonfinal_ult:L5543,L5544,L5545
S125	SUFFIX	F192	āj	1_final_medial;1_nonfinal_ult;2_nonfinal_ult;3_nonfinal_ult	MULTI_ROOT_SEG;SINGLE_ROOT_SEG	1_final_medial:L2822,L7614,L7617,L7618,L7619,L7620,L7621,L7623,L7624;1_nonfinal_ult:L1259,L5542,L681,L682,L7613,L7615,L7616,L7622,L7641,L7642,L7645,L7646,L9011,L9012,L9025,L9026,L9046,L9057,L9058,L9061,L9062,L9063,L9070,L9071,L9075,L9076,L9077,L9078,L9079,L9117,L9118;2_nonfinal_ult:L3567;3_nonfinal_ult:L3298,L7633
S126	SUFFIX	F193	āk	1_final_medial;1_nonfinal_ult	MULTI_ROOT_SEG	1_final_medial:L5109,L5110,L7152,L7153,L7154,L7155,L7931,L797,L921,L922,L923;1_nonfinal_ult:L2547,L920
S6	SUFFIX	F194	āl	1_final_medial;1_nonfinal_medial;1_nonfinal_ult;2_final_medial;2_nonfinal_ult	MULTI_ROOT_SEG;SINGLE_ROOT_SEG	1_final_medial:L1657,L2630,L2904,L4516,L5091,L5354,L5355,L5481,L614,L7401,L8106,L8963;1_nonfinal_medial:L7108;1_nonfinal_ult:L1220,L3590,L3685,L3686,L6694,L6695,L6696,L6697,L6698,L6716,L6723,L6781,L6786,L6787,L6789,L8929,L8930,L8931,L8932,L8933,L8934,L8935,L8938,L9186;2_final_medial:L4123,L7062,L8863,L8864,L8865,L8866,L8872,L8873,L8874,L8875,L8876,L8877,L8878,L8880,L8881,L8882,L8883;2_nonfinal_ult:L2461,L3828,L3918,L5539,L5590,L5601,L5801,L618,L7292,L7293,L7294,L7297,L7298,L7299,L7300,L8002,L8036,L8063,L8091,L8698,L8699,L8844,L8848,L8849,L8852,L8853,L8854,L8855,L8856,L8857,L8867,L8868,L8869,L8870,L8871,L8879,L8889,L8894,L8895,L8896,L8897,L8899,L8900,L8901,L8902,L8903,L8962
S8	SUFFIX	F195	ām	1_final_medial;1_final_ult;1_nonfinal_ult;2_nonfinal_ult;3_nonfinal_ult	MULTI_ROOT_SEG;SINGLE_ROOT_SEG	1_final_medial:L1000,L1001,L1873,L3166,L3228,L645,L7557,L8282,L9659,L9881,L9882,L9883,L9884,L9885,L9886,L9887,L9888,L9889,L9890,L995,L996,L997,L998,L999;1_final_ult:L10133,L2969,L9880,L9978;1_nonfinal_ult:L4215,L4273,L5166,L5167,L5168,L7263;2_nonfinal_ult:L5477,L8023;3_nonfinal_ult:L7718
S127	SUFFIX	F196	ān	1_nonfinal_ult	MULTI_ROOT_SEG;SINGLE_ROOT_SEG	1_nonfinal_ult:L6180,L6181,L6191,L6939,L6940,L8041,L9684,L9685
S128	SUFFIX	F197	ār	1_final_medial;1_nonfinal_ult;2_nonfinal_ult	MULTI_ROOT_SEG;SINGLE_ROOT_SEG	1_final_medial:L2899,L3109,L5067,L5068;1_nonfinal_ult:L1763,L442,L443,L444,L445,L446,L452,L5938,L5947,L5948,L6699,L6700,L6750,L952;2_nonfinal_ult:L1065,L1066,L1067
S15	SUFFIX	F198	āt	1_nonfinal_ult;2_nonfinal_ult	MULTI_ROOT_SEG;SINGLE_ROOT_SEG	1_nonfinal_ult:L1057,L1275,L420,L4805,L4806,L4811,L5965,L6746,L8015,L8056,L8599,L8646,L8759,L8798,L9499;2_nonfinal_ult:L413,L8629,L8644,L8671
S129	SUFFIX	F199	āž	1_nonfinal_ult	MULTI_ROOT_SEG	1_nonfinal_ult:L3832,L7228
S130	SUFFIX	F200	ē	1_nonfinal_medial;1_nonfinal_ult;2_nonfinal_medial;2_nonfinal_ult;3_nonfinal_ult;4_nonfinal_ult	MULTI_ROOT_SEG;SINGLE_ROOT_SEG	1_nonfinal_medial:L2628,L3611,L5330,L8125,L9518;1_nonfinal_ult:L1016,L10207,L10208,L10209,L10210,L10211,L10212,L10213,L10214,L10218,L10219,L10220,L10221,L1034,L1036,L1100,L1119,L1120,L1121,L1122,L1176,L1204,L1241,L1257,L132,L133,L134,L135,L136,L137,L138,L139,L141,L142,L143,L144,L1448,L1491,L1493,L154,L155,L156,L157,L1573,L1574,L158,L1589,L159,L160,L162,L1620,L1621,L163,L1633,L1636,L1638,L164,L165,L166,L167,L168,L169,L1691,L1692,L1693,L1694,L1695,L1699,L170,L171,L172,L173,L175,L1753,L176,L177,L1774,L1777,L180,L181,L183,L184,L185,L186,L195,L196,L197,L198,L201,L2014,L2015,L2019,L202,L2020,L203,L204,L205,L206,L207,L208,L2138,L2139,L2140,L2141,L2144,L2148,L2150,L2154,L2156,L2553,L2559,L2667,L2695,L2696,L2697,L2698,L2834,L2887,L2888,L2889,L2890,L2932,L2933,L2934,L2935,L2939,L2940,L2941,L2944,L2945,L2946,L2984,L3013,L3049,L3050,L3051,L3052,L3066,L3096,L3160,L3314,L3315,L3316,L3318,L3326,L3388,L3389,L3422,L3465,L3466,L3471,L3565,L3609,L3610,L3612,L3619,L3620,L3693,L3699,L3734,L3742,L3766,L3771,L3772,L3792,L3793,L3794,L3795,L3796,L3797,L3798,L3847,L3877,L3878,L3883,L3884,L3885,L3887,L3888,L3889,L3890,L3894,L3900,L3906,L3907,L3908,L3911,L3919,L3926,L3927,L3982,L3997,L4167,L4208,L4221,L4222,L4369,L4370,L4371,L4376,L4377,L4378,L4379,L4380,L4381,L4382,L4392,L4393,L4394,L4395,L4396,L4397,L4399,L4400,L4401,L4402,L4403,L4404,L4405,L4406,L4410,L4549,L4561,L4562,L4593,L4594,L4595,L4807,L4808,L4809,L4810,L4812,L4813,L502,L5644,L5966,L5967,L5968,L638,L639,L6398,L6399,L640,L6400,L6401,L6402,L6403,L6404,L641,L6422,L6423,L646,L647,L6701,L6702,L6703,L6704,L6705,L6710,L6711,L6714,L6726,L6727,L6728,L6738,L6739,L6740,L6753,L6757,L6758,L6759,L6760,L6770,L6771,L6772,L6774,L6775,L6926,L6927,L6928,L6929,L6935,L7126,L7161,L7162,L7163,L7164,L7165,L7166,L7167,L7168,L7169,L7170,L7171,L7172,L7173,L7174,L7175,L7179,L7180,L7181,L7192,L7227,L7238,L7239,L7306,L7307,L7332,L7333,L7334,L7341,L7342,L7348,L7350,L7351,L7352,L7431,L7432,L7433,L7434,L7439,L7440,L7444,L7445,L7446,L7447,L7448,L7449,L7450,L7451,L7452,L7453,L7454,L7455,L7456,L7457,L7470,L7494,L7495,L7501,L7506,L7513,L7515,L7966,L7986,L801,L802,L803,L804,L807,L808,L809,L8147,L815,L816,L817,L818,L819,L820,L821,L822,L8318,L8319,L832,L8320,L8322,L8323,L8324,L8325,L8326,L8332,L8333,L8334,L835,L836,L837,L841,L842,L843,L844,L847,L848,L855,L856,L858,L8600,L8601,L8602,L8603,L8604,L866,L8664,L8665,L868,L8682,L8683,L8684,L8685,L8686,L8687,L8724,L8725,L8726,L8728,L873,L874,L875,L8792,L8793,L8796,L8797,L8827,L8828,L884,L885,L887,L888,L890,L891,L8919,L892,L893,L894,L896,L8978,L8979,L8994,L8995,L9001,L9002,L903,L904,L905,L906,L907,L908,L909,L910,L921,L9228,L9494,L9514,L9515,L9516,L9517,L9519,L9572,L9578,L9579;2_nonfinal_medial:L1742;2_nonfinal_ult:L1094,L1095,L1096,L1097,L1199,L1224,L1225,L1226,L1227,L1253,L1254,L2784,L2785,L2786,L2787,L2788,L2789,L2794,L3019,L3038,L3039,L3040,L3041,L3047,L3558,L3559,L3560,L3563,L3569,L3576,L3581,L3998,L4002,L403,L4687,L4688,L4697,L7251,L7271,L7692,L7693,L7694,L7695,L7696,L7697,L7713,L7714,L7720,L7721,L7722,L7935,L7936,L7937,L7952,L8409,L8569,L8570,L8571,L8572,L8573,L8579,L8582,L8584,L8622,L9229,L9230,L9231,L9827,L9828,L9829;3_nonfinal_ult:L7210,L7211,L7212,L8927,L8928;4_nonfinal_ult:L8847,L8851,L8862
S131	SUFFIX	F201	ēj	1_final_medial;1_nonfinal_ult;2_final_medial;2_nonfinal_ult;3_nonfinal_ult	MULTI_ROOT_SEG;SINGLE_ROOT_SEG	1_final_medial:L1134,L1672,L1871,L2660,L3654,L4234,L4287,L5295,L5410,L6883,L7004,L7005,L7006,L7007,L7009,L7027,L7386,L8240,L8241,L8242,L8244,L8245,L8254;1_nonfinal_ult:L1007,L10126,L10147,L10148,L10172,L1153,L1183,L1267,L1858,L1980,L1981,L1987,L2240,L226,L235,L244,L2973,L2988,L3141,L3209,L3210,L3211,L3212,L3214,L3219,L3223,L3228,L3230,L3231,L3233,L3236,L3237,L3239,L3240,L3241,L3247,L3249,L3251,L3254,L3256,L3257,L3261,L3266,L3290,L3291,L3297,L3498,L3861,L3862,L4012,L4021,L4168,L4214,L4219,L4323,L4324,L4467,L4468,L4487,L4489,L4604,L4605,L4606,L4738,L4749,L4750,L4754,L4767,L497,L5055,L5056,L511,L5269,L5543,L5544,L5545,L5546,L5552,L5575,L5620,L582,L5876,L5997,L6124,L6138,L6239,L6476,L6482,L6882,L6884,L6979,L6980,L6989,L6990,L6991,L7001,L7008,L7022,L7023,L7025,L7026,L7038,L7045,L7055,L7056,L7061,L7072,L7625,L7626,L7643,L7644,L814,L8233,L8234,L8235,L8236,L8238,L8239,L8243,L8249,L8250,L8252,L8255,L8256,L8337,L8348,L8349,L8350,L876,L9030,L9031,L946,L947,L948,L9497,L9500,L9501,L9507,L9508,L9509,L9510,L9511,L9889;2_final_medial:L7370;2_nonfinal_ult:L1032,L1510,L3969,L3970,L4179,L9461,L9881,L9882;3_nonfinal_ult:L3713
S132	SUFFIX	F202	ēk	1_final_medial;1_nonfinal_ult	MULTI_ROOT_SEG	1_final_medial:L1591,L1592,L2002,L3738,L5754,L7482;1_nonfinal_ult:L1508,L1525,L1549,L1626,L3717,L5753,L7481,L8875,L9437
S133	SUFFIX	F203	ēm	1_final_ult	MULTI_ROOT_SEG;SINGLE_ROOT_SEG	1_final_ult:L4163,L4174,L4292
S134	SUFFIX	F204	ēn	1_nonfinal_ult;2_final_medial;2_nonfinal_ult	MULTI_ROOT_SEG;SINGLE_ROOT_SEG	1_nonfinal_ult:L5924,L5925,L9354,L9512,L9513,L9690;2_final_medial:L9243;2_nonfinal_ult:L1503,L2,L3652
S135	SUFFIX	F205	ēr	1_nonfinal_ult	SINGLE_ROOT_SEG	1_nonfinal_ult:L8813
S136	SUFFIX	F206	ēt	1_nonfinal_ult	MULTI_ROOT_SEG	1_nonfinal_ult:L7996,L7997,L8720
S137	SUFFIX	F207	ī	1_nonfinal_medial;1_nonfinal_ult;2_nonfinal_medial;2_nonfinal_ult	MULTI_ROOT_SEG;SINGLE_ROOT_SEG	1_nonfinal_medial:L2629,L4149,L5369,L5454,L5460,L7933,L9852;1_nonfinal_ult:L10149,L10194,L10195,L10198,L10199,L10200,L10201,L1073,L1080,L1309,L1310,L1311,L1451,L1452,L1453,L1454,L1455,L1456,L1457,L1458,L1459,L1460,L1461,L1462,L1463,L1465,L1474,L1475,L1476,L1477,L1478,L1479,L1480,L1482,L1484,L1485,L1487,L1488,L219,L2266,L230,L232,L2422,L2423,L3000,L3053,L3054,L3057,L3058,L3059,L3060,L3061,L3062,L3063,L3221,L3235,L3244,L3245,L3259,L3265,L3331,L3332,L3333,L3342,L3343,L3390,L3391,L3393,L3394,L3395,L3825,L3841,L3842,L4181,L4217,L4218,L4274,L5120,L5121,L5122,L5123,L5124,L5125,L5126,L5127,L5128,L5138,L5139,L5140,L5141,L5142,L5143,L5144,L5147,L5148,L5149,L5150,L5152,L5153,L5154,L5155,L5156,L5157,L5163,L5165,L5170,L5171,L5172,L5173,L5174,L5175,L5176,L5177,L5178,L5179,L5180,L5183,L5184,L5185,L5186,L5188,L5190,L5191,L5192,L5194,L5195,L5196,L5197,L5198,L5199,L5200,L5201,L5202,L5427,L5429,L5432,L5436,L5437,L5443,L5444,L5445,L5453,L5455,L5456,L5457,L5458,L5459,L5461,L5464,L5465,L5466,L5467,L5469,L5473,L5474,L5475,L5476,L5480,L5481,L5486,L5487,L5488,L5492,L5496,L5500,L5501,L5502,L5503,L5504,L5505,L5506,L5509,L5511,L5512,L5513,L5514,L5515,L5516,L5517,L5518,L5519,L5522,L5524,L5529,L5595,L5691,L5692,L5693,L5694,L5695,L5696,L5697,L5698,L5704,L5705,L5706,L5707,L5708,L5709,L5711,L5712,L5713,L5716,L5717,L5718,L5719,L5720,L5721,L5722,L5800,L7242,L8288,L8289,L8290,L8291,L8292,L8294,L8299,L8300,L8301,L8302,L8303,L8304,L8305,L8316,L8317,L8679,L940,L987;2_nonfinal_medial:L5206;2_nonfinal_ult:L10095,L10096,L10097,L10100,L10101,L10105,L1511,L2003,L2004,L2005,L2006,L2007,L2008,L2009,L2010,L2011,L2707,L2708,L2709,L2711,L2712,L2713,L2714,L2715,L2716,L2753,L2812,L2813,L2814,L2815,L2816,L2817,L2818,L2819,L3122,L3123,L3126,L3129,L3130,L3135,L3138,L4670,L4672,L4673,L4674,L4675,L4676,L4677,L4678,L4679,L4680,L4681,L4682,L4683,L4684,L4685,L4686,L4690,L7528,L7541,L7551,L7556,L7559,L7560,L7562,L7563,L7564,L7582,L7583
S138	SUFFIX	F208	īb	1_final_medial;1_nonfinal_ult;2_final_medial;2_nonfinal_ult;3_nonfinal_ult;4_nonfinal_ult	MULTI_ROOT_SEG;SINGLE_ROOT_SEG	1_final_medial:L4384,L5133,L5134,L5135,L5136,L5137,L5169,L5243,L5244;1_nonfinal_ult:L10063,L1054,L1056,L1070,L1085,L1086,L1090,L1140,L1230,L1280,L1314,L1464,L1527,L1722,L1733,L1828,L1847,L1879,L221,L223,L224,L2258,L2264,L2282,L2290,L2317,L2320,L2327,L2328,L2340,L2346,L2359,L2377,L2399,L2412,L2417,L2431,L2478,L249,L2509,L2533,L2567,L2568,L2577,L2592,L2598,L2603,L2604,L2605,L2610,L2611,L2612,L2617,L2620,L2621,L2622,L2623,L2624,L2625,L2628,L2629,L2630,L2633,L2635,L2636,L2637,L2646,L2656,L2658,L2660,L2662,L2672,L2702,L2774,L2777,L2780,L2837,L2840,L2841,L2845,L2871,L2891,L2899,L2900,L2903,L2904,L2906,L2909,L2985,L3006,L3018,L3020,L3022,L3094,L3416,L3428,L3446,L3469,L3474,L3782,L3864,L3866,L4186,L4223,L4267,L4288,L4289,L4383,L4385,L454,L4566,L4570,L4574,L4577,L4610,L4613,L4616,L4619,L4632,L4640,L4783,L4784,L4785,L4798,L4801,L4857,L4896,L4924,L4957,L4981,L4995,L5005,L5129,L5130,L5131,L5132,L515,L5158,L5159,L5160,L5164,L5181,L5187,L5205,L5206,L5216,L5234,L5242,L5248,L525,L5273,L5285,L5293,L5295,L5296,L5300,L5304,L5305,L5308,L5311,L5313,L5315,L5317,L532,L5320,L5330,L5333,L5337,L5340,L5344,L535,L5351,L5357,L5360,L5364,L5365,L5367,L5370,L5377,L5378,L5379,L5390,L5396,L5397,L5404,L5408,L5410,L5411,L5415,L5471,L5484,L5491,L5494,L5497,L5528,L5621,L5630,L5636,L5671,L5673,L5682,L5714,L5775,L5873,L6166,L6265,L6352,L6395,L6467,L6496,L6502,L6645,L6821,L6827,L6848,L685,L6860,L6874,L699,L6999,L7011,L7039,L7046,L7186,L7213,L7225,L7270,L7336,L7344,L7353,L739,L7767,L7991,L8241,L8287,L831,L8338,L8351,L8498,L8499,L8508,L8524,L8528,L8576,L882,L9048,L9060,L929,L936,L941,L9432,L9440,L9529,L957,L9630,L966,L9737,L9745,L9776,L9918,L9932;2_final_medial:L8576;2_nonfinal_ult:L10055,L10064,L1278,L1296,L1300,L1829,L1841,L189,L1950,L1974,L199,L217,L2223,L2229,L2233,L2243,L2272,L2371,L2426,L271,L2723,L2883,L2885,L2914,L2921,L3421,L3641,L3769,L3775,L3803,L3835,L3872,L3899,L3916,L3940,L3941,L3948,L3960,L3963,L3971,L4048,L4176,L4206,L4215,L4271,L4273,L4646,L4762,L4885,L494,L4990,L5009,L5167,L5586,L5604,L5638,L5667,L5699,L5792,L625,L6262,L6428,L6439,L6447,L6460,L6611,L6621,L687,L7015,L7092,L7127,L7151,L7221,L754,L7789,L7790,L7877,L8048,L8472,L8480,L8514,L8540,L8548,L8559,L8565,L8575,L8578,L8581,L8583,L9009,L932,L9378,L9510,L9646;3_nonfinal_ult:L2428,L2751,L2755,L2758,L2764,L2766,L3406,L4045,L4589,L5127,L5131,L5202,L5343,L5349,L5373,L541,L5544,L5612,L5656,L6952,L7710,L7723,L8489,L8577,L9832,L9844;4_nonfinal_ult:L7745,L7899
S139	SUFFIX	F209	īd	1_nonfinal_ult	MULTI_ROOT_SEG	1_nonfinal_ult:L8794
S140	SUFFIX	F210	īdz	1_nonfinal_ult	SINGLE_ROOT_SEG	1_nonfinal_ult:L9843,L9844,L9845
S140	SUFFIX	F211	īg	1_final_medial;1_nonfinal_ult;2_nonfinal_ult;3_nonfinal_ult	MULTI_ROOT_SEG;SINGLE_ROOT_SEG	1_final_medial:L2331,L296;1_nonfinal_ult:L10016,L10017,L10072,L10196,L10224,L1442,L1443,L146,L153,L1555,L1708,L1723,L1724,L1725,L1931,L1932,L1937,L1938,L1939,L2159,L2164,L222,L225,L2259,L2260,L2283,L2284,L2285,L2291,L2292,L2293,L2306,L2307,L2321,L2329,L233,L2330,L2335,L2338,L2339,L2341,L2342,L2345,L2347,L2360,L2361,L2362,L2369,L2370,L2378,L2379,L240,L2408,L2409,L2413,L2414,L2432,L2433,L2448,L2456,L2479,L2480,L2481,L2487,L2494,L2499,L2500,L2510,L2511,L2534,L2535,L2536,L2540,L2541,L2549,L2550,L2554,L2563,L267,L268,L2684,L269,L2775,L2776,L2778,L2779,L2781,L2782,L2838,L2842,L2843,L2846,L2847,L2869,L2870,L2872,L2873,L2892,L2893,L2894,L2907,L2908,L3378,L3417,L3418,L3447,L3448,L3449,L358,L3712,L3713,L3987,L4187,L4220,L4224,L4225,L4226,L4255,L4264,L4265,L4268,L4269,L4275,L4276,L4284,L4290,L4372,L4373,L4374,L4386,L4387,L4388,L4434,L4438,L4448,L4458,L4469,L4471,L4475,L4483,L4504,L4511,L4512,L4575,L4576,L4609,L4611,L4612,L4614,L4615,L4617,L4618,L4620,L4621,L4633,L4634,L4641,L4642,L4746,L4747,L476,L4765,L477,L4770,L4799,L4800,L4802,L4803,L4958,L5063,L5064,L5106,L5110,L5112,L5114,L5161,L5162,L5189,L5235,L5245,L5246,L5247,L526,L527,L528,L5286,L5287,L5288,L529,L5294,L530,L5316,L533,L5334,L5342,L5345,L536,L537,L5391,L5416,L5417,L5418,L5472,L5485,L5498,L5553,L5576,L5577,L5622,L5623,L5624,L565,L5661,L5674,L5675,L5676,L570,L5715,L5735,L574,L5776,L5777,L5822,L583,L587,L5874,L5875,L5991,L5998,L5999,L6013,L6019,L6024,L6031,L6032,L6038,L6042,L6047,L6050,L6057,L6065,L6075,L6080,L6087,L6090,L6099,L6107,L6111,L6117,L6123,L6130,L6288,L6289,L6290,L6340,L6353,L6354,L6386,L6396,L6397,L6418,L6419,L6420,L6421,L6468,L6469,L6493,L6497,L6646,L6810,L6811,L6812,L6822,L6823,L6824,L6828,L6829,L6841,L6842,L6843,L6851,L6852,L6861,L6862,L6863,L6875,L6876,L6984,L6985,L6992,L6993,L6994,L7000,L7012,L7013,L7014,L7032,L7033,L7036,L7040,L7041,L7047,L7048,L7049,L7189,L7337,L7338,L7339,L7346,L7347,L7355,L7461,L7547,L7548,L7550,L7769,L7772,L7773,L7774,L7822,L8280,L8998,L8999,L9040,L9049,L9050,L9427,L9441,L9465,L9466,L9467,L9530,L9531,L9532,L958,L959,L962,L963,L9631,L9632,L967,L968,L9711,L9725,L9738,L9739,L974,L9746,L9777,L9778,L9785,L9846,L9847,L9848,L9919,L9920,L9933,L9963,L9989,L9990,L9998,L9999;2_nonfinal_ult:L1833,L1842,L1843,L1844,L1845,L1951,L1952,L1953,L2273,L2274,L2301,L2302,L2372,L2373,L2424,L2724,L2725,L2726,L2737,L2738,L2744,L2745,L2792,L285,L286,L2915,L2916,L2922,L2923,L3119,L3121,L3328,L3329,L3387,L3964,L3972,L4049,L4050,L4051,L5225,L5244,L5251,L5264,L5267,L5605,L5606,L5607,L5634,L5635,L5650,L5668,L5700,L5724,L5740,L5741,L5814,L6008,L6461,L6462,L6463,L6612,L6613,L688,L689,L690,L7475,L7476,L750,L7519,L7526,L7527,L7539,L7540,L755,L756,L764,L766,L7791,L7792,L7793,L7816,L7820,L7848,L790,L9028,L9029;3_nonfinal_ult:L7761,L7762
S141	SUFFIX	F212	īn	1_final_medial;1_nonfinal_ult	MULTI_ROOT_SEG;SINGLE_ROOT_SEG	1_final_medial:L8764;1_nonfinal_ult:L1106,L1107,L1108,L1109,L3583,L5986,L6603,L7628,L7982,L8037,L8038,L8067,L9214
S142	SUFFIX	F213	īt	1_final_ult;1_nonfinal_ult;2_final_ult;2_nonfinal_ult;3_nonfinal_ult;4_nonfinal_ult	MULTI_ROOT_SEG;SINGLE_ROOT_SEG	1_final_ult:L2806,L6458;1_nonfinal_ult:L10039,L10187,L10188,L10189,L1222,L1240,L1245,L1335,L1410,L1411,L1412,L147,L1507,L1524,L1543,L1545,L1556,L1697,L1737,L174,L1758,L1759,L1919,L1921,L1922,L1998,L2101,L2121,L2122,L2677,L274,L2807,L2808,L2809,L2936,L2943,L2948,L2991,L3082,L3308,L336,L3360,L3373,L3374,L3380,L344,L3616,L3704,L3705,L3714,L3912,L4005,L4408,L4455,L450,L4508,L4758,L480,L4873,L4876,L4903,L5428,L56,L5734,L5750,L5757,L579,L5907,L5921,L5982,L6347,L6387,L6388,L6478,L6499,L6732,L6733,L7990,L8051,L8277,L8278,L8279,L8293,L834,L852,L9000,L9141,L9142,L9143,L9144,L9353,L9356,L9428,L9429,L9560,L9588,L9608,L9697,L9755,L9758,L9779,L9810;2_final_ult:L2798,L2802;2_nonfinal_ult:L10150,L10175,L1470,L1505,L16,L1604,L1851,L1852,L2183,L2184,L2572,L2665,L4,L406,L407,L4144,L4243,L4278,L4297,L4300,L4301,L4305,L4332,L4333,L4336,L4352,L4702,L4713,L4742,L4965,L5,L5912,L5913,L609,L6429,L691,L7330,L7639,L7640,L7794,L8462,L8469,L8538,L8590,L8951,L9463,L9534,L9873;3_nonfinal_ult:L2728,L3300,L8479,L9392;4_nonfinal_ult:L7808,L7868
S58	SUFFIX	F214	īv	1_final_medial;1_nonfinal_ult;2_nonfinal_ult	MULTI_ROOT_SEG;SINGLE_ROOT_SEG	1_final_medial:L2592,L5273;1_nonfinal_ult:L1274,L7183,L7369,L7375,L7377,L7378,L7389,L7394,L7400,L7410,L7411,L7419,L7420,L7422;2_nonfinal_ult:L1063,L1064,L1205,L3837,L4804,L8012,L8597,L8623,L8702,L8710,L8722,L8873
S143	SUFFIX	F215	īz	1_nonfinal_ult	MULTI_ROOT_SEG	1_nonfinal_ult:L3787
S142	SUFFIX	F216	īš	1_final_medial;1_nonfinal_ult;2_nonfinal_ult	MULTI_ROOT_SEG;SINGLE_ROOT_SEG	1_final_medial:L1696,L2564;1_nonfinal_ult:L598;2_nonfinal_ult:L4337,L5911
S144	SUFFIX	F217	ķ	1_nonfinal_ult	SINGLE_ROOT_SEG	1_nonfinal_ult:L3037,L3038,L3039,L3040,L3041,L3044,L3047,L3558,L3559,L3560,L3561,L3563,L3566,L3569,L3570,L3576,L3577,L3578,L3579,L3581,L3998,L3999,L4000,L4001,L4002
S69	SUFFIX	F218	ļ	1_final_medial;1_nonfinal_medial;1_nonfinal_ult	MULTI_ROOT_SEG;SINGLE_ROOT_SEG	1_final_medial:L2731,L693,L694,L695,L696,L697,L698,L699,L700,L707,L708,L739,L740;1_nonfinal_medial:L705,L706,L8119;1_nonfinal_ult:L2729,L2730,L668,L669,L670,L671,L692,L701,L702,L703,L704,L720,L725,L747,L748,L751,L753,L762,L763,L776,L797
S73	SUFFIX	F219	ņ	1_final_medial;1_nonfinal_medial;1_nonfinal_ult;2_nonfinal_ult	MULTI_ROOT_SEG;SINGLE_ROOT_SEG	1_final_medial:L787;1_nonfinal_medial:L2589,L4653,L4654,L5039;1_nonfinal_ult:L2489,L2703,L4652,L4655,L4656,L4657,L4658,L4659,L4660,L4661,L4662,L4663,L4664,L4665,L4666,L4667,L4668,L4669,L5655,L5656,L5657,L5658,L6831,L69;2_nonfinal_ult:L6144
S145	SUFFIX	F220	š	1_nonfinal_ult	SINGLE_ROOT_SEG	1_nonfinal_ult:L1963,L3028,L3158,L3550
S146	SUFFIX	F221	š	2_final_medial	MULTI_ROOT_SEG	2_final_medial:L4543
S147	SUFFIX	F222	šan	1_nonfinal_medial;1_nonfinal_ult;2_nonfinal_ult;3_nonfinal_ult;4_nonfinal_ult	MULTI_ROOT_SEG;SINGLE_ROOT_SEG	1_nonfinal_medial:L6251;1_nonfinal_ult:L10098,L10099,L10102,L10103,L10104,L1154,L1957,L1962,L1970,L2012,L2022,L2031,L2038,L2043,L2133,L2134,L2135,L2187,L2188,L2212,L2213,L2217,L2218,L2225,L2226,L2231,L239,L2482,L2705,L2919,L3010,L3124,L3144,L3147,L3149,L3151,L3157,L3163,L3165,L3167,L3172,L3177,L3178,L3179,L3183,L3191,L3194,L3198,L3200,L3201,L3204,L3208,L3274,L3275,L3278,L3280,L3281,L3284,L3434,L3539,L3540,L3933,L3935,L3945,L3951,L3955,L3961,L4015,L4022,L4023,L4057,L4170,L4183,L4190,L4212,L4311,L4339,L4340,L4347,L4362,L4700,L4707,L471,L4715,L4717,L5645,L5726,L5781,L5782,L5785,L5810,L5828,L5829,L5833,L5837,L5841,L5843,L5849,L665,L672,L675,L7076,L7079,L7080,L7083,L7084,L7086,L7088,L7089,L7095,L7096,L7099,L7100,L7101,L7104,L7108,L7109,L7112,L7117,L7118,L7121,L7122,L7128,L7130,L7132,L7133,L7139,L7141,L7142,L7146,L7147,L7148,L7152,L7155,L7156,L7157,L7158,L728,L729,L734,L7584,L7588,L7591,L7593,L7596,L7599,L7600,L7603,L7604,L769,L772,L7729,L7732,L783,L800,L8200,L8203,L8205,L8207,L8208,L8211,L8214,L8217,L8220,L8223,L8224,L8226,L8229,L8230,L8372,L8373,L8374,L8436,L8466,L8473,L8517,L8547,L8550,L8553,L8556,L8560,L9121,L9123,L9124,L9125,L9126,L9127,L9128,L9129,L949,L995,L996;2_nonfinal_ult:L10000,L10005,L10182,L10210,L10220,L1119,L1120,L1176,L1257,L1271,L1309,L132,L133,L136,L137,L141,L142,L1440,L1445,L1461,L1474,L1476,L1480,L149,L1500,L154,L155,L1573,L158,L1616,L162,L1620,L163,L166,L167,L1691,L170,L1702,L171,L1715,L1716,L175,L183,L184,L195,L196,L1965,L1984,L2014,L2019,L204,L205,L207,L2138,L2139,L219,L2266,L230,L2315,L232,L236,L254,L255,L2579,L2631,L2669,L2692,L2696,L2697,L275,L2769,L2770,L2824,L2831,L2851,L2854,L2856,L2858,L2868,L2876,L2887,L2896,L2932,L3053,L3152,L3154,L3314,L3322,L3332,L3400,L3401,L3475,L3479,L3514,L3519,L3521,L3524,L3609,L3622,L3626,L3627,L3643,L3663,L3664,L3771,L3793,L3794,L3847,L3877,L3883,L3906,L3926,L4065,L4164,L4197,L4217,L4326,L4370,L4377,L4379,L4380,L4392,L4402,L4403,L4552,L4561,L4594,L4808,L4927,L4946,L498,L4983,L501,L502,L5027,L5123,L5124,L5139,L5140,L5148,L5153,L5154,L5176,L5179,L5184,L5185,L5190,L5196,L5197,L5236,L5258,L5283,L5289,L5322,L5335,L5347,L5352,L5363,L5375,L539,L5393,L5434,L5436,L5439,L5443,L5449,L5456,L5465,L547,L5473,L5487,L549,L5501,L5504,L5512,L5523,L5525,L5559,L5677,L5695,L5696,L5704,L5718,L5859,L5864,L5868,L5877,L5881,L5884,L5888,L5897,L5942,L5966,L631,L632,L6331,L638,L6451,L6484,L6655,L6702,L6710,L6726,L6739,L6757,L6771,L6807,L6816,L6817,L6832,L6867,L6873,L6896,L6900,L6904,L6905,L6908,L6928,L6948,L6954,L6958,L6962,L6971,L7167,L7169,L7173,L7180,L7227,L7238,L7242,L7267,L7272,L7280,L7306,L7314,L7333,L7341,L7350,L7432,L7444,L7447,L7448,L7453,L7494,L7654,L801,L803,L808,L8127,L8128,L8133,L8139,L8154,L8155,L8156,L8160,L8165,L8166,L8170,L8171,L8173,L818,L8184,L8190,L8191,L8195,L8198,L823,L8264,L8288,L8289,L8299,L8308,L8309,L8318,L8322,L835,L8357,L838,L840,L843,L8443,L8448,L8449,L845,L847,L849,L8536,L856,L857,L8601,L8679,L8680,L8682,L8683,L869,L870,L8724,L874,L8827,L884,L8978,L9035,L9051,L9054,L9056,L9066,L909,L9454,L9514,L9578,L9580,L9668,L9700,L976,L977,L9860,L9968,L9969,L9991;3_nonfinal_ult:L10095,L1095,L1096,L1224,L2004,L2642,L2707,L2713,L2714,L2729,L2788,L2794,L2812,L3122,L3559,L4673,L4678,L4679,L4685,L4687,L668,L669,L701,L751,L7553,L7558,L7559,L7562,L762,L7695,L7698,L7699,L7713,L7715,L7716,L7720,L7741,L7747,L7750,L776,L7809,L7829,L7832,L7838,L7843,L7855,L7858,L7859,L7889,L7902,L7907,L7920,L7926,L7935,L8570,L9229,L9380,L9410,L9411;4_nonfinal_ult:L7210
S97	SUFFIX	F223	šņ	1_nonfinal_ult	SINGLE_ROOT_SEG	1_nonfinal_ult:L3571,L3573
S148	SUFFIX	F224	ūr	1_nonfinal_ult;2_nonfinal_ult	MULTI_ROOT_SEG;SINGLE_ROOT_SEG	1_nonfinal_ult:L1053,L1286,L7981;2_nonfinal_ult:L1079,L6744,L6754,L7237,L8635,L8666
S149	SUFFIX	F225	ūz	1_nonfinal_ult	MULTI_ROOT_SEG	1_nonfinal_ult:L6200
V1	LINKVOWEL	F226	a	1_nonfinal_medial	MULTI_ROOT_SEG	1_nonfinal_medial:L9243
V2	LINKVOWEL	F227	i	1_nonfinal_medial	MULTI_ROOT_SEG	1_nonfinal_medial:L4830,L4832,L7062
V3	LINKVOWEL	F228	i	1_nonfinal_ult	MULTI_ROOT_SEG;SINGLE_ROOT_SEG	1_nonfinal_ult:L1808,L2461,L3828,L3918,L413,L5590,L5801,L5976,L618,L8036,L8063,L8091,L8644,L8671,L8697,L8698,L8699,L8962,L8969
V4	LINKVOWEL	F229	o	1_final_medial	MULTI_ROOT_SEG	1_final_medial:L10027,L10184,L1129,L1130,L1131,L1132,L1134,L1135,L1136,L1137,L1139,L1140,L1141,L1142,L1143,L1146,L1147,L1148,L1149,L1150,L1151,L1152,L1153,L1154,L1157,L1158,L1159,L1160,L1161,L1162,L1163,L1164,L1165,L1166,L1167,L1168,L1169,L1170,L1171,L1172,L1173,L1174,L1175,L1176,L1177,L1178,L1179,L1180,L1181,L1182,L1183,L1184,L1185,L1186,L1187,L1188,L1189,L1190,L1191,L1192,L1193,L1194,L1195,L1196,L1197,L1198,L1199,L1200,L1201,L1202,L1203,L1204,L1205,L1206,L1207,L1208,L1209,L1210,L1211,L1212,L1213,L1214,L1215,L1216,L1217,L1218,L1219,L1220,L1221,L1222,L1223,L1224,L1225,L1226,L1227,L1228,L1229,L1230,L1231,L1232,L1233,L1234,L1235,L1236,L1237,L1238,L1239,L1240,L1241,L1242,L1243,L1244,L1245,L1246,L1247,L1249,L1250,L1251,L1252,L1253,L1254,L1255,L1256,L1257,L1258,L1259,L1260,L1261,L1262,L1263,L1264,L1265,L1266,L1267,L1268,L1269,L1270,L1271,L1272,L1273,L1274,L1275,L1276,L1277,L1278,L1279,L1280,L1281,L1282,L1283,L1284,L1285,L1286,L1287,L1288,L1289,L1290,L1291,L1292,L1293,L1294,L1296,L1297,L1298,L1299,L1300,L1301,L1302,L1303,L1304,L1305,L1306,L1307,L1308,L1309,L1310,L1311,L1312,L1313,L1314,L1315,L1316,L1317,L1320,L1321,L1322,L1323,L1325,L1330,L1333,L1334,L1335,L1336,L1337,L1339,L1340,L1766,L2174,L2568,L2598,L2625,L2755,L2862,L2937,L2959,L3076,L3077,L3078,L3079,L3179,L3241,L3586,L3587,L3588,L3589,L3591,L3618,L3773,L3786,L3791,L3856,L3872,L3873,L432,L433,L434,L435,L436,L4367,L437,L438,L439,L440,L441,L452,L4696,L4814,L4815,L4816,L4817,L4818,L4819,L4820,L4821,L4822,L4823,L4824,L4825,L4826,L4827,L4828,L4829,L4831,L4833,L4834,L4835,L4836,L4837,L4838,L4839,L4840,L4841,L4842,L4843,L4844,L4845,L4846,L4853,L4870,L5046,L5080,L5128,L5146,L5276,L5278,L5279,L5301,L5423,L5789,L5790,L5949,L5950,L5951,L5952,L5953,L5954,L5955,L5956,L5957,L5958,L5977,L619,L6274,L6280,L6520,L6539,L6549,L6550,L6551,L6552,L6553,L6554,L6555,L6556,L6557,L6558,L6559,L6560,L6561,L6562,L6563,L6570,L6571,L6572,L6582,L6584,L6585,L6586,L6588,L6709,L6710,L6711,L6712,L6716,L6717,L6718,L6723,L6781,L6782,L6783,L6784,L6789,L6790,L6791,L6803,L6804,L6805,L6854,L6909,L6919,L6930,L6931,L6987,L6997,L7006,L7028,L7031,L7241,L7250,L7255,L7257,L7261,L7262,L7282,L7295,L7373,L7374,L7375,L7379,L7381,L7382,L7383,L7429,L7437,L751,L7658,L7852,L7950,L7978,L7980,L7981,L7982,L7983,L7984,L7985,L7986,L7987,L7988,L7989,L7990,L7991,L7992,L7993,L7994,L7995,L7996,L7997,L7998,L7999,L8000,L8001,L8002,L8003,L8004,L8005,L8006,L8007,L8008,L8009,L8010,L8011,L8012,L8013,L8014,L8015,L8016,L8017,L8018,L8019,L8020,L8021,L8022,L8023,L8024,L8025,L8026,L8027,L8028,L8029,L8030,L8031,L8032,L8033,L8034,L8035,L8036,L8037,L8038,L8039,L8040,L8041,L8042,L8043,L8044,L8046,L8047,L8048,L8049,L8050,L8051,L8052,L8053,L8054,L8055,L8056,L8057,L8058,L8059,L8060,L8061,L8062,L8063,L8064,L8065,L8068,L8069,L8070,L8071,L8072,L8073,L8074,L8075,L8076,L8077,L8078,L8079,L8080,L8081,L8082,L8088,L8107,L8110,L8249,L8256,L8531,L8591,L8594,L8607,L8609,L8610,L8611,L8612,L8613,L8614,L8615,L8616,L8704,L8706,L8710,L8711,L8712,L8713,L8714,L8715,L8716,L8717,L8718,L8719,L8721,L8727,L8730,L8731,L8732,L8733,L8735,L8736,L8740,L8741,L8742,L8743,L8745,L8746,L8749,L8750,L8751,L8752,L8753,L8754,L8755,L8756,L8757,L8758,L8759,L8760,L8761,L8762,L8763,L8765,L8766,L8767,L8769,L8770,L8771,L8772,L8774,L8776,L8777,L8778,L8779,L8780,L8781,L8783,L8787,L8788,L8791,L8792,L8793,L8794,L8795,L8796,L8797,L8798,L8799,L8800,L8801,L8805,L8848,L8849,L8865,L8866,L8890,L8891,L8892,L8893,L8904,L8911,L8912,L8913,L8936,L9199,L9201,L9202,L9203,L9204,L9385,L9658,L9749,L9781
V5	LINKVOWEL	F230	o	1_nonfinal_medial	MULTI_ROOT_SEG	1_nonfinal_medial:L1147,L1268,L1269,L2959,L4825,L4828,L4830,L4843,L5969,L6718,L8081,L8088,L8609,L8610,L8704,L8912,L8913
V6	LINKVOWEL	F231	o	2_final_medial	MULTI_ROOT_SEG	2_final_medial:L4830,L4832,L5960,L5961,L5969
