MORPHID	MORPHTYPE	FORM	WFID	SGID	SG_LABEL	STRATUM	DEPTH	WF_LABEL	PROVENANCE	ROOTLEMMAS
R1	ROOT_SG	āb	WF1	SG1	āb		0	zero-element	SG_ROOT	L1;L2;L3;L4;L5;L6;L7;L8;L9;L10;L11;L12;L13;L14;L15;L16;L17;L18;L19;L20;L21;L22;L23;L24;L25;L26;L27;L28;L29;L30;L31;L32;L33;L34;L35;L36;L37;L38;L39;L40;L41;L42;L43;L44;L45;L46;L47;L48
R2	ROOT_SG	apel	WF1	SG2	apel	BORROWED	0	zero-element	SG_ROOT	L49;L50;L51;L52
R3	ROOT_SG	apfel	WF1	SG3	apfel	BORROWED	0	zero-element	SG_ROOT	L53;L54
R4	ROOT_SG	ābec	WF2	SG4	ābec, ābeč, ābic		0	ābec, ābeč, ābic	SG_ROOT	L55;L56
R5	ROOT_SG	ābeč	WF2	SG4	ābec, ābeč, ābic		0	ābec, ābeč, ābic	SG_ROOT	L57;L58;L59
R6	ROOT_SG	ābic	WF2	SG4	ābec, ābeč, ābic		0	ābec, ābeč, ābic	SG_ROOT	L60
R7	ROOT_SG	ābel	WF3	SG5	ābel	BORROWED	0	ābel	SG_ROOT	L61
R8	ROOT_SG	ād	WF4	SG6	ād		0	ād	SG_ROOT	L62;L63;L64;L65;L66;L67;L68;L69;L70;L71;L72;L73;L74;L75;L76;L77;L78;L79;L80;L81;L82;L83;L84;L85;L86;L87;L88;L89;L90;L91;L92;L93;L94;L95;L96;L97;L98;L99;L100;L101;L102;L103;L104;L105;L106;L107;L108;L109;L110;L111;L112;L113;L114;L115;L116;L117;L118;L119;L120;L121;L122;L123;L124;L125;L126;L127;L128;L129;L130;L131
R9	ROOT_SG	āķ	WF5	SG7	āķ	BORROWED	0	āķ	SG_ROOT	L132;L133;L134;L135;L136;L137;L138;L139;L140;L141;L142;L143;L144;L145;L146;L147;L148;L149;L150;L151;L152;L153;L154;L155;L156;L157;L158;L159;L160;L161;L162;L163;L164;L165;L166;L167;L168;L169;L170;L171;L172;L173;L174;L175;L176;L177;L178
R10	ROOT_SG	ārst	WF6	SG8	ārst	BORROWED	0	ārst	SG_ROOT	L179;L180;L181;L182;L183;L184;L185;L186;L187;L188;L189;L190;L191;L192;L193;L194;L195;L196;L197;L198;L199;L200;L201;L202;L203;L204;L205;L206;L207;L208;L209;L210;L211;L212;L213;L214;L215;L216;L217;L218
R11	ROOT_SG	ātr	WF7	SG9	ātr		0	ātr	SG_ROOT	L219;L220;L221;L222;L223;L224;L225;L226;L227;L228;L229;L230;L231;L232;L233;L234;L235;L236;L237;L238;L239;L240;L241;L242;L243;L244;L245;L246;L247;L248;L249;L250;L251;L252;L253;L254;L255;L256;L257;L258;L259;L260;L261;L262;L263
R12	ROOT_SG	ātrij	WF8	SG10	ātrij	BORROWED	0	ātrij	SG_ROOT	L264
R13	ROOT_SG	ac	WF9	SG11	ac, ač, ak		0	zero-element	SG_ROOT	L265;L266;L267;L268;L269;L270;L271;L272;L273;L274;L275;L276;L277;L278;L279;L280;L281;L282;L283;L284;L285;L286;L287;L288;L289;L290;L291;L292;L293;L294;L295;L296;L297;L298;L299;L300;L301;L302;L303;L304;L305;L306;L307;L308;L309;L310;L311;L312;L313;L314;L315;L316;L317;L318;L319;L320;L321;L322;L323;L324;L325;L326;L327;L328;L329;L330;L331;L332;L333;L334;L335;L336;L337;L338;L339;L340;L341;L342;L343;L344;L345;L346;L347;L348;L349;L350;L351;L352;L353;L354;L355;L356;L357;L358;L359;L360;L361;L362;L363;L364;L365;L366;L367;L368;L369;L370;L371;L372;L373;L374;L375;L376;L377;L378;L379;L380;L381;L393;L394;L395;L396
R14	ROOT_SG	ač	WF9	SG11	ac, ač, ak		0	zero-element	SG_ROOT	L382;L383;L384;L385;L386;L387;L388;L389;L390;L391;L392;L397;L398
R15	ROOT_SG	ak	WF9	SG11	ac, ač, ak		0	zero-element	SG_ROOT	L399;L400;L401;L402;L403;L404;L405;L406;L407;L408;L409;L410;L411;L412
R16	ROOT_SG	ikv	WF9	SG12	ikv, īk, igv	BORROWED	0	zero-element	SG_ROOT	L413;L414
R17	ROOT_SG	īk	WF9	SG12	ikv, īk, igv	BORROWED	0	zero-element	SG_ROOT	L415
R18	ROOT_SG	igv	WF9	SG12	ikv, īk, igv	BORROWED	0	zero-element	SG_ROOT	L416
R19	ROOT_SG	op	WF9	SG13	op, oftalm	BORROWED	0	zero-element	SG_ROOT	L417;L418;L419;L420;L421;L422;L423;L424;L425;L426;L427;L428;L429;L430;L431;L432;L433;L434;L435
R20	ROOT_SG	oftalm	WF9	SG13	op, oftalm	BORROWED	0	zero-element	SG_ROOT	L436;L437;L438;L439;L440;L441
R21	ROOT_SG	ok	WF9	SG14	ok	BORROWED	0	zero-element	SG_ROOT	L442;L443;L444;L445;L446;L447;L448;L449;L450;L451;L452
R22	ROOT_SG	asin	WF10	SG15	asin, asiņ, asen, aseņ		0	asin, asiņ, asen, aseņ	SG_ROOT	L453;L454;L455;L456;L457;L458;L459;L460;L461;L462;L463;L464;L465;L466;L467;L468;L469;L470;L471;L472;L473;L474;L475;L476;L477;L478;L479;L480;L481;L482;L483;L484;L485;L486;L487;L488;L489;L490;L491;L492;L493;L494;L495;L496;L497;L498;L499;L500;L501;L502;L503;L504;L505;L506;L507;L508;L509;L510;L511;L512;L513;L514;L515;L516;L517;L518;L519;L520;L521;L522;L523;L524;L525;L526;L527;L528;L529;L530;L532;L533;L535;L536;L537
R23	ROOT_SG	asiņ	WF10	SG15	asin, asiņ, asen, aseņ		0	asin, asiņ, asen, aseņ	SG_ROOT	L531;L534;L538;L539;L540;L541;L542;L543;L544;L545;L546;L547;L548;L549;L550;L551;L552;L553;L554;L555;L556;L557;L558
R24	ROOT_SG	asen	WF10	SG15	asin, asiņ, asen, aseņ		0	asin, asiņ, asen, aseņ	SG_ROOT	L559;L561
R25	ROOT_SG	aseņ	WF10	SG15	asin, asiņ, asen, aseņ		0	asin, asiņ, asen, aseņ	SG_ROOT	L560
R26	ROOT_SG	asen	WF11	SG16	asen	BORROWED	0	asen	SG_ROOT	L562
R27	ROOT_SG	asto	WF12	SG17	asto, astoņ, as		0	asto, astoņ, as	SG_ROOT	L600;L601;L602;L603;L604;L605;L606;L607;L608
R28	ROOT_SG	astoņ	WF12	SG17	asto, astoņ, as		0	asto, astoņ, as	SG_ROOT	L563;L564;L565;L566;L567;L568;L569;L570;L571;L572;L573;L574;L575;L576;L577;L578;L579;L580;L581;L582;L583;L584;L585;L586;L587;L588;L589;L590;L591;L592;L593;L594;L595;L596;L597;L598;L599
R29	ROOT_SG	as	WF12	SG17	asto, astoņ, as		0	asto, astoņ, as	SG_ROOT	L609
R30	ROOT_SG	as	WF13	SG18	as		0	zero-element	SG_ROOT	L610;L611;L612;L613;L614;L615;L616;L617
R31	ROOT_SG	aks	WF13	SG19	aks	BORROWED	0	zero-element	SG_ROOT	L618
R32	ROOT_SG	aks	WF13	SG20	aks	BORROWED	0	zero-element	SG_ROOT	L619;L620
R33	ROOT_SG	asa	WF14	SG21	asa	BORROWED	0	asa	SG_ROOT	L621
R34	ROOT_SG	asam	WF15	SG22	asam	BORROWED	0	asam	SG_ROOT	L622
R35	ROOT_SG	asar	WF16	SG23	asar		0	asar	SG_ROOT	L623;L624;L625;L626;L627;L628;L629;L630;L631;L632;L633;L634
R36	ROOT_SG	asen	WF17	SG24	asen	BORROWED	0	asen	SG_ROOT	L635
R37	ROOT_SG	asfalt	WF18	SG25	asfalt	BORROWED	0	asfalt	SG_ROOT	L636;L637;L638;L639;L640;L641;L642;L643;L644;L645;L646;L647;L648
R38	ROOT_SG	asīr	WF19	SG26	asīr	BORROWED	0	asīr	SG_ROOT	L649;L650
R39	ROOT_SG	asīt	WF20	SG27	asīt		0	asīt	SG_ROOT	L651
R40	ROOT_SG	asīz	WF21	SG28	asīz	BORROWED	0	asīz	SG_ROOT	L652
R41	ROOT_SG	asj	WF22	SG29	asj	BORROWED	0	asj	SG_ROOT	L653
R42	ROOT_SG	askē	WF23	SG30	askē	BORROWED	0	askē	SG_ROOT	L654;L655;L656;L657;L658;L659
R43	ROOT_SG	asklēp	WF24	SG31	asklēp, eskulap, eskulāp	BORROWED	0	asklēp, eskulap, eskulāp	SG_ROOT	L660;L661
R44	ROOT_SG	eskulap	WF24	SG31	asklēp, eskulap, eskulāp	BORROWED	0	asklēp, eskulap, eskulāp	SG_ROOT	L662
R45	ROOT_SG	eskulāp	WF24	SG31	asklēp, eskulap, eskulāp	BORROWED	0	asklēp, eskulap, eskulāp	SG_ROOT	L663
R46	ROOT_SG	ask	WF25	SG32	ask	BORROWED	0	ask	SG_ROOT	L664
R47	ROOT_SG	aug	WF26	SG33	aug, audz, audž		0	zero-element	SG_ROOT	L665;L666;L667;L668;L669;L670;L671;L672;L673;L674;L675;L676;L677;L678;L679;L680;L681;L682;L683;L684;L685;L686;L687;L688;L689;L690;L691;L692;L693;L694;L695;L696;L697;L698;L699;L700;L701;L702;L703;L704;L705;L706;L707;L708;L709;L710;L711;L712;L713;L714;L715;L716;L717;L718;L719;L720;L721;L722;L723;L724;L725;L726;L727;L728;L729;L730;L731;L732;L733;L734;L735;L736;L737;L738;L739;L740;L741;L742;L743;L744;L745;L746;L747;L748;L750;L751;L752;L753;L754;L755;L756;L757;L758;L759;L760;L761;L762;L763;L764;L765;L766;L767;L768;L769;L770;L771;L772;L773;L774;L776;L777;L778;L779;L780;L781;L782;L783;L784;L785;L786;L787;L788;L789;L790;L791;L792;L793;L794;L795;L796;L797;L798;L799;L800
R48	ROOT_SG	audz	WF26	SG33	aug, audz, audž		0	zero-element	SG_ROOT	L749;L775;L801;L802;L803;L804;L805;L806;L807;L808;L809;L810;L811;L812;L813;L814;L815;L816;L817;L818;L819;L820;L821;L822;L823;L824;L825;L826;L827;L828;L829;L830;L831;L221;L222;L832;L833;L834;L835;L836;L837;L838;L839;L840;L841;L842;L843;L844;L845;L846;L847;L848;L849;L850;L851;L852;L853;L854;L855;L856;L857;L858;L859;L860;L861;L862;L863;L864;L865;L866;L867;L868;L869;L870;L871;L872;L873;L874;L875;L876;L877;L878;L879;L880;L881;L882;L883;L884;L885;L886;L887;L888;L889;L890;L891;L892;L893;L894;L895;L896;L897;L898;L899;L900;L901;L902;L903;L904;L905;L906;L907;L908;L909;L910
R49	ROOT_SG	audž	WF26	SG33	aug, audz, audž		0	zero-element	SG_ROOT	L911;L912;L913;L914;L915;L916;L917;L918;L919;L920
R50	ROOT_SG	augst	WF26	SG34	augst		1	zero-element	SG_ROOT	L921;L922;L923;L924;L925;L926;L927;L928;L929;L930;L931;L932;L933;L934;L935;L936;L937;L938;L939;L940;L941;L942;L943;L944;L945;L946;L947;L948;L949;L950;L951;L952;L953;L954;L955;L956;L957;L958;L959;L960;L961;L962;L963;L964;L965;L966;L967;L968;L969;L970;L971;L972;L973;L974;L975;L976;L977;L978;L979;L980;L981;L982;L983;L984;L985;L986;L987;L988;L989;L990
R51	ROOT_SG	augš	WF26	SG35	augš		1	zero-element	SG_ROOT	L991;L992;L993;L994;L995;L996;L997;L998;L999;L1000;L1001;L1002;L1003;L1004;L1005;L1006;L1007;L1008;L1009;L1010;L1011;L1012;L1013;L1014;L1015;L1016;L1017;L1018;L1019;L1020;L1021;L1022;L1023;L1024;L1025;L1026;L1027;L1028;L1029;L1030;L1031;L1032;L1033;L1034;L1035;L1036;L1037;L1038;L1039;L1040;L1041;L1042;L1043;L1044;L1045;L1046;L1047;L1048;L1049;L1050;L1051;L1052
R52	ROOT_SG	aug	WF26	SG36	aug, au, og	BORROWED	0	zero-element	SG_ROOT	L1098;L1099;L1100;L1101;L1102;L1103;L1104;L1105;L1106;L1107;L1108;L1109;L1110;L1111
R53	ROOT_SG	au	WF26	SG36	aug, au, og	BORROWED	0	zero-element	SG_ROOT	L1053;L1054;L1055;L1056;L1057;L1058;L1059;L1060;L1061;L1062;L1063;L1064;L1065;L1066;L1067;L1068;L1069;L1070;L1071;L1072;L1073;L1074;L1075;L1076;L1077;L1078;L1079;L1080;L1081;L1082;L1083;L1084;L1085;L1086;L1087;L1088;L1089;L1090;L1091;L1092;L1093;L1094;L1095;L1096;L1097
R54	ROOT_SG	og	WF26	SG36	aug, au, og	BORROWED	0	zero-element	SG_ROOT	L1112;L1113;L1114;L1115
R55	ROOT_SG	aut	WF27	SG37	aut	BORROWED	0	aut	SG_ROOT	L1116;L1117;L1118;L1119;L1120;L1121;L1122;L1123;L1124;L1125;L1126;L1127;L1128;L418;L1129;L1130;L1131;L1132;L1133;L1134;L1135;L1136;L1137;L1138;L1139;L1140;L1141;L1142;L1143;L1144;L1145;L1146;L1147;L1148;L1149;L1150;L1151;L1152;L1153;L1154;L1155;L1156;L1157;L1158;L1159;L1160;L1161;L1162;L1163;L1164;L1165;L1166;L1167;L1168;L1169;L1170;L1171;L1172;L1173;L1174;L1175;L1176;L1177;L1178;L1179;L1180;L1181;L1182;L1183;L1184;L1185;L1186;L1187;L1188;L1189;L1190;L1191;L1192;L1193;L1194;L1195;L1196;L1197;L1198;L1199;L1200;L1201;L1202;L1203;L1204;L1205;L1206;L1207;L1208;L1209;L1210;L1211;L1212;L1213;L1214;L1215;L1216;L1217;L1218;L1219;L1220;L1221;L1222;L1223;L1224;L1225;L1226;L1227;L1228;L1229;L1230;L1231;L1232;L1233;L1234;L1235;L1236;L1237;L1238;L1239;L1240;L1241;L1242;L1243;L1244;L1245;L1246;L1247;L1248;L1249;L1250;L1251;L1252;L1253;L1254;L1255;L1256;L1257;L1258;L1259;L1260;L1261;L1262;L1263;L1264;L1265;L1266;L1267;L1268;L1269;L1270;L1271;L1272;L1273;L1274;L1275;L1276;L1277;L1278;L1279;L1280;L1281;L1282;L1283;L1284;L1285;L1286;L1287;L1288;L1289;L1290;L1291;L1292;L1293;L1294;L1295;L1296;L1297;L1298;L1299;L1300;L1301;L1302;L1303;L1304;L1305;L1306;L1307;L1308;L1309;L1310;L1311;L1312;L1313;L1314;L1315;L1316;L1317;L1318;L1319;L1320;L1321;L1322;L1323;L1324;L1325;L1326;L1327;L1328;L1329;L1330;L1331;L1332;L1333;L1334;L1335;L1336;L1337;L1338;L1339;L1340;L1341;L1342
R56	ROOT_SG	bārd	WF28	SG38	bārd, bārž, bārzd, borž		0	zero-element	SG_ROOT	L1343;L1344;L1350;L1351;L1352;L1353;L1354;L1355;L1356;L1357;L1358;L1359;L1360;L1361;L1362;L1363;L1364;L1365;L1366;L1367;L1368;L1369;L1370;L1371;L1372;L1373;L1376;L1377;L1378;L1380;L1381;L1382;L1385;L1386;L1387;L1388;L1389;L1393;L1394;L1395;L1396;L1397;L1398;L1399
R57	ROOT_SG	bārž	WF28	SG38	bārd, bārž, bārzd, borž		0	zero-element	SG_ROOT	L1379;L1390;L1391;L1392
R58	ROOT_SG	bārzd	WF28	SG38	bārd, bārž, bārzd, borž		0	zero-element	SG_ROOT	L1345;L1346;L1347;L1348;L1349;L1383;L1384
R59	ROOT_SG	borž	WF28	SG38	bārd, bārž, bārzd, borž		0	zero-element	SG_ROOT	L1374;L1375
R60	ROOT_SG	bard	WF28	SG39	bard	BORROWED	0	zero-element	SG_ROOT	L1400
R61	ROOT_SG	borod	WF28	SG40	borod	BORROWED	0	zero-element	SG_ROOT	L1401
R62	ROOT_SG	bard	WF29	SG41	bard	BORROWED	0	bard	SG_ROOT	L1402;L1403
R63	ROOT_SG	bard	WF30	SG42	bard	BORROWED	0	bard	SG_ROOT	L1404
R64	ROOT_SG	bardak	WF31	SG43	bardak, bardac, bardač	BORROWED	0	bardak, bardac, bardač	SG_ROOT	L1406
R65	ROOT_SG	bardac	WF31	SG43	bardak, bardac, bardač	BORROWED	0	bardak, bardac, bardač	SG_ROOT	L1405
R66	ROOT_SG	bardač	WF31	SG43	bardak, bardac, bardač	BORROWED	0	bardak, bardac, bardač	SG_ROOT	L1407
R67	ROOT_SG	bard	WF32	SG44	bard	BORROWED	0	bard	SG_ROOT	L1408
R68	ROOT_SG	bārbel	WF33	SG45	bārbel, berber	BORROWED	0	bārbel, berber	SG_ROOT	L1409;L1410;L1411;L1412;L1413;L1414;L1415
R69	ROOT_SG	berber	WF33	SG45	bārbel, berber	BORROWED	0	bārbel, berber	SG_ROOT	L1416
R70	ROOT_SG	bārb	WF34	SG46	bārb, barbar, bārbr, barb, baib, varvar, bārbal	BORROWED	0	bārb, barbar, bārbr, barb, baib, varvar, bārbal	SG_ROOT	L1430;L1431;L1433
R71	ROOT_SG	barbar	WF34	SG46	bārb, barbar, bārbr, barb, baib, varvar, bārbal	BORROWED	0	bārb, barbar, bārbr, barb, baib, varvar, bārbal	SG_ROOT	L1418;L1423;L1424;L1425;L1426;L1427
R72	ROOT_SG	bārbr	WF34	SG46	bārb, barbar, bārbr, barb, baib, varvar, bārbal	BORROWED	0	bārb, barbar, bārbr, barb, baib, varvar, bārbal	SG_ROOT	L1429
R73	ROOT_SG	barb	WF34	SG46	bārb, barbar, bārbr, barb, baib, varvar, bārbal	BORROWED	0	bārb, barbar, bārbr, barb, baib, varvar, bārbal	SG_ROOT	L1419;L1420;L1432
R74	ROOT_SG	baib	WF34	SG46	bārb, barbar, bārbr, barb, baib, varvar, bārbal	BORROWED	0	bārb, barbar, bārbr, barb, baib, varvar, bārbal	SG_ROOT	L1421;L1422
R75	ROOT_SG	varvar	WF34	SG46	bārb, barbar, bārbr, barb, baib, varvar, bārbal	BORROWED	0	bārb, barbar, bārbr, barb, baib, varvar, bārbal	SG_ROOT	L1417
R76	ROOT_SG	bārbal	WF34	SG46	bārb, barbar, bārbr, barb, baib, varvar, bārbal	BORROWED	0	bārb, barbar, bārbr, barb, baib, varvar, bārbal	SG_ROOT	L1428
R77	ROOT_SG	berber	WF35	SG47	berber	BORROWED	0	berber	SG_ROOT	L1434
R78	ROOT_SG	bad	WF36	SG48	bad		0	bad	SG_ROOT	L1435;L1436;L1437;L1438;L1439;L1440;L1441;L1442;L1443;L1444;L1445;L1446;L1447;L1448;L1449;L1450
R79	ROOT_SG	bad	WF37	SG49	bad, bed, bes		0	bad, bed, bes	SG_ROOT	L1451;L1452;L1453;L1454;L1455;L1456;L1457;L1458;L1459
R80	ROOT_SG	bed	WF37	SG49	bad, bed, bes		0	bad, bed, bes	SG_ROOT	L1460;L1461;L1462;L1463;L460;L1464;L1465;L1466;L1467;L1468;L1469;L1470;L1472;L1473;L1474;L1475;L1476;L1477;L1478;L1479;L1480
R81	ROOT_SG	bes	WF37	SG49	bad, bed, bes		0	bad, bed, bes	SG_ROOT	L1471;L1481
R82	ROOT_SG	bes	WF38	SG50	bes	BORROWED	0	bes	SG_ROOT	L1482;L1483;L1484;L1485;L1486;L1487;L1488
R83	ROOT_SG	beser	WF39	SG51	beser	BORROWED	0	beser	SG_ROOT	L1489
R84	ROOT_SG	beson	WF40	SG52	beson	BORROWED	0	beson	SG_ROOT	L1490
R85	ROOT_SG	bed	WF41	SG53	bed	BORROWED	0	bed	SG_ROOT	L1491
R86	ROOT_SG	bal	WF42	SG54	bal		0	zero-element	SG_ROOT	L924;L1492;L1493;L1494;L1495;L1496;L1497;L1498;L1499;L1500;L1501;L1502;L1503;L1504;L1505;L1506;L1507;L1508;L1509;L1510;L1511;L290;L291;L292;L293;L294;L384;L385;L386;L1512;L1513;L1514;L74;L75;L1515;L1516;L1517;L1518;L1519;L1520;L1521;L1522;L1523;L1524;L1525;L1526;L1527;L1528;L1529;L1530;L1531;L1532;L1533;L1534;L1535;L1536;L1537;L1538;L1539;L1540;L1541;L1542;L1543;L1544;L1545;L1546;L1547;L1548;L1549;L1550;L1551;L1552;L1553;L1554;L1555;L1556;L1557;L1558;L1559;L1560;L1561;L1562;L1563;L1564;L1565;L1566;L1567;L1568;L1569;L1570;L1571;L1572;L1573;L1574;L1575;L1576;L1577;L1578;L1579;L1580;L1581;L1582;L1583;L1584;L1585;L1586;L1587;L1588;L1589;L1590;L1591;L1592;L1593;L1594;L1595;L1596;L1597;L1598;L1599;L1600;L1601;L1602;L1603;L1604;L1605;L1606;L1607;L1608;L1609;L1610;L1611;L1612;L1613;L1614;L1615
R87	ROOT_SG	bals	WF42	SG55	bals		0	zero-element	SG_ROOT	L1616;L1617;L1618;L1619
R88	ROOT_SG	bāl	WF42	SG56	bāl		0	zero-element	SG_ROOT	L528;L1620;L1621;L1622;L1623;L1624;L1625;L1626;L1627;L1628;L1629;L1630;L1631;L1632;L1633;L1634;L1635;L1636;L1637;L1638;L1639;L1640;L1641
R89	ROOT_SG	balt	WF42	SG57	balt		0	zero-element	SG_ROOT	L1642;L1643;L1644;L1645;L1646;L1647;L1648;L1649;L1650;L1651;L1652;L1653;L1654;L1655;L1656;L1657;L1658;L1659;L1660;L1661;L1662;L1663;L1664;L1665;L1666;L1667
R90	ROOT_SG	bāl	WF43	SG58	bāl		0	bāl	SG_ROOT	L1668;L1669;L1670;L1671;L1672
R91	ROOT_SG	bal	WF44	SG59	bal	BORROWED	0	bal	SG_ROOT	L1673
R92	ROOT_SG	bal	WF45	SG60	bal	BORROWED	0	bal	SG_ROOT	L1674;L1675
R93	ROOT_SG	bali	WF46	SG61	bali	BORROWED	0	bali	SG_ROOT	L1676
R94	ROOT_SG	bal	WF47	SG62	bal	BORROWED	0	zero-element	SG_ROOT	L1677;L1678;L1679;L1680;L1681;L1682;L1683;L1684;L1685;L1686
R95	ROOT_SG	bal	WF47	SG63	bal	BORROWED	0	zero-element	SG_ROOT	L1687;L1688;L1689
R96	ROOT_SG	ball	WF47	SG64	ball, baļļ	BORROWED	0	zero-element	SG_ROOT	L1690;L1691;L1692;L1693;L1694;L1695;L1696;L1697;L1698;L1699;L1700;L1701
R97	ROOT_SG	baļļ	WF47	SG64	ball, baļļ	BORROWED	0	zero-element	SG_ROOT	L1702;L1703
R98	ROOT_SG	baļļ	WF48	SG65	baļļ	BORROWED	0	baļļ	SG_ROOT	L1704;L1705
R99	ROOT_SG	ball	WF49	SG66	ball	BORROWED	0	ball	SG_ROOT	L1706
R100	ROOT_SG	ball	WF50	SG67	ball	BORROWED	0	ball	SG_ROOT	L1707;L1708;L1709
R101	ROOT_SG	ba	WF51	SG68	ba	BORROWED	0	ba	SG_ROOT	L1710
R102	ROOT_SG	ba	WF52	SG69	ba	BORROWED	0	ba	SG_ROOT	L1711;L1712
R103	ROOT_SG	bagāt	WF53	SG70	bagāt	BORROWED	0	bagāt	SG_ROOT	L1713;L1714;L1715;L1716;L1717;L1718;L1719;L1720;L1721;L1722;L1723;L1724;L1725;L1726;L1727;L1728;L1729;L1730;L1731;L1732;L1733;L1734;L1735;L1736
R104	ROOT_SG	bab	WF54	SG71	bab		0	bab	SG_ROOT	L1737
R105	ROOT_SG	bāb	WF55	SG72	bāb		0	zero-element	SG_ROOT	L1738;L1739;L1740;L1741;L1742
R106	ROOT_SG	bab	WF55	SG73	bab, bāb	BORROWED	0	zero-element	SG_ROOT	L1743;L1744;L1745;L1746;L1747;L1748
R107	ROOT_SG	bāb	WF55	SG73	bab, bāb	BORROWED	0	zero-element	SG_ROOT	L1749
R108	ROOT_SG	babul	WF56	SG74	babul	BORROWED	0	babul	SG_ROOT	L1750;L1751;L1752;L1753
R109	ROOT_SG	bab	WF57	SG75	bab, bābel	BORROWED	0	bab, bābel	SG_ROOT	L1754;L1755;L1756
R110	ROOT_SG	bābel	WF57	SG75	bab, bābel	BORROWED	0	bab, bābel	SG_ROOT	L1757;L1758;L1759
R111	ROOT_SG	bac	WF58	SG76	bac, bāc, babāc		0	bac, bāc, babāc	SG_ROOT	L1760
R112	ROOT_SG	bāc	WF58	SG76	bac, bāc, babāc		0	bac, bāc, babāc	SG_ROOT	L1761
R113	ROOT_SG	babāc	WF58	SG76	bac, bāc, babāc		0	bac, bāc, babāc	SG_ROOT	L1762
R114	ROOT_SG	bac	WF59	SG77	bac	BORROWED	0	bac	SG_ROOT	L1763;L1764;L1765;L1766
R115	ROOT_SG	bag	WF60	SG78	bag	BORROWED	0	bag	SG_ROOT	L1767;L1768
R116	ROOT_SG	bag	WF61	SG79	bag	BORROWED	0	bag	SG_ROOT	L1769
R117	ROOT_SG	bag	WF62	SG80	bag	BORROWED	0	bag	SG_ROOT	L1770
R118	ROOT_SG	bag	WF63	SG81	bag	BORROWED	0	bag	SG_ROOT	L1771
R119	ROOT_SG	bag	WF64	SG82	bag		0	bag	SG_ROOT	L1772;L1773
R120	ROOT_SG	bagar	WF65	SG83	bagar	BORROWED	0	bagar	SG_ROOT	L1774;L1775;L1776;L1777
R121	ROOT_SG	bah	WF66	SG84	bah	BORROWED	0	bah	SG_ROOT	L1778;L1779;L1780;L1781;L1782;L1783;L1784;L1785;L1786;L1787;L1788;L1789
R122	ROOT_SG	bahajev	WF67	SG85	bahajev	BORROWED	0	bahajev	SG_ROOT	L1790;L1791
R123	ROOT_SG	bahadir	WF68	SG86	bahadir	BORROWED	0	bahadir	SG_ROOT	L1792
R124	ROOT_SG	bahtin	WF69	SG87	bahtin	BORROWED	0	bahtin	SG_ROOT	L1793;L1794
R125	ROOT_SG	bahanovsk	WF70	SG88	bahanovsk	BORROWED	0	bahanovsk	SG_ROOT	L1795;L1796
R126	ROOT_SG	bah	WF71	SG89	bah	BORROWED	0	bah	SG_ROOT	L1797
R127	ROOT_SG	bah	WF72	SG90	bah	BORROWED	0	bah	SG_ROOT	L1798
R128	ROOT_SG	badminton	WF73	SG91	badminton	BORROWED	0	badminton	SG_ROOT	L1799;L1800;L1801;L1802
R129	ROOT_SG	bagij	WF74	SG92	bagij	BORROWED	0	bagij	SG_ROOT	L1803;L1804
R130	ROOT_SG	baal	WF75	SG93	baal, baāl	BORROWED	0	baal, baāl	SG_ROOT	L1805
R131	ROOT_SG	baāl	WF75	SG93	baal, baāl	BORROWED	0	baal, baāl	SG_ROOT	L1806
R132	ROOT_SG	babas	WF76	SG94	babas	BORROWED	0	babas	SG_ROOT	L1807
R133	ROOT_SG	babez	WF77	SG95	babez	BORROWED	0	babez	SG_ROOT	L1808
R134	ROOT_SG	bačat	WF78	SG96	bačat	BORROWED	0	bačat	SG_ROOT	L1809
R135	ROOT_SG	badār	WF79	SG97	badār, badar	BORROWED	0	badār, badar	SG_ROOT	L1810
R136	ROOT_SG	badar	WF79	SG97	badār, badar	BORROWED	0	badār, badar	SG_ROOT	L1811
R137	ROOT_SG	badij	WF80	SG98	badij	BORROWED	0	badij	SG_ROOT	L1812
R138	ROOT_SG	badžān	WF81	SG99	badžān	BORROWED	0	badžān	SG_ROOT	L1813
R139	ROOT_SG	bafomet	WF82	SG100	bafomet	BORROWED	0	bafomet	SG_ROOT	L1814
R140	ROOT_SG	bahadžan	WF83	SG101	bahadžan, bhadžan	BORROWED	0	bahadžan, bhadžan	SG_ROOT	L1815
R141	ROOT_SG	bhadžan	WF83	SG101	bahadžan, bhadžan	BORROWED	0	bahadžan, bhadžan	SG_ROOT	L1816
R142	ROOT_SG	baham	WF84	SG102	baham	BORROWED	0	baham	SG_ROOT	L1817
R143	ROOT_SG	bahā	WF85	SG103	bahā, baha	BORROWED	0	bahā, baha	SG_ROOT	L1819;L1821;L1822;L1823;L1824
R144	ROOT_SG	baha	WF85	SG103	bahā, baha	BORROWED	0	bahā, baha	SG_ROOT	L1818;L1820
R145	ROOT_SG	bērn	WF86	SG104	bērn, bērņ		0	bērn, bērņ	SG_ROOT	L1825;L911;L1826;L1827;L1828;L1829;L1830;L1831;L1832;L1833;L1834;L1835;L1836;L1837;L1838;L1839;L1840;L1841;L1842;L1843;L1844;L1845;L1846;L1847;L1848;L1849;L1850;L1851;L1852;L1853;L1854;L1855;L1856;L1857;L1858;L1859;L1860;L1861;L1862;L1863;L1864;L1865;L1866;L1867;L1868;L1869;L1870;L1871;L1872;L1873;L1874;L1875;L1876;L1877;L1878;L1879;L1880;L1881;L1882;L1883;L1884;L1885;L1886;L1887;L1888;L1889;L1890;L1891;L1892;L1893;L1894;L1895
R146	ROOT_SG	bērņ	WF86	SG104	bērn, bērņ		0	bērn, bērņ	SG_ROOT	L1896
R147	ROOT_SG	bērn	WF87	SG105	bērn	BORROWED	0	bērn	SG_ROOT	L1897;L1898;L1899
R148	ROOT_SG	bē	WF88	SG106	bē		0	bē	SG_ROOT	L1900
R149	ROOT_SG	bē	WF89	SG107	bē		0	zero-element	SG_ROOT	L1901;L1902
R150	ROOT_SG	bēt	WF89	SG108	bēt	BORROWED	0	zero-element	SG_ROOT	L1903;L1904;L1905;L1906;L1907;L1908;L1909;L1910;L1911
R151	ROOT_SG	bēt	WF90	SG109	bēt, bet	BORROWED	0	bēt, bet	SG_ROOT	L1912
R152	ROOT_SG	bet	WF90	SG109	bēt, bet	BORROWED	0	bēt, bet	SG_ROOT	L1913
R153	ROOT_SG	bē	WF91	SG110	bē	BORROWED	0	bē	SG_ROOT	L1914;L1915;L1916;L1917
R154	ROOT_SG	bēb	WF92	SG111	bēb, beb, beib	BORROWED	0	bēb, beb, beib	SG_ROOT	L1918;L1919;L1920;L1921;L1922;L1925
R155	ROOT_SG	beb	WF92	SG111	bēb, beb, beib	BORROWED	0	bēb, beb, beib	SG_ROOT	L1923;L1924
R156	ROOT_SG	beib	WF92	SG111	bēb, beb, beib	BORROWED	0	bēb, beb, beib	SG_ROOT	L1926;L1927;L1928
R157	ROOT_SG	bēd	WF93	SG112	bēd		0	bēd	SG_ROOT	L1929;L1930;L1931;L1932;L1933;L1934;L1935;L1936;L1937;L1938;L1939;L1940;L1941;L1942;L1943;L1944;L1945;L1946;L1947;L1948;L1949;L1950;L1951;L1952;L1953;L1954;L1955;L1956
R158	ROOT_SG	bēg	WF94	SG113	bēg, bēdz		0	bēg, bēdz	SG_ROOT	L1957;L1958;L1959;L1960;L1961;L1962;L1963;L1964;L1965;L1966;L1967;L1968;L1969;L1970;L1971;L1972;L1973;L1974;L1975;L1976;L1977;L1978;L1979;L1983
R159	ROOT_SG	bēdz	WF94	SG113	bēg, bēdz		0	bēg, bēdz	SG_ROOT	L1980;L1981;L1982;L1984;L1985;L1986;L1987
R160	ROOT_SG	bēģel	WF95	SG114	bēģel	BORROWED	0	bēģel	SG_ROOT	L1988
R161	ROOT_SG	bēl	WF96	SG115	bēl	BORROWED	0	bēl	SG_ROOT	L1989
R162	ROOT_SG	bēliņģ	WF97	SG116	bēliņģ, bēniņ	BORROWED	0	bēliņģ, bēniņ	SG_ROOT	L1990
R163	ROOT_SG	bēniņ	WF97	SG116	bēliņģ, bēniņ	BORROWED	0	bēliņģ, bēniņ	SG_ROOT	L1991;L1992;L1993
R164	ROOT_SG	bēn	WF98	SG117	bēn		0	bēn	SG_ROOT	L1994
R165	ROOT_SG	bēnūz	WF99	SG118	bēnūz	BORROWED	0	bēnūz	SG_ROOT	L1995
R166	ROOT_SG	bēn	WF100	SG119	bēn	BORROWED	0	bēn	SG_ROOT	L1996
R167	ROOT_SG	bēr	WF101	SG120	bēr		0	bēr	SG_ROOT	L1997;L1998;L1999;L2000;L2001;L2002
R168	ROOT_SG	bēr	WF102	SG121	bēr, bir, bār, ber		0	bēr, bir, bār, ber	SG_ROOT	L2012;L2013;L2014;L2015;L2016;L2017;L2018;L2019;L2020;L2021;L2022;L2023;L2024;L2025;L2026;L2027;L2028;L2029;L2030;L2031;L2032;L2033
R169	ROOT_SG	bir	WF102	SG121	bēr, bir, bār, ber		0	bēr, bir, bār, ber	SG_ROOT	L2034;L2035;L2036;L2037;L2038;L2039;L2040;L2041;L2042;L2043;L2044;L2045;L2046;L2047;L2048;L2049;L2050;L2051;L2052;L2053;L2054;L2055;L2056;L2057;L2058;L2059;L2060;L2061
R170	ROOT_SG	bār	WF102	SG121	bēr, bir, bār, ber		0	bēr, bir, bār, ber	SG_ROOT	L2003;L2004;L2005;L2006;L2007;L2008;L2009;L2010;L2011
R171	ROOT_SG	ber	WF102	SG121	bēr, bir, bār, ber		0	bēr, bir, bār, ber	SG_ROOT	L2062;L2063
R172	ROOT_SG	bird	WF103	SG122	bird	BORROWED	0	bird	SG_ROOT	L2064
R173	ROOT_SG	bērk	WF104	SG123	bērk	BORROWED	0	bērk	SG_ROOT	L2065
R174	ROOT_SG	bērk	WF105	SG124	bērk, bark	BORROWED	0	bērk, bark	SG_ROOT	L2066;L2067
R175	ROOT_SG	bark	WF105	SG124	bērk, bark	BORROWED	0	bērk, bark	SG_ROOT	L2068
R176	ROOT_SG	bērl	WF106	SG125	bērl	BORROWED	0	bērl	SG_ROOT	L2069
R177	ROOT_SG	bēr	WF107	SG126	bēr	BORROWED	0	bēr	SG_ROOT	L2070;L2071;L2072
R178	ROOT_SG	bar	WF108	SG127	bar, bērtul, bārtul		0	bar, bērtul, bārtul	SG_ROOT	L2073;L2074;L2075;L2076;L2077
R179	ROOT_SG	bērtul	WF108	SG127	bar, bērtul, bārtul		0	bar, bērtul, bārtul	SG_ROOT	L2078;L2079
R180	ROOT_SG	bārtul	WF108	SG127	bar, bērtul, bārtul		0	bar, bērtul, bārtul	SG_ROOT	L2080;L2081
R181	ROOT_SG	bērz	WF109	SG128	bērz, birz		0	bērz, birz	SG_ROOT	L2082;L2083;L2084;L2085;L2086;L2087;L2088;L2089;L2090;L2091;L2092;L2093;L2094;L2095;L2096;L2097;L2098;L2099;L2100;L2101;L2102;L2103;L2104;L2105;L2106;L2107;L2108;L2109;L2110;L2111;L2112;L2113;L2114
R182	ROOT_SG	birz	WF109	SG128	bērz, birz		0	bērz, birz	SG_ROOT	L2115;L2116;L2117;L2118;L2119;L2120;L2121;L2122;L2123;L2124;L2125;L2126;L2127;L2128;L2129;L2130;L2131;L2132
R183	ROOT_SG	ber	WF110	SG129	ber, berz, birz		0	ber, berz, birz	SG_ROOT	L2133;L2134;L2135
R184	ROOT_SG	berz	WF110	SG129	ber, berz, birz		0	ber, berz, birz	SG_ROOT	L2136;L2137;L2138;L2139;L2140;L2141;L2142;L2143;L2144;L2145;L2146;L2147;L2148;L2149;L2150;L2151;L2152;L2153;L2154;L2155;L2156;L2157;L2158
R185	ROOT_SG	birz	WF110	SG129	ber, berz, birz		0	ber, berz, birz	SG_ROOT	L2159;L2160;L2161;L2162
R186	ROOT_SG	bēš	WF111	SG130	bēš	BORROWED	0	bēš	SG_ROOT	L2163;L2164;L2165
R187	ROOT_SG	bēthoven	WF112	SG131	bēthoven	BORROWED	0	bēthoven	SG_ROOT	L2166
R188	ROOT_SG	bār	WF113	SG132	bār	BORROWED	0	bār	SG_ROOT	L2167;L2168;L2169;L2170;L2171;L2172;L2173;L2174;L2175;L2176;L2177;L2178;L2179
R189	ROOT_SG	bār	WF114	SG133	bār	BORROWED	0	bār	SG_ROOT	L2180
R190	ROOT_SG	bār	WF115	SG134	bār		0	bār	SG_ROOT	L2181;L2182;L2183;L2184;L2185;L2186;L2187;L2188;L2189;L2190;L2191;L2192;L2193;L2194;L2195;L2196;L2197;L2198;L2199;L2200;L2201;L2202;L2203;L2204
R191	ROOT_SG	bār	WF116	SG135	bār	BORROWED	0	bār	SG_ROOT	L2205;L2206
R192	ROOT_SG	bārt	WF117	SG136	bārt		0	bārt	SG_ROOT	L2207;L2208;L2209;L2210
R193	ROOT_SG	beidz	WF118	SG137	beidz, beig		0	beidz, beig	SG_ROOT	L2239;L2240;L2241;L2242;L2243;L2244;L2245;L2246
R194	ROOT_SG	beig	WF118	SG137	beidz, beig		0	beidz, beig	SG_ROOT	L2211;L2212;L2213;L2214;L2215;L2216;L2217;L2218;L2219;L2220;L2221;L2222;L2223;L2224;L2225;L2226;L2227;L2228;L2229;L2230;L2231;L2232;L2233;L2234;L2235;L2236;L2237;L2238
R195	ROOT_SG	bez	WF119	SG138	bez		0	zero-element	SG_ROOT	L2247;L295;L2248;L2249;L2250;L2251;L2252;L2253;L2254;L2255;L552;L2256;L2257;L2258;L2259;L2260;L2261;L2262;L2263;L2264;L2265;L2266;L2267;L2268;L720;L2269;L2270;L2271;L2272;L2273;L2274;L1931;L1932;L1828;L1829;L1830;L2275;L2276;L2277;L2278;L2279;L2280;L2281;L2282;L2283;L2284;L2285;L2286;L2287;L2288;L2289;L2290;L2291;L2292;L2293;L2294;L2295;L2296;L2297;L2298;L2299;L2300;L2301;L2302;L2303;L2304;L2305;L2306;L2307;L2308;L2309;L2310;L2311;L2312;L2313;L2314;L2315;L2316;L2317;L2318;L2319;L2320;L2321;L2322;L2323;L2324;L2325;L2326;L2327;L2328;L2329;L2330;L2331;L2332;L2333;L2334;L2335;L2336;L2337;L2338;L2339;L2340;L2341;L2342;L2343;L2344;L2345;L2346;L2347;L2348;L2349;L2350;L2351;L2352;L2353;L2354;L2355;L2356;L2357;L2358;L2359;L2360;L2361;L2362;L2363;L2364;L2365;L2366;L2367;L2368;L2369;L2370;L2371;L2372;L2373;L2374;L2375;L2376;L2377;L2378;L2379;L2380;L2381;L2382;L2383;L2384;L2385;L2386;L2387;L2388;L2389;L2390;L2391;L2392;L2393;L2394;L2395;L2396;L2397;L2398;L2399;L2400;L2401;L2402;L2403;L2404;L2405;L2406;L2407;L2408;L2409;L2410;L2411;L2412;L2413;L2414;L2415;L2416;L2417;L2418;L2419;L2420;L2421;L2422;L2423;L2424;L2425;L2426;L2427;L2428;L2429;L2430;L2431;L2432;L2433;L2434;L2435;L2436;L2437;L2438;L2439;L2440;L2441;L2442;L2443;L2444;L2445;L2446;L2447;L2448;L2449;L2450;L2451;L2452;L2453;L2454;L2455;L2456;L2457;L2458;L2459;L2460;L2461;L2462;L2463;L2464;L2465;L2466;L2467;L2468;L2469;L2470;L2471;L2472;L2473;L2474;L2475;L2476;L2477;L2478;L2479;L2480;L2481;L2482;L2483;L2484;L2485;L2486;L2487;L2488;L2489;L2490;L2491;L2492;L2493;L2494;L2495;L2496;L2497;L2498;L2499;L2500;L2501;L2502;L2503;L2504;L2505;L2506;L2507;L2508;L2509;L2510;L2511;L2512;L2513;L2514;L2515;L2516;L2517;L2518;L2519;L2520;L2521;L2522;L2523;L2524;L2525;L2526;L2527;L2528;L2529;L2530;L2531;L2532;L2533;L2534;L2535;L2536;L2537;L2538;L2539;L2540;L2541;L2542;L2543;L2544;L2545;L2546;L2547;L2548;L2549;L2550;L2551;L2552;L2553;L2554;L2555;L2556;L2557;L2558;L2559;L2560;L2561;L2562;L2563;L2564
R196	ROOT_SG	bez	WF119	SG139	bez	BORROWED	0	zero-element	SG_ROOT	L2565
R197	ROOT_SG	biedr	WF120	SG140	biedr		0	biedr	SG_ROOT	L2566;L2567;L2568;L2569;L2570;L2571;L2572;L2573;L2574;L2575;L2576;L2577;L2578;L2579;L2580;L2581;L2582;L2583;L2584;L2585;L2586;L2587;L2588;L2589;L2590;L2591;L2592;L2593;L2594;L2595;L2596;L2597;L2598;L2599;L2600;L2601;L2602;L2603;L2604;L2605;L2606;L2607;L2608;L2609;L2610;L2611;L2612;L2613;L2614;L2615;L2616;L2617;L2618;L2619;L2620;L2621;L2622;L2623;L2624;L2625;L2626;L2627;L2628;L2629;L2630;L2631;L2632;L2633;L2634;L2635;L2636;L2637;L2638;L2639;L2640;L2641;L2642;L2643;L2644;L2645;L2646;L2647;L2648;L2649;L2650;L2651;L2652;L2653;L2654;L2655;L2656;L2657;L2658;L2659;L2660;L2661;L2662
R198	ROOT_SG	biez	WF121	SG141	biez, biež		0	biez, biež	SG_ROOT	L77;L78;L1357;L1358;L1359;L2663;L2664;L2665;L2666;L2667;L2668;L2669;L2670;L2671;L2672;L2673;L2674;L2675;L2676;L2677;L2678;L2679;L2680;L2681;L2682;L2683;L2684;L2685;L2686;L2687;L2688;L2689;L2690;L2691;L2692;L2693;L2694;L2695;L2696;L2697;L2698;L2699;L2700
R199	ROOT_SG	biež	WF121	SG141	biez, biež		0	biez, biež	SG_ROOT	L2701;L2702;L2703;L2704;L2705;L2706
R200	ROOT_SG	bī	WF122	SG142	bī, bij, bai, bie		0	bī, bij, bai, bie	SG_ROOT	L2750;L2751;L2752;L2753;L2754;L2755;L2756;L2757;L2758;L2759;L2760;L2761;L2762;L2763;L2764;L2765;L2766;L2767;L2768
R201	ROOT_SG	bij	WF122	SG142	bī, bij, bai, bie		0	bī, bij, bai, bie	SG_ROOT	L2769;L2770;L2771;L2772;L2773;L2774;L2775;L2776;L2777;L2778;L2779;L2780;L2781;L2782;L2783
R202	ROOT_SG	bai	WF122	SG142	bī, bij, bai, bie		0	bī, bij, bai, bie	SG_ROOT	L2707;L2708;L2709;L2710;L2711;L2712;L2713;L2714;L2715;L2716;L2717;L2718;L2719;L2720;L2721;L2722;L2723;L2724;L2725;L2726;L2727;L2728;L2729;L2730;L2731;L2732;L2733;L2734;L2735;L2736;L2737;L2738;L2739;L2740;L2741;L2742;L2270;L2271;L2272;L2273;L2274;L1833;L2743;L2744;L2745
R203	ROOT_SG	bie	WF122	SG142	bī, bij, bai, bie		0	bī, bij, bai, bie	SG_ROOT	L2784;L2785;L2786;L2787;L2788;L2789;L2790;L2791;L2792;L2793;L2794
R204	ROOT_SG	bai	WF123	SG143	bai	BORROWED	0	bai	SG_ROOT	L2795
R205	ROOT_SG	bī	WF124	SG144	bī	BORROWED	0	bī	SG_ROOT	L2796
R206	ROOT_SG	bik	WF125	SG145	bik, bišk, bišķ, bišķiņ, biškiņ	BORROWED	0	bik, bišk, bišķ, bišķiņ, biškiņ	SG_ROOT	L2797;L2798
R207	ROOT_SG	bišk	WF125	SG145	bik, bišk, bišķ, bišķiņ, biškiņ	BORROWED	0	bik, bišk, bišķ, bišķiņ, biškiņ	SG_ROOT	L2800;L2801;L2802
R208	ROOT_SG	bišķ	WF125	SG145	bik, bišk, bišķ, bišķiņ, biškiņ	BORROWED	0	bik, bišk, bišķ, bišķiņ, biškiņ	SG_ROOT	L2803;L2805;L2806;L2807;L2808;L2809
R209	ROOT_SG	bišķiņ	WF125	SG145	bik, bišk, bišķ, bišķiņ, biškiņ	BORROWED	0	bik, bišk, bišķ, bišķiņ, biškiņ	SG_ROOT	L2804;L2810
R210	ROOT_SG	biškiņ	WF125	SG145	bik, bišk, bišķ, bišķiņ, biškiņ	BORROWED	0	bik, bišk, bišķ, bišķiņ, biškiņ	SG_ROOT	L2799
R211	ROOT_SG	biškek	WF126	SG146	biškek	BORROWED	0	biškek	SG_ROOT	L2811
R212	ROOT_SG	bik	WF127	SG147	bik	BORROWED	0	bik	SG_ROOT	L2812;L2813;L2814;L2815;L2816;L2817;L2818;L2819
R213	ROOT_SG	bikst	WF128	SG148	bikst		0	bikst	SG_ROOT	L2820;L2821
R214	ROOT_SG	bals	WF129	SG149	bals		0	zero-element	SG_ROOT	L2822;L459;L2823;L2824;L2825;L2826;L2827;L2828;L2829;L2830;L2831;L2832;L2833;L2834;L2835;L2836;L2837;L2838;L2839;L2840;L2841;L2842;L2843;L2844;L2845;L2846;L2847;L2848;L2849;L2850;L2851;L2852;L2853;L2854;L2855;L2856;L2857;L2858;L2859;L2860;L2861;L2862;L2863;L2864;L2865;L2866;L2867;L2868;L2869;L2870;L2871;L2872;L2873
R215	ROOT_SG	bils	WF129	SG150	bils, bil, bild		0	zero-element	SG_ROOT	L2924;L2925;L2926;L2927;L2928;L2929;L2930
R216	ROOT_SG	bil	WF129	SG150	bils, bil, bild		0	zero-element	SG_ROOT	L2912;L2913;L2914;L2915;L2916;L2917;L2918;L2919;L2920;L2921;L2922;L2923
R217	ROOT_SG	bild	WF129	SG150	bils, bil, bild		0	zero-element	SG_ROOT	L2874;L2875;L2876;L2877;L2878;L2879;L2880;L2881;L2882;L2883;L2884;L2885;L2886;L2887;L2888;L2889;L2890;L2891;L2892;L2893;L2894;L2257;L2258;L2259;L2260;L2895;L2896;L2897;L2898;L2899;L2900;L2901;L2902;L2903;L2904;L2905;L2906;L2907;L2908;L2909;L2910;L2911
R218	ROOT_SG	bild	WF130	SG151	bild	BORROWED	0	bild	SG_ROOT	L2931;L2932;L2933;L2934;L2935;L2936;L2937;L2938;L2939;L2940;L2941;L2942;L2943;L2944;L2945;L2946;L2947;L2948;L2949
R219	ROOT_SG	bīl	WF131	SG152	bīl, bil	BORROWED	0	bīl, bil	SG_ROOT	L2950;L2951;L2952
R220	ROOT_SG	bil	WF131	SG152	bīl, bil	BORROWED	0	bīl, bil	SG_ROOT	L2953;L2954;L2955;L2956;L2957;L2958
R221	ROOT_SG	bil	WF132	SG153	bil	BORROWED	0	bil	SG_ROOT	L2959
R222	ROOT_SG	bild	WF133	SG154	bild	BORROWED	0	bild	SG_ROOT	L2960;L2961;L2962;L2963
R223	ROOT_SG	blā	WF134	SG155	blā	BORROWED	0	blā	SG_ROOT	L2964
R224	ROOT_SG	bladāc	WF135	SG156	bladāc		0	bladāc	SG_ROOT	L2965
R225	ROOT_SG	blag	WF136	SG157	blag	BORROWED	0	blag	SG_ROOT	L2966;L2967;L2968
R226	ROOT_SG	blak	WF137	SG158	blak		0	blak	SG_ROOT	L2969;L2970;L2971;L2972;L2973;L2974;L2975;L2976;L2977;L2978;L2979;L2980;L2981;L2982;L2983;L2984;L2985;L2986;L2987;L2988;L2989;L2990;L2991;L2992;L2993;L2994;L2995;L2996;L2997;L2998;L2999;L3000;L3001;L3002;L3003;L3004;L3005;L3006;L3007;L3008;L3009;L3010;L3011;L3012;L3013;L3014;L3015;L3016;L3017;L3018;L3019;L3020;L3021;L3022;L3023;L3024;L3025;L3026;L3027;L3028;L3029
R227	ROOT_SG	blāķ	WF138	SG159	blāķ		0	blāķ	SG_ROOT	L3030;L3031;L3032;L3033;L3034
R228	ROOT_SG	blāks	WF139	SG160	blāks, blākš, blarkš, blauks, blaukš, blaukt, blaukts, blankš		0	blāks, blākš, blarkš, blauks, blaukš, blaukt, blaukts, blankš	SG_ROOT	L3035
R229	ROOT_SG	blākš	WF139	SG160	blāks, blākš, blarkš, blauks, blaukš, blaukt, blaukts, blankš		0	blāks, blākš, blarkš, blauks, blaukš, blaukt, blaukts, blankš	SG_ROOT	L3036;L3037;L3038
R230	ROOT_SG	blarkš	WF139	SG160	blāks, blākš, blarkš, blauks, blaukš, blaukt, blaukts, blankš		0	blāks, blākš, blarkš, blauks, blaukš, blaukt, blaukts, blankš	SG_ROOT	L3039;L3040
R231	ROOT_SG	blauks	WF139	SG160	blāks, blākš, blarkš, blauks, blaukš, blaukt, blaukts, blankš		0	blāks, blākš, blarkš, blauks, blaukš, blaukt, blaukts, blankš	SG_ROOT	L3042
R232	ROOT_SG	blaukš	WF139	SG160	blāks, blākš, blarkš, blauks, blaukš, blaukt, blaukts, blankš		0	blāks, blākš, blarkš, blauks, blaukš, blaukt, blaukts, blankš	SG_ROOT	L3043;L3044;L3047
R233	ROOT_SG	blaukt	WF139	SG160	blāks, blākš, blarkš, blauks, blaukš, blaukt, blaukts, blankš		0	blāks, blākš, blarkš, blauks, blaukš, blaukt, blaukts, blankš	SG_ROOT	L3045
R234	ROOT_SG	blaukts	WF139	SG160	blāks, blākš, blarkš, blauks, blaukš, blaukt, blaukts, blankš		0	blāks, blākš, blarkš, blauks, blaukš, blaukt, blaukts, blankš	SG_ROOT	L3046
R235	ROOT_SG	blankš	WF139	SG160	blāks, blākš, blarkš, blauks, blaukš, blaukt, blaukts, blankš		0	blāks, blākš, blarkš, blauks, blaukš, blaukt, blaukts, blankš	SG_ROOT	L3041
R236	ROOT_SG	blam	WF140	SG161	blam	BORROWED	0	blam	SG_ROOT	L3048;L3049;L3050;L3051;L3052
R237	ROOT_SG	bland	WF141	SG162	bland		0	bland	SG_ROOT	L3053;L3054;L3055;L3056;L3057;L3058;L3059;L3060;L3061;L3062;L3063
R238	ROOT_SG	blank	WF142	SG163	blank, blanš, biank, bjank	BORROWED	0	blank, blanš, biank, bjank	SG_ROOT	L3064;L3065;L3070;L3071
R239	ROOT_SG	blanš	WF142	SG163	blank, blanš, biank, bjank	BORROWED	0	blank, blanš, biank, bjank	SG_ROOT	L3066;L3067;L3068;L3069
R240	ROOT_SG	biank	WF142	SG163	blank, blanš, biank, bjank	BORROWED	0	blank, blanš, biank, bjank	SG_ROOT	L3072
R241	ROOT_SG	bjank	WF142	SG163	blank, blanš, biank, bjank	BORROWED	0	blank, blanš, biank, bjank	SG_ROOT	L3073
R242	ROOT_SG	blank	WF143	SG164	blank	BORROWED	0	blank	SG_ROOT	L3074
R243	ROOT_SG	blast	WF144	SG165	blast	BORROWED	0	blast	SG_ROOT	L3075;L3076;L3077;L3078;L3079
R244	ROOT_SG	blašķ	WF145	SG166	blašķ	BORROWED	0	blašķ	SG_ROOT	L3080;L3081;L3082
R245	ROOT_SG	blat	WF146	SG167	blat	BORROWED	0	blat	SG_ROOT	L3083
R246	ROOT_SG	blau	WF147	SG168	blau	BORROWED	0	blau	SG_ROOT	L3084;L3085;L3086;L3087;L3088;L3089
R247	ROOT_SG	blaugzn	WF148	SG169	blaugzn		0	blaugzn	SG_ROOT	L3090;L3091;L3092
R248	ROOT_SG	blauzgov	WF149	SG170	blauzgov	BORROWED	0	blauzgov	SG_ROOT	L3093
R249	ROOT_SG	blaz	WF150	SG171	blaz	BORROWED	0	blaz	SG_ROOT	L3094;L3095
R250	ROOT_SG	blāv	WF151	SG172	blāv		0	blāv	SG_ROOT	L3096;L3097;L3098;L3099;L3100;L3101
R251	ROOT_SG	blāz	WF152	SG173	blāz		0	blāz	SG_ROOT	L3102;L3103;L3104;L3105;L3106;L3107;L3108;L3109;L3110;L3111;L3112;L3113;L3114;L3115
R252	ROOT_SG	bļau	WF153	SG174	bļau, bļāv		0	bļau, bļāv	SG_ROOT	L3116;L3117;L3118;L3119;L3120;L3121;L3122;L3123;L3124;L3125;L3126;L3127;L3128;L3129;L3130;L3131;L3132;L3133;L3134;L3135;L3136;L3137;L3138;L3139;L3140
R253	ROOT_SG	bļāv	WF153	SG174	bļau, bļāv		0	bļau, bļāv	SG_ROOT	L3141;L3142;L3143
R254	ROOT_SG	bruk	WF154	SG175	bruk, brūk, bruc, brūc, brauc, brauk		0	bruk, brūk, bruc, brūc, brauc, brauk	SG_ROOT	L3268;L3269;L3270;L3271;L3272;L3273;L3274;L3275;L3276;L3277;L3278;L3279;L3280;L3281;L3282;L3283;L3284;L3285;L3286;L3287
R255	ROOT_SG	brūk	WF154	SG175	bruk, brūk, bruc, brūc, brauc, brauk		0	bruk, brūk, bruc, brūc, brauc, brauk	SG_ROOT	L3298;L3299;L3300;L3301;L3302;L3303;L3304;L3305;L3306
R256	ROOT_SG	bruc	WF154	SG175	bruk, brūk, bruc, brūc, brauc, brauk		0	bruk, brūk, bruc, brūc, brauc, brauk	SG_ROOT	L3288;L3289;L3290;L3291;L3292;L3293;L3294;L3295;L3296;L1672;L3297
R257	ROOT_SG	brūc	WF154	SG175	bruk, brūk, bruc, brūc, brauc, brauk		0	bruk, brūk, bruc, brūc, brauc, brauk	SG_ROOT	L3307;L3308
R258	ROOT_SG	brauc	WF154	SG175	bruk, brūk, bruc, brūc, brauc, brauk		0	bruk, brūk, bruc, brūc, brauc, brauk	SG_ROOT	L3176;L3209;L3210;L3211;L3212;L3213;L1153;L3214;L2973;L3215;L3216;L3217;L3218;L3219;L3220;L3221;L3222;L3223;L3224;L3225;L3226;L3227;L3228;L3229;L3230;L3231;L3232;L3233;L3234;L3235;L3236;L3237;L3238;L3239;L3240;L3241;L3242;L3243;L3244;L3245;L3246;L3247;L3248;L3249;L3251;L3252;L3253;L3254;L3255;L3256;L3257;L3258;L3259;L3260;L3261;L3262;L3263;L3264;L3265;L3266;L3267
R259	ROOT_SG	brauk	WF154	SG175	bruk, brūk, bruc, brūc, brauc, brauk		0	bruk, brūk, bruc, brūc, brauc, brauk	SG_ROOT	L3144;L3145;L3146;L3147;L3148;L3149;L3150;L3151;L1154;L3152;L3153;L3154;L3155;L3156;L3157;L3158;L3159;L3160;L3161;L3162;L3163;L3164;L3165;L3166;L3167;L3168;L3169;L3170;L3171;L3172;L3173;L3174;L3175;L3177;L3178;L3179;L3180;L3181;L3182;L3183;L3184;L3185;L3186;L3187;L3188;L3189;L3190;L3191;L3192;L3193;L3194;L3195;L3196;L3197;L3198;L3199;L3200;L3201;L3202;L3203;L3204;L3205;L3206;L3207;L3208;L3250
R260	ROOT_SG	brukn	WF155	SG176	brukn		0	brukn	SG_ROOT	L3309
R261	ROOT_SG	bruk	WF156	SG177	bruk	BORROWED	0	bruk	SG_ROOT	L3310;L3311
R262	ROOT_SG	bruk	WF157	SG178	bruk	BORROWED	0	bruk	SG_ROOT	L3312
R263	ROOT_SG	brūk	WF158	SG179	brūk	BORROWED	0	brūk	SG_ROOT	L3313
R264	ROOT_SG	brūķ	WF159	SG180	brūķ	BORROWED	0	brūķ	SG_ROOT	L3314;L3315;L3316;L3317;L3318
R265	ROOT_SG	brīn	WF160	SG181	brīn		0	brīn	SG_ROOT	L3319;L3320;L3321;L3322;L3323;L3324;L3325;L3326;L3327;L3328;L3329;L3330;L3331;L3332;L3333;L3334;L3335;L3336;L3337;L1318;L33;L1859;L3338;L3339;L3340;L3341;L3342;L3343;L3344;L3345;L3346;L3347;L3348;L3349;L3350;L3351;L3352;L3353;L3354;L3355;L3356;L3357;L3358;L3359;L3360;L3361;L3362;L3363;L3364;L3365;L3366;L3367;L3368;L3369;L3370;L3371;L3372;L3373;L3374;L3375;L3376;L3377;L3378;L3379;L3380;L3381;L3382;L3383;L3384;L3385;L3386;L3387;L3388;L3389;L3390;L3391;L3392;L3393;L3394;L3395
R266	ROOT_SG	brīn	WF161	SG182	brīn	BORROWED	0	brīn	SG_ROOT	L3396
R267	ROOT_SG	brīv	WF162	SG183	brīv	BORROWED	0	brīv	SG_ROOT	L3397;L3398;L3399;L3400;L3401;L3402;L3403;L3404;L3405;L3406;L3407;L3408;L3409;L3410;L3411;L3412;L3413;L3414;L3415;L3416;L3417;L3418;L3419;L3420;L3421;L3422;L3423;L3424;L3425;L3426;L3427;L3428;L3429;L3430;L3431;L3432;L3433;L3434;L3435;L3436;L3437;L3438;L3439;L3440;L3441;L3442;L3443;L3444;L3445;L3446;L3447;L3448;L3449;L3450;L3451;L3452;L3453;L3454;L3455;L3456;L3457;L3458;L3459;L3460;L3461;L3462;L3463;L3464;L3465;L3466;L3467;L3468;L3469;L3470;L3471;L3472;L3473;L3474;L3475;L3476;L3477
R268	ROOT_SG	brīd	WF163	SG184	brīd, brī, brīž, brid, bris, bri, brien, brad, bra		0	brīd, brī, brīž, brid, bris, bri, brien, brad, bra	SG_ROOT	L3478;L3479;L3480;L3481;L3482;L3409;L3483;L3484;L3485;L3486;L3487;L3488;L3489;L3490;L3491;L3492;L3493;L3494;L3495;L3496;L3497;L3498;L3499;L3500;L3501;L3502;L3503;L3548;L3549
R269	ROOT_SG	brī	WF163	SG184	brīd, brī, brīž, brid, bris, bri, brien, brad, bra		0	brīd, brī, brīž, brid, bris, bri, brien, brad, bra	SG_ROOT	L3504;L3505;L3506
R270	ROOT_SG	brīž	WF163	SG184	brīd, brī, brīž, brid, bris, bri, brien, brad, bra		0	brīd, brī, brīž, brid, bris, bri, brien, brad, bra	SG_ROOT	L3507;L3508;L3509;L3510;L3511;L3512;L3513
R271	ROOT_SG	brid	WF163	SG184	brīd, brī, brīž, brid, bris, bri, brien, brad, bra		0	brīd, brī, brīž, brid, bris, bri, brien, brad, bra	SG_ROOT	L3545
R272	ROOT_SG	bris	WF163	SG184	brīd, brī, brīž, brid, bris, bri, brien, brad, bra		0	brīd, brī, brīž, brid, bris, bri, brien, brad, bra	SG_ROOT	L3529;L3530;L3531;L3532;L3533;L3534;L3535;L3536;L3537;L3538
R273	ROOT_SG	bri	WF163	SG184	brīd, brī, brīž, brid, bris, bri, brien, brad, bra		0	brīd, brī, brīž, brid, bris, bri, brien, brad, bra	SG_ROOT	L3539;L3540
R274	ROOT_SG	brien	WF163	SG184	brīd, brī, brīž, brid, bris, bri, brien, brad, bra		0	brīd, brī, brīž, brid, bris, bri, brien, brad, bra	SG_ROOT	L3546
R275	ROOT_SG	brad	WF163	SG184	brīd, brī, brīž, brid, bris, bri, brien, brad, bra		0	brīd, brī, brīž, brid, bris, bri, brien, brad, bra	SG_ROOT	L3514;L3515;L3516;L3517;L3518;L3519;L3520;L3521;L3522;L3523;L3524;L3525;L3526;L3527;L3528
R276	ROOT_SG	bra	WF163	SG184	brīd, brī, brīž, brid, bris, bri, brien, brad, bra		0	brīd, brī, brīž, brid, bris, bri, brien, brad, bra	SG_ROOT	L3541;L3542;L3543;L3544;L3547
R277	ROOT_SG	bri	WF164	SG185	bri		0	bri	SG_ROOT	L3550
R278	ROOT_SG	brasl	WF165	SG186	brasl		0	brasl	SG_ROOT	L3551;L3552;L3553
R279	ROOT_SG	brak	WF166	SG187	brak, braks, brakš, brākš, brāks, brik, brikš, brīks, brīkš, brīk		0	brak, braks, brakš, brākš, brāks, brik, brikš, brīks, brīkš, brīk	SG_ROOT	L3554;L3562
R280	ROOT_SG	braks	WF166	SG187	brak, braks, brakš, brākš, brāks, brik, brikš, brīks, brīkš, brīk		0	brak, braks, brakš, brākš, brāks, brik, brikš, brīks, brīkš, brīk	SG_ROOT	L3555
R281	ROOT_SG	brakš	WF166	SG187	brak, braks, brakš, brākš, brāks, brik, brikš, brīks, brīkš, brīk		0	brak, braks, brakš, brākš, brāks, brik, brikš, brīks, brīkš, brīk	SG_ROOT	L3556;L3558;L3559;L3560;L3561;L3563
R282	ROOT_SG	brākš	WF166	SG187	brak, braks, brakš, brākš, brāks, brik, brikš, brīks, brīkš, brīk		0	brak, braks, brakš, brākš, brāks, brik, brikš, brīks, brīkš, brīk	SG_ROOT	L3557;L3565;L3566
R283	ROOT_SG	brāks	WF166	SG187	brak, braks, brakš, brākš, brāks, brik, brikš, brīks, brīkš, brīk		0	brak, braks, brakš, brākš, brāks, brik, brikš, brīks, brīkš, brīk	SG_ROOT	L3564
R284	ROOT_SG	brik	WF166	SG187	brak, braks, brakš, brākš, brāks, brik, brikš, brīks, brīkš, brīk		0	brak, braks, brakš, brākš, brāks, brik, brikš, brīks, brīkš, brīk	SG_ROOT	L3567;L3571;L3572;L3573
R285	ROOT_SG	brikš	WF166	SG187	brak, braks, brakš, brākš, brāks, brik, brikš, brīks, brīkš, brīk		0	brak, braks, brakš, brākš, brāks, brik, brikš, brīks, brīkš, brīk	SG_ROOT	L3568;L3569;L3570
R286	ROOT_SG	brīks	WF166	SG187	brak, braks, brakš, brākš, brāks, brik, brikš, brīks, brīkš, brīk		0	brak, braks, brakš, brākš, brāks, brik, brikš, brīks, brīkš, brīk	SG_ROOT	L3574
R287	ROOT_SG	brīkš	WF166	SG187	brak, braks, brakš, brākš, brāks, brik, brikš, brīks, brīkš, brīk		0	brak, braks, brakš, brākš, brāks, brik, brikš, brīks, brīkš, brīk	SG_ROOT	L3575;L3576;L3577;L3578;L3579;L3581
R288	ROOT_SG	brīk	WF166	SG187	brak, braks, brakš, brākš, brāks, brik, brikš, brīks, brīkš, brīk		0	brak, braks, brakš, brākš, brāks, brik, brikš, brīks, brīkš, brīk	SG_ROOT	L3580
R289	ROOT_SG	bradi	WF167	SG188	bradi	BORROWED	0	bradi	SG_ROOT	L3582;L3583
R290	ROOT_SG	bras	WF168	SG189	bras	BORROWED	0	bras	SG_ROOT	L3584
R291	ROOT_SG	bri	WF169	SG190	bri	BORROWED	0	bri	SG_ROOT	L3585;L3586;L3587;L3588;L3589;L3590;L3591
R292	ROOT_SG	brī	WF170	SG191	brī	BORROWED	0	brī	SG_ROOT	L3592
R293	ROOT_SG	bris	WF171	SG192	bris	BORROWED	0	bris	SG_ROOT	L3593;L3594;L3595
R294	ROOT_SG	bris	WF172	SG193	bris	BORROWED	0	bris	SG_ROOT	L3596
R295	ROOT_SG	brise	WF173	SG194	brise	BORROWED	0	brise	SG_ROOT	L3597
R296	ROOT_SG	bris	WF174	SG195	bris		0	bris	SG_ROOT	L3598
R297	ROOT_SG	brūs	WF175	SG196	brūs	BORROWED	0	brūs	SG_ROOT	L3599
R298	ROOT_SG	brisel	WF176	SG197	brisel	BORROWED	0	brisel	SG_ROOT	L3600;L3601
R299	ROOT_SG	bridž	WF177	SG198	bridž, bri	BORROWED	0	bridž, bri	SG_ROOT	L3604;L3605;L3606
R300	ROOT_SG	bri	WF177	SG198	bridž, bri	BORROWED	0	bridž, bri	SG_ROOT	L3602;L3603
R301	ROOT_SG	breslav	WF178	SG199	breslav	BORROWED	0	breslav	SG_ROOT	L3607
R302	ROOT_SG	bruģ	WF179	SG200	bruģ	BORROWED	0	bruģ	SG_ROOT	L3608;L3609;L3610;L3611;L3612;L3613;L3614;L3615;L3616;L3617;L3618;L3619;L3620
R303	ROOT_SG	bruņ	WF180	SG201	bruņ	BORROWED	0	bruņ	SG_ROOT	L3621;L3622;L3623;L3624;L3625;L3626;L3627;L3628;L3629;L3630;L3631;L3632;L3633;L3634;L3635;L3636;L3637;L3638;L3639;L3640;L3641;L3642;L3643;L3644;L3645;L3646;L3647;L3648;L3649;L3650;L3651;L3652;L3653;L3654;L3655;L3656;L3657;L3658;L3659;L3660;L3661;L3662;L3663;L3664;L3665;L3666;L3667;L3668
R304	ROOT_SG	bruņ	WF181	SG202	bruņ		0	bruņ	SG_ROOT	L3669
R305	ROOT_SG	bruž	WF182	SG203	bruž		0	bruž	SG_ROOT	L3670;L3671;L3672;L3673;L3674;L3675;L3676;L3677;L3678
R306	ROOT_SG	bruž	WF183	SG204	bruž	BORROWED	0	bruž	SG_ROOT	L3679;L3680;L3681;L3682;L3683
R307	ROOT_SG	brut	WF184	SG205	brut	BORROWED	0	brut	SG_ROOT	L3684;L3685;L3686;L3687
R308	ROOT_SG	brut	WF185	SG206	brut		0	brut	SG_ROOT	L3688
R309	ROOT_SG	brus	WF186	SG207	brus	BORROWED	0	brus	SG_ROOT	L3689
R310	ROOT_SG	brus	WF187	SG208	brus	BORROWED	0	brus	SG_ROOT	L3690
R311	ROOT_SG	brus	WF188	SG209	brus		0	brus	SG_ROOT	L1360
R312	ROOT_SG	brūs	WF189	SG210	brūs	BORROWED	0	brūs	SG_ROOT	L3599
R313	ROOT_SG	bruņiš	WF190	SG211	bruņiš	BORROWED	0	bruņiš	SG_ROOT	L3691
R314	ROOT_SG	bruš	WF191	SG212	bruš	BORROWED	0	bruš	SG_ROOT	L3692
R315	ROOT_SG	brūn	WF192	SG213	brūn	BORROWED	0	zero-element	SG_ROOT	L3693;L3694;L3695;L297;L298;L299;L300;L3696;L81;L82;L83;L3697;L3698;L3699;L3700;L3701;L3702;L3703;L3704;L3705;L1570;L3706;L3707;L3708;L3709;L3710;L3711;L3712;L3713;L3714;L3715;L3716;L3717;L3718;L3719;L3720;L3721;L3722;L3723;L3724;L3725;L3726;L3727;L3728;L3729;L3730;L3731;L3732;L3733;L3734;L3735;L3736;L3737;L3738;L3739;L3740;L3741;L3742;L3743;L3744;L3745;L3746;L3747;L3748;L3749;L3750;L3751;L3752;L3753
R316	ROOT_SG	braun	WF192	SG214	braun	BORROWED	0	zero-element	SG_ROOT	L3754;L3755;L3756
R317	ROOT_SG	braun	WF192	SG215	braun	BORROWED	0	zero-element	SG_ROOT	L3757;L3758
R318	ROOT_SG	brun	WF192	SG216	brun	BORROWED	0	zero-element	SG_ROOT	L3759;L3760
R319	ROOT_SG	brun	WF192	SG217	brun	BORROWED	0	zero-element	SG_ROOT	L3761;L3762
R320	ROOT_SG	brun	WF193	SG218	brun		0	brun	SG_ROOT	L3763;L3764;L3765
R321	ROOT_SG	būv	WF194	SG219	būv	BORROWED	0	būv	SG_ROOT	L3766;L3767;L3768;L3769;L3770;L3771;L3772;L926;L1157;L3773;L3774;L3775;L3776;L3777;L3778;L3779;L1472;L3780;L3781;L3782;L3783;L3784;L3785;L3786;L3787;L3788;L3789;L3790;L3791;L3792;L3793;L3794;L3795;L3796;L3797;L3798;L3799;L3800;L3801;L3802;L3803;L3804;L3805;L3806;L3807;L3808;L3809;L3810;L3811;L3812;L3813;L3814;L3815;L3816;L3817;L3818;L3819;L3820;L3821;L3822;L3823;L3824;L3825;L3826;L3827;L3828;L3829;L3830;L3831;L3832;L3833;L3834;L3835;L3836;L3837;L3838;L3839;L3840;L3841;L3842;L3843;L3844;L3845;L3846;L3847;L3848;L3849;L3850;L3851;L3852;L3853;L3854;L3855;L3856;L3857;L3858;L3859;L3860;L3861;L3862;L3863;L3864;L3865;L3866;L3867;L3868;L3869;L3870;L3871;L3872;L3873;L3874;L3875;L3876;L3877;L3878;L3879;L3880;L3881;L3882;L3883;L3884;L3885;L3886;L3887;L3888;L3889;L3890;L3891;L3892;L3893;L3894;L3895;L3896;L3897;L3898;L3899;L3900;L3901;L3902;L3903;L3904;L3905;L3906;L3907;L3908;L3909;L3910;L3911;L3912;L3913;L3914;L3915;L3916;L3917;L3918;L3919;L3920;L3921;L3922;L3923;L3924;L3925;L3926;L3927;L3928;L3929
R322	ROOT_SG	bū	WF195	SG220	bū, bij, buv		0	bū, bij, buv	SG_ROOT	L3933;L3934;L3935;L3936;L3937;L3938;L3939;L3940;L3941;L3942;L3943;L3944;L3945;L3946;L3947;L3948;L3949;L3950;L3951;L3952;L3953;L3954;L3955;L3956;L3957;L3958;L3959;L3960;L3961;L3962;L3963;L3964;L3965;L3966;L3967;L3968;L3969;L3970;L3971;L3972
R323	ROOT_SG	bij	WF195	SG220	bū, bij, buv		0	bū, bij, buv	SG_ROOT	L3930;L3931;L3932;L3973;L3974;L3975;L3976
R324	ROOT_SG	buv	WF195	SG220	bū, bij, buv		0	bū, bij, buv	SG_ROOT	L3977
R325	ROOT_SG	bij	WF196	SG221	bij, bit	BORROWED	0	bij, bit	SG_ROOT	L3978;L3979
R326	ROOT_SG	bit	WF196	SG221	bij, bit	BORROWED	0	bij, bit	SG_ROOT	L3980;L3981;L3982
R327	ROOT_SG	būd	WF197	SG222	būd	BORROWED	0	būd	SG_ROOT	L3983;L3984;L3985;L3986;L3987;L3988;L3989;L3990;L3991;L3992;L3993
R328	ROOT_SG	būd	WF198	SG223	būd	BORROWED	0	būd	SG_ROOT	L3994
R329	ROOT_SG	būden	WF199	SG224	būden	BORROWED	0	būden	SG_ROOT	L3995
R330	ROOT_SG	būkš	WF200	SG225	būkš		0	būkš	SG_ROOT	L3996;L3997;L3998;L3999;L4000;L4001;L4002
R331	ROOT_SG	būr	WF201	SG226	būr	BORROWED	0	būr	SG_ROOT	L4003;L4004;L4005;L4006
R332	ROOT_SG	būr	WF202	SG227	būr	BORROWED	0	būr	SG_ROOT	L4007
R333	ROOT_SG	būr	WF203	SG228	būr	BORROWED	0	būr	SG_ROOT	L4008
R334	ROOT_SG	būriņ	WF204	SG229	būriņ	BORROWED	0	būriņ	SG_ROOT	L4009;L4010;L4011
R335	ROOT_SG	bur	WF205	SG230	bur, būr		0	bur, būr	SG_ROOT	L4013;L4014;L4015;L4016;L4017;L4018;L4019;L4020;L4022;L4023;L4024;L4025;L4026;L4027;L4028;L4029;L4030;L4031;L4032;L4033;L4034;L4035;L4036;L4037;L4038;L4039;L4040;L4041;L4042;L4043;L4044;L4045;L4046;L4047;L4048;L4049;L4050;L4051;L4052;L4053;L4054;L4055;L4056;L4057;L4058;L4059;L4060;L4061
R336	ROOT_SG	būr	WF205	SG230	bur, būr		0	bur, būr	SG_ROOT	L4012;L4021
R337	ROOT_SG	bur	WF206	SG231	bur		0	bur	SG_ROOT	L4062;L4063;L4064;L4065;L4066;L4067;L4068;L4069;L4070;L4071;L4072;L4073;L4074;L4075;L4076;L4077
R338	ROOT_SG	bur	WF207	SG232	bur		0	bur	SG_ROOT	L4078
R339	ROOT_SG	birģ	WF208	SG233	birģ, burg, burž, būr	BORROWED	0	birģ, burg, burž, būr	SG_ROOT	L4129;L4130;L4131;L4132
R340	ROOT_SG	burg	WF208	SG233	birģ, burg, burž, būr	BORROWED	0	birģ, burg, burž, būr	SG_ROOT	L4080;L4081;L4082;L4083;L4084;L4085;L4086;L4087;L4088;L4089;L4090;L4091;L4092;L4093;L4094;L4095;L4096;L4097;L4098;L4099;L4100;L4101;L4102;L4103;L4104;L4105;L4106;L4107;L4108;L4109;L4110;L4111;L4112;L4113;L4114;L4115;L4134;L4135;L4136
R341	ROOT_SG	burž	WF208	SG233	birģ, burg, burž, būr	BORROWED	0	birģ, burg, burž, būr	SG_ROOT	L4116;L4117;L4118;L4119;L4120;L4121;L4122;L4123;L4124;L4125;L4126;L4127;L4128;L4133
R342	ROOT_SG	būr	WF208	SG233	birģ, burg, burž, būr	BORROWED	0	birģ, burg, burž, būr	SG_ROOT	L4079
R343	ROOT_SG	burgas	WF209	SG234	burgas	BORROWED	0	burgas	SG_ROOT	L4137
R344	ROOT_SG	burgos	WF210	SG235	burgos	BORROWED	0	burgos	SG_ROOT	L4138
R345	ROOT_SG	burgund	WF211	SG236	burgund	BORROWED	0	burgund	SG_ROOT	L4139;L4140;L4141;L4142
R346	ROOT_SG	būc	WF212	SG237	būc		0	būc	SG_ROOT	L4143;L4144
R347	ROOT_SG	būc	WF213	SG238	būc		0	būc	SG_ROOT	L4145
R348	ROOT_SG	būn	WF214	SG239	būn	BORROWED	0	būn	SG_ROOT	L4146;L4147
R349	ROOT_SG	būn	WF215	SG240	būn	BORROWED	0	būn	SG_ROOT	L4148;L4149
R350	ROOT_SG	būt	WF216	SG241	būt	BORROWED	0	būt	SG_ROOT	L4150
R351	ROOT_SG	būh	WF217	SG242	būh	BORROWED	0	būh	SG_ROOT	L4151
R352	ROOT_SG	bū	WF218	SG243	bū, bu	BORROWED	0	bū, bu	SG_ROOT	L4152
R353	ROOT_SG	bu	WF218	SG243	bū, bu	BORROWED	0	bū, bu	SG_ROOT	L4153;L4154;L4155;L4156
R354	ROOT_SG	būtiņģ	WF219	SG244	būtiņģ, būtiņ		0	būtiņģ, būtiņ	SG_ROOT	L4157
R355	ROOT_SG	būtiņ	WF219	SG244	būtiņģ, būtiņ		0	būtiņģ, būtiņ	SG_ROOT	L4158
R356	ROOT_SG	caur	WF220	SG245	caur		0	caur	SG_ROOT	L2277;L4159;L4160;L833;L834;L721;L4161;L4162;L2046;L3222;L3223;L3224;L3225;L3226;L3163;L3164;L3546;L4163;L4164;L4165;L4166;L4167;L4168;L4169;L4170;L4171;L4172;L4173;L4174;L4175;L4176;L4177;L4178;L4179;L4180;L4181;L4182;L4183;L4184;L4185;L4186;L4187;L4188;L4189;L4190;L4191;L4192;L4193;L4194;L4195;L4196;L4197;L4198;L4199;L4200;L4201;L4202;L4203;L4204;L4205;L4206;L4207;L4208;L4209;L4210;L4211;L4212;L4213;L4214;L4215;L4216;L4217;L4218;L4219;L4220;L4221;L4222;L4223;L4224;L4225;L4226;L4227;L4228;L4229;L4230;L4231;L4232;L4233;L4234;L4235;L4236;L4237;L4238;L4239;L4240;L4241;L4242;L4243;L4244;L4245;L4246;L4247;L4248;L4249;L4250;L4251;L4252;L4253;L4254;L4255;L4256;L4257;L4258;L4259;L4260;L4261;L4262;L4263;L4264;L4265;L4266;L4267;L4268;L4269;L4270;L4271;L4272;L4273;L4274;L4275;L4276;L4277;L4278;L4279;L4280;L4281;L4282;L4283;L4284;L4285;L4286;L4287;L4288;L4289;L4290;L4291;L4292;L4293
R357	ROOT_SG	cep	WF221	SG246	cep		0	cep	SG_ROOT	L4294;L3648;L4295;L4296;L4297;L4298;L4299;L4300;L4301;L4302;L4303;L4304;L4305;L4306;L4307;L4308;L4309;L4310
R358	ROOT_SG	cep	WF222	SG247	cep		0	cep	SG_ROOT	L4311;L4312;L4313;L4314;L4315;L4316;L4317;L4318;L4319;L4320;L4321;L4322;L4323;L4324;L4325;L4326;L4327;L4328;L4329;L4330;L4331;L4332;L4333;L4334;L4335;L4336;L4337;L4338;L4339;L4340;L4341;L4342;L4343;L4344;L4345;L4346;L4347;L4348;L4349;L4350;L4351;L4352;L4353;L4354;L4355;L4356;L4357;L4358;L4359;L4360;L4361;L4362;L4363;L4364;L4365;L4366;L4367
R359	ROOT_SG	cer	WF223	SG248	cer		0	cer	SG_ROOT	L4368;L4369;L4370;L4371;L4372;L4373;L4374;L4375;L4376;L4377;L4378;L2281;L2282;L2283;L2284;L2285;L2286;L4379;L4380;L4381;L4382;L4383;L4384;L4385;L4386;L4387;L4388;L4389;L4390;L4391;L4392;L4393;L4394;L4395;L4396;L4397;L4398;L4399;L4400;L4401;L4402;L4403;L4404;L4405;L4406;L4407;L4408;L4409;L4410
R360	ROOT_SG	cer	WF224	SG249	cer	BORROWED	0	cer	SG_ROOT	L4411
R361	ROOT_SG	cer	WF225	SG250	cer		0	cer	SG_ROOT	L4412;L4413;L4414;L4415;L4416;L4417
R362	ROOT_SG	ceriņ	WF226	SG251	ceriņ, cerīn, cerīņ	BORROWED	0	ceriņ, cerīn, cerīņ	SG_ROOT	L4418;L4419;L4421;L4422;L4423;L4424;L4425;L4426;L4427;L4428;L4429
R363	ROOT_SG	cerīn	WF226	SG251	ceriņ, cerīn, cerīņ	BORROWED	0	ceriņ, cerīn, cerīņ	SG_ROOT	L4430
R364	ROOT_SG	cerīņ	WF226	SG251	ceriņ, cerīn, cerīņ	BORROWED	0	ceriņ, cerīn, cerīņ	SG_ROOT	L4420
R365	ROOT_SG	cetur	WF227	SG252	cetur, četr		0	cetur, četr	SG_ROOT	L4518;L4519;L4520;L4521;L4522;L4523;L4524;L4525;L4526;L4527;L4528;L4529;L4530;L4531;L4532;L4533;L4534;L4535;L4536;L4537;L4538;L4539;L4540;L4541;L4542;L4543;L4544;L4545;L4546;L4547;L4548
R366	ROOT_SG	četr	WF227	SG252	cetur, četr		0	cetur, četr	SG_ROOT	L4431;L615;L4432;L4433;L4434;L4435;L4436;L4437;L4438;L4439;L4440;L4441;L4442;L4443;L4444;L4445;L4446;L4447;L4448;L4449;L4450;L4451;L4452;L4453;L4454;L4455;L4456;L4457;L4458;L4459;L4460;L4461;L4462;L4463;L4464;L4465;L4466;L4467;L4468;L4469;L4470;L4471;L4472;L4473;L4474;L4475;L4476;L4477;L4478;L4479;L4480;L4481;L4482;L4483;L4484;L4485;L4486;L4487;L4488;L4489;L4490;L4491;L4492;L4493;L4494;L4495;L4496;L4497;L4498;L4499;L4500;L4501;L4502;L4503;L4504;L4505;L4506;L4507;L4508;L4509;L4510;L4511;L4512;L4513;L4514;L4515;L4516;L4517
R367	ROOT_SG	cieš	WF228	SG253	cieš, ciet, cies		0	cieš, ciet, cies	SG_ROOT	L4598;L4599;L4600;L4601;L4602
R368	ROOT_SG	ciet	WF228	SG253	cieš, ciet, cies		0	cieš, ciet, cies	SG_ROOT	L4549;L4550;L4551;L4552;L4553;L4554;L4555;L4556;L4557;L4558;L4559;L87;L4560;L4561;L4562;L4563;L4564;L4565;L4566;L4567;L4568;L4569;L4570;L4571;L4572;L4573;L4574;L4575;L4576;L4577;L4578;L4579;L4580;L4581;L4582;L4583;L4584;L4585;L4586;L4587;L4588;L4589;L4590;L4591;L4592;L4593;L4594;L4595;L4596;L4597
R369	ROOT_SG	cies	WF228	SG253	cieš, ciet, cies		0	cieš, ciet, cies	SG_ROOT	L4603
R370	ROOT_SG	ciet	WF229	SG254	ciet, cieš, cies		0	ciet, cieš, cies	SG_ROOT	L4604;L4605;L4606;L4607;L4608;L4609;L4610;L4611;L4612;L4613;L4614;L4615;L4616;L4617;L4618;L4619;L4620;L4621;L4632;L4633;L4634;L4638;L4639;L4640;L4641;L4642
R371	ROOT_SG	cieš	WF229	SG254	ciet, cieš, cies		0	ciet, cieš, cies	SG_ROOT	L4637;L4643;L4644;L4645;L4646;L4647
R372	ROOT_SG	cies	WF229	SG254	ciet, cieš, cies		0	ciet, cieš, cies	SG_ROOT	L4622;L4623;L4624;L4625;L4626;L4627;L4628;L4629;L4630;L4631;L4635;L4636
R373	ROOT_SG	cī	WF230	SG255	cī		0	cī	SG_ROOT	L4652;L4653;L4654;L2589;L4655;L4656;L4657;L4658;L4659;L4660;L4661;L4662;L4663;L4664;L4665;L4666;L4667;L4668;L4669;L4670;L4671;L4672;L4673;L4674;L4675;L4676;L4677;L4678;L4679;L4680;L4681;L4682;L4683;L4684;L4685;L4686;L1281;L250;L4687;L4688;L4689;L4690;L4691;L4692;L4693;L4694;L4695;L4696;L4697;L4698;L4699
R374	ROOT_SG	cir	WF231	SG256	cir, cirs, cirt		0	cir, cirs, cirt	SG_ROOT	L4700;L4701;L4702;L4703;L4704;L4705;L4706;L4707;L4708;L4709;L4710;L4711;L4712;L4713;L4714;L4715;L4716;L4717
R375	ROOT_SG	cirs	WF231	SG256	cir, cirs, cirt		0	cir, cirs, cirt	SG_ROOT	L4718;L4719;L4720;L4721;L4722;L4723;L4724;L4725;L4726;L4727;L4728;L4729;L4730;L4731;L4732;L4733;L4734;L4735;L4736;L4737;L4757
R376	ROOT_SG	cirt	WF231	SG256	cir, cirs, cirt		0	cir, cirs, cirt	SG_ROOT	L4738;L4739;L4740;L4741;L4742;L4743;L4744;L4745;L4746;L4747;L4748;L4749;L4750;L4751;L4752;L4753;L4754;L4755;L4756
R377	ROOT_SG	cir	WF232	SG257	cir		0	cir	SG_ROOT	L4758
R378	ROOT_SG	cir	WF233	SG258	cir	BORROWED	0	cir	SG_ROOT	L4759
R379	ROOT_SG	cit	WF234	SG259	cit		0	cit	SG_ROOT	L4760;L4761;L4762;L4763;L4764;L4765;L4766;L4767;L4768;L4769;L4770;L4771;L4772;L4773;L4774;L4775;L4776;L4777;L4778;L4779;L4780;L4781;L4782;L4783;L4784;L4785;L3483;L4786;L4787;L4788;L4789;L4790;L4791;L4792;L4793;L4794;L4795;L4796;L4797
R380	ROOT_SG	cīt	WF235	SG260	cīt		0	cīt	SG_ROOT	L4798;L4799;L4800;L4801;L4802;L4803
R381	ROOT_SG	cit	WF236	SG261	cit	BORROWED	0	cit	SG_ROOT	L1057;L4804;L4805;L4806;L4807;L4808;L4809;L4810;L4811;L4812;L4813
R382	ROOT_SG	cit	WF237	SG262	cit, cīt	BORROWED	0	cit, cīt	SG_ROOT	L4814;L4815;L4816;L4817;L4818;L4819;L4820;L4821;L4822;L4823;L4824;L4825;L4826;L4827;L4828
R383	ROOT_SG	cīt	WF237	SG262	cit, cīt	BORROWED	0	cit, cīt	SG_ROOT	L4829;L4830;L4831;L4832;L4833;L4834;L4835;L4836;L4837;L4838;L4839;L4840;L4841;L4842;L4843;L4844;L4845;L4846
R384	ROOT_SG	citskovsk	WF238	SG263	citskovsk	BORROWED	0	citskovsk	SG_ROOT	L4847
R385	ROOT_SG	cītar	WF239	SG264	cītar, ģitār, gič, gīč, kitār, sitār	BORROWED	0	cītar, ģitār, gič, gīč, kitār, sitār	SG_ROOT	L4850;L4851;L4852
R386	ROOT_SG	ģitār	WF239	SG264	cītar, ģitār, gič, gīč, kitār, sitār	BORROWED	0	cītar, ģitār, gič, gīč, kitār, sitār	SG_ROOT	L4848;L4849;L4853;L4856;L4857;L4858;L4859;L4860;L4861;L4862;L4863;L4864;L4865;L4866;L4867;L4870
R387	ROOT_SG	gič	WF239	SG264	cītar, ģitār, gič, gīč, kitār, sitār	BORROWED	0	cītar, ģitār, gič, gīč, kitār, sitār	SG_ROOT	L4854
R388	ROOT_SG	gīč	WF239	SG264	cītar, ģitār, gič, gīč, kitār, sitār	BORROWED	0	cītar, ģitār, gič, gīč, kitār, sitār	SG_ROOT	L4855
R389	ROOT_SG	kitār	WF239	SG264	cītar, ģitār, gič, gīč, kitār, sitār	BORROWED	0	cītar, ģitār, gič, gīč, kitār, sitār	SG_ROOT	L4868
R390	ROOT_SG	sitār	WF239	SG264	cītar, ģitār, gič, gīč, kitār, sitār	BORROWED	0	cītar, ģitār, gič, gīč, kitār, sitār	SG_ROOT	L4869
R391	ROOT_SG	cukur	WF240	SG265	cukur, sukur, sukr	BORROWED	0	cukur, sukur, sukr	SG_ROOT	L2288;L4871;L4872;L4873;L4874;L4875;L4876;L4877;L4878;L4879;L4880;L4881;L4882;L4883;L4884;L4885;L4886;L4887;L4893;L4894;L4895;L4896;L4897;L4898;L4899;L4900;L4901;L4902;L4903;L4904;L4905;L4906;L4907;L4908;L4909;L4910;L4911;L4912
R392	ROOT_SG	sukur	WF240	SG265	cukur, sukur, sukr	BORROWED	0	cukur, sukur, sukr	SG_ROOT	L4888;L4890;L4891;L4892
R393	ROOT_SG	sukr	WF240	SG265	cukur, sukur, sukr	BORROWED	0	cukur, sukur, sukr	SG_ROOT	L4889
R394	ROOT_SG	cūc	WF241	SG266	cūc, cūk, cūķ, čūč		0	cūc, cūk, cūķ, čūč	SG_ROOT	L4942;L4949;L4950;L4951;L4952;L4953;L4956;L4957;L4958;L4959
R395	ROOT_SG	cūk	WF241	SG266	cūc, cūk, cūķ, čūč		0	cūc, cūk, cūķ, čūč	SG_ROOT	L4913;L4914;L4915;L835;L836;L837;L4916;L4917;L88;L4918;L4919;L4920;L4921;L4922;L4923;L4924;L4925;L4926;L4927;L4928;L4929;L4930;L4931;L4932;L4933;L4934;L4935;L4936;L4937;L4938;L4939;L4940;L4941;L4943;L106;L4944;L4945;L4946;L4947;L4948
R396	ROOT_SG	cūķ	WF241	SG266	cūc, cūk, cūķ, čūč		0	cūc, cūk, cūķ, čūč	SG_ROOT	L4954
R397	ROOT_SG	čūč	WF241	SG266	cūc, cūk, cūķ, čūč		0	cūc, cūk, cūķ, čūč	SG_ROOT	L4955;L4960
R398	ROOT_SG	dāb	WF242	SG267	dāb		0	dāb	SG_ROOT	L4961;L4962;L4963;L4964
R399	ROOT_SG	dārdz	WF243	SG268	dārdz, dārg		0	dārdz, dārg	SG_ROOT	L4981;L4982;L4983;L4984;L4985
R400	ROOT_SG	dārg	WF243	SG268	dārdz, dārg		0	dārdz, dārg	SG_ROOT	L4965;L4966;L4967;L4968;L4969;L4970;L4971;L4972;L4973;L4974;L4975;L4976;L4977;L4978;L4979;L4980
R401	ROOT_SG	dārz	WF244	SG269	dārz		0	dārz	SG_ROOT	L4986;L4987;L4988;L705;L6;L1835;L1836;L1853;L1854;L1855;L3344;L4989;L4990;L4991;L4992;L724;L1968;L4993;L4994;L4995;L4996;L4997;L4998;L4999;L5000;L5001;L5002;L5003;L5004;L5005;L5006;L5007;L5008;L5009;L5010;L5011;L5012;L5013;L5014;L5015;L5016;L5017;L5018;L5019;L5020;L5021;L5022;L5023;L5024;L5025;L5026;L5027;L5028;L5029;L5030;L5031;L5032;L5033;L5034;L5035;L5036;L5037;L5038;L5039;L5040;L5041;L5042;L5043;L5044;L5045;L5046;L5047
R402	ROOT_SG	dal	WF245	SG270	dal, daļ		0	dal, daļ	SG_ROOT	L5120;L5121;L5122;L5123;L5124;L5125;L5126;L5127;L5128;L5129;L5130;L5131;L5132;L5133;L5134;L5135;L5136;L5137;L5138;L5139;L5140;L5141;L5142;L5143;L5144;L5145;L5146;L5147;L5148;L5149;L5150;L5151;L5152;L5153;L5154;L5155;L5156;L5157;L5158;L5159;L5160;L5161;L5162;L5163;L5164;L5165;L5166;L5167;L5168;L5169;L5170;L5171;L5172;L5173;L5174;L5175;L5176;L5177;L5178;L5179;L5180;L5181;L5182;L5183;L5184;L5185;L5186;L5187;L5188;L5189;L5190;L5191;L5192;L5193;L5194;L5195;L5196;L5197;L5198;L5199;L5200;L5201;L5202;L5203
R403	ROOT_SG	daļ	WF245	SG270	dal, daļ		0	dal, daļ	SG_ROOT	L5048;L5049;L5050;L5051;L5052;L565;L566;L601;L602;L603;L1003;L5053;L1161;L3368;L4520;L4521;L4522;L4523;L4524;L4525;L4526;L4527;L4528;L4529;L4530;L4531;L4532;L4533;L4534;L4434;L4435;L5054;L5055;L5056;L5057;L5058;L5059;L5060;L5061;L5062;L5063;L5064;L5065;L5066;L5067;L5068;L5069;L5070;L5071;L5072;L5073;L5074;L5075;L5076;L5077;L5078;L5079;L5080;L5081;L5082;L5083;L5084;L5085;L5086;L5087;L5088;L5089;L5090;L5091;L5092;L5093;L5094;L5095;L5096;L5097;L5098;L5099;L5100;L5101;L5102;L5103;L5104;L5105;L4546;L4547;L4548;L5106;L5107;L5108;L5109;L5110;L5111;L5112;L5113;L5114;L5115;L5116;L5117;L5118;L5119
R404	ROOT_SG	darb	WF246	SG271	darb, dirb		0	zero-element	SG_ROOT	L5204;L5205;L463;L5206;L1162;L1058;L5207;L5208;L223;L224;L225;L2289;L2290;L2291;L2292;L2293;L2294;L2295;L2296;L2297;L2974;L2985;L3339;L3782;L3783;L5209;L5210;L2590;L2591;L5211;L5212;L5213;L5214;L5215;L5216;L5217;L5218;L5219;L5220;L5221;L5222;L5223;L5224;L5225;L5226;L5227;L5228;L838;L839;L5229;L5230;L5231;L5232;L5233;L5234;L5235;L5236;L5237;L5238;L5239;L5240;L5241;L5242;L5243;L5244;L5245;L5246;L5247;L5248;L5249;L5250;L5251;L5252;L5253;L5254;L5255;L5256;L5257;L5258;L5259;L5260;L5261;L5262;L5263;L5264;L5265;L5266;L5267;L5268;L5269;L5270;L5271;L5272;L5273;L5274;L5275;L5276;L5277;L5278;L5279;L5280;L5281;L4857;L5282;L5283;L5284;L5285;L5286;L5287;L5288;L5289;L5290;L5291;L5292;L5293;L5294;L5295;L5296;L5297;L5298;L5299;L5300;L5301;L5302;L5303;L5304;L5305;L5306;L5307;L5308;L5309;L5310;L5311;L5312;L5313;L5314;L5315;L5316;L5317;L5318;L5319;L5320;L5321;L5322;L5323;L5324;L5325;L5326;L5327;L5328;L5329;L5330;L5331;L5332;L5333;L5334;L5335;L5336;L5337;L5338;L5339;L5340;L5341;L5342;L5343;L5344;L5345;L5346;L5347;L5348;L5349;L5350;L5351;L5352;L5353;L5354;L5355;L5356;L5357;L5358;L5359;L5360;L5361;L5362;L5363;L5364;L5365;L5366;L5367;L5368;L5369;L5370;L5371;L5372;L5373;L5374;L5375;L5376;L5377;L5378;L5379;L5380;L5381;L5382;L5383;L5384;L5385;L5386;L5387;L5388;L5389;L5390;L5391;L5392;L5393;L5394;L5395;L5396;L5397;L5398;L5399;L5400;L5401;L5402;L5403;L5404;L5405;L5406;L5407;L5408;L5409;L5410;L5411;L5412;L5413;L5414;L5415;L5416;L5417;L5418;L5419;L5420;L5421;L5422;L5423
R405	ROOT_SG	dirb	WF246	SG271	darb, dirb		0	zero-element	SG_ROOT	L5424
R406	ROOT_SG	dar	WF246	SG272	dar		0	zero-element	SG_ROOT	L5425;L5426;L5427;L5428;L5429;L5430;L5431;L5432;L5433;L5434;L5435;L5436;L5437;L5438;L5439;L5440;L5441;L5442;L5443;L5444;L5445;L5446;L3340;L3341;L3342;L3343;L5447;L5448;L5449;L5450;L5451;L5452;L5453;L5454;L5455;L5456;L5457;L5458;L5459;L5460;L5461;L5462;L5463;L5464;L5465;L5466;L5467;L5468;L5469;L5470;L5471;L5472;L5473;L5474;L5475;L5476;L5477;L5478;L5479;L5480;L5481;L5482;L5483;L5484;L5485;L5486;L5487;L5488;L5489;L5490;L5491;L5492;L5493;L5494;L5495;L5496;L5497;L5498;L5499;L5500;L5501;L5502;L5503;L5504;L5505;L5506;L5507;L5508;L5509;L5510;L5511;L5512;L5513;L5514;L5515;L5516;L5517;L5518;L5519;L5520;L5521;L5522;L5523;L5524;L5525;L5526;L5527;L5528;L5529
R407	ROOT_SG	daršan	WF247	SG273	daršan	BORROWED	0	daršan	SG_ROOT	L5530
R408	ROOT_SG	daudz	WF248	SG274	daudz		0	daudz	SG_ROOT	L2325;L5531;L5532;L725;L2841;L2842;L2843;L2844;L1863;L5533;L5534;L5535;L4608;L4655;L4656;L4657;L5536;L5537;L5538;L5539;L5540;L5541;L5542;L5543;L5544;L5545;L5546;L5547;L5548;L5549;L5550;L5551;L5552;L5553;L5554;L5555;L5556;L5557;L5558;L5559;L5560;L5561;L5562;L5563;L5564;L5565;L5566;L5567;L5568;L5569;L5570;L5571;L5572;L5573;L5574;L5575;L5576;L5577;L5578;L5579;L5580;L5581;L5582;L5583;L5584;L5585;L5586;L5587;L5588;L5589;L5590;L5591;L5592;L5593;L5594;L5595;L5596;L5597;L5598;L5599;L5600;L5601;L5602;L5603;L5604;L5605;L5606;L5607;L5608;L5609;L5610;L5611;L5612;L5613;L5614;L5615;L5616;L5617;L5618;L5619;L5620;L5621;L5622;L5623;L5624;L5625;L5626;L5627;L5628;L5629;L5630;L5631;L5632;L5633;L5634;L5635;L5636;L5637;L5638;L5639;L5640;L5641;L5642;L5643;L5644;L5645;L5646;L5647;L5648;L5649;L5650;L5651;L5652;L5653;L5654;L5655;L5656;L5657;L5658;L5659;L5660;L5661;L5662;L5663;L5664;L5665;L5666;L5667;L5668;L5669;L5670;L5671;L5672;L5673;L5674;L5675;L5676;L5677;L5678;L5679;L5680;L5681;L5682;L5683;L5684;L5685;L5686;L5687;L5688;L5689;L5690
R409	ROOT_SG	dauz	WF249	SG275	dauz, daudz		0	dauz, daudz	SG_ROOT	L5691;L5692;L5693;L5694;L5695;L5696;L5697;L5698;L5699;L5700;L5701;L5702;L5703;L5704;L5705;L5706;L5707;L5708;L5709;L5710;L5711;L5712;L5713;L5714;L5715;L5716;L5717;L5718;L5719;L5720;L5721
R410	ROOT_SG	daudz	WF249	SG275	dauz, daudz		0	dauz, daudz	SG_ROOT	L5722
R411	ROOT_SG	deb	WF250	SG276	deb		0	deb	SG_ROOT	L3165;L3387;L5723;L5724;L5725;L5726;L5727;L5728;L5729;L5730;L5731;L5732;L5733;L5734;L5735;L5736;L5737;L5738;L5739;L5740;L5741;L5742;L5743;L5744;L5745
R412	ROOT_SG	degun	WF251	SG277	degun, deguņ		0	degun, deguņ	SG_ROOT	L5746;L5747;L5748;L5749;L5750;L5751;L5752;L5753;L5754;L5755;L5756;L5757;L5758;L5759;L5760;L5761;L5762;L5763;L5764;L5765;L5766;L5767;L5768;L5769;L5770;L5771;L5772;L5773;L5774;L5775;L5776;L5777;L5778;L5779
R413	ROOT_SG	deguņ	WF251	SG277	degun, deguņ		0	degun, deguņ	SG_ROOT	L5780
R414	ROOT_SG	dedz	WF252	SG278	dedz, dedž, deg, deģ, dag, dadz		0	dedz, dedž, deg, deģ, dag, dadz	SG_ROOT	L5852;L5858;L5859;L5860;L5861;L5862;L5863;L5864;L5865;L5866;L5867;L5868;L5869;L5870;L5871;L5872;L5873;L5874;L5875;L5876;L5877;L5878;L5879;L5880;L5881;L5882;L5883;L5884;L5885;L5886;L5887;L5888;L5889;L5890;L5891;L5892;L5893;L5895;L5897;L5898;L5899
R415	ROOT_SG	dedž	WF252	SG278	dedz, dedž, deg, deģ, dag, dadz		0	dedz, dedž, deg, deģ, dag, dadz	SG_ROOT	L5900
R416	ROOT_SG	deg	WF252	SG278	dedz, dedž, deg, deģ, dag, dadz		0	dedz, dedž, deg, deģ, dag, dadz	SG_ROOT	L5781;L5782;L5783;L5784;L5785;L5786;L5787;L5788;L5789;L5790;L5791;L5792;L5793;L5794;L5795;L5796;L5797;L5798;L5799;L5800;L5801;L5802;L5803;L5804;L5805;L5806;L5807;L5808;L5809;L5810;L5811;L5812;L5813;L5814;L5815;L5816;L5817;L5818;L5819;L5820;L5821;L5822;L5823;L5824;L5825;L5826;L5827;L5828;L5829;L5830;L5831;L5832;L5833;L5834;L5835;L5836;L5837;L5838;L5839;L5840;L5841;L5842;L5843;L5844;L5845;L5846;L5847;L5848;L5849;L5850;L5851;L5853;L5854;L5855;L5856;L5857;L5894;L5896
R417	ROOT_SG	deģ	WF252	SG278	dedz, dedž, deg, deģ, dag, dadz		0	dedz, dedž, deg, deģ, dag, dadz	SG_ROOT	L5901;L5902;L5903;L5904;L5905
R418	ROOT_SG	dag	WF252	SG278	dedz, dedž, deg, deģ, dag, dadz		0	dedz, dedž, deg, deģ, dag, dadz	SG_ROOT	L5909;L5910;L5911;L5912;L5913
R419	ROOT_SG	dadz	WF252	SG278	dedz, dedž, deg, deģ, dag, dadz		0	dedz, dedž, deg, deģ, dag, dadz	SG_ROOT	L5906;L5907;L5908
R420	ROOT_SG	deg	WF253	SG279	deg	BORROWED	0	deg	SG_ROOT	L5914
R421	ROOT_SG	deg	WF254	SG280	deg		0	deg	SG_ROOT	L5915
R422	ROOT_SG	dag	WF255	SG281	dag, dac, dač	BORROWED	0	dag, dac, dač	SG_ROOT	L5916;L5917;L5918;L5919
R423	ROOT_SG	dac	WF255	SG281	dag, dac, dač	BORROWED	0	dag, dac, dač	SG_ROOT	L5920;L5921
R424	ROOT_SG	dač	WF255	SG281	dag, dac, dač	BORROWED	0	dag, dac, dač	SG_ROOT	L5922
R425	ROOT_SG	dagd	WF256	SG282	dagd		0	dagd	SG_ROOT	L5923;L5924;L5925
R426	ROOT_SG	dagil	WF257	SG283	dagil	BORROWED	0	dagil	SG_ROOT	L5926;L5927
R427	ROOT_SG	degā	WF258	SG284	degā	BORROWED	0	degā	SG_ROOT	L5928
R428	ROOT_SG	delik	WF259	SG285	delik, delg	BORROWED	0	delik, delg	SG_ROOT	L5929;L5930;L5931;L5932
R429	ROOT_SG	delg	WF259	SG285	delik, delg	BORROWED	0	delik, delg	SG_ROOT	L5933
R430	ROOT_SG	delf	WF260	SG286	delf	BORROWED	0	delf	SG_ROOT	L5934;L4918;L5935;L5936;L5937;L5938
R431	ROOT_SG	delft	WF261	SG287	delft	BORROWED	0	delft	SG_ROOT	L5939
R432	ROOT_SG	demp	WF262	SG288	demp	BORROWED	0	demp	SG_ROOT	L5940;L5941;L5942;L5943;L5944;L5945;L5946
R433	ROOT_SG	dendr	WF263	SG289	dendr	BORROWED	0	dendr	SG_ROOT	L5947;L5948;L5949;L5950;L5951;L5952;L5953;L5954;L5955;L5956;L5957;L5958
R434	ROOT_SG	dens	WF264	SG290	dens	BORROWED	0	dens	SG_ROOT	L5959;L5960;L5961;L5962;L5963;L5964;L5965;L5966;L5967;L5968;L5969;L5970
R435	ROOT_SG	odont	WF265	SG291	odont	BORROWED	0	zero-element	SG_ROOT	L5971;L5972;L5973;L5974;L5975;L5976;L5977;L5978;L5979;L5980;L5981;L5982;L5983
R436	ROOT_SG	dent	WF265	SG292	dent	BORROWED	0	zero-element	SG_ROOT	L5984;L5985;L5986;L5987
R437	ROOT_SG	desmit	WF266	SG293	desmit, dsmit		0	desmit, dsmit	SG_ROOT	L567;L568;L569;L570;L571;L572;L573;L4436;L4437;L4438;L4439;L4440;L4441;L4442;L4443;L5988;L5989;L1708;L1709;L1864;L4658;L4659;L5059;L5990;L5991;L5992;L5993;L5994;L5995;L5996;L5997;L5998;L5999;L6000;L6001;L6002;L6003;L6004;L6005;L6006;L6007;L6008;L6009;L6010;L6011;L6012;L4541;L6013;L6014;L6015;L6016;L6017;L6018;L6019;L6020;L6021;L6022;L6023;L6024;L6025;L6026;L6027;L6028;L6029;L6030;L6031;L6032;L6033;L6034;L6035;L6036;L6037;L6038;L6039;L6040;L6041;L6042;L6043;L6044;L6045;L6046;L6047;L6048;L6049;L6050;L6051;L6052;L6053;L6054;L6055;L6056;L6057;L6058;L6059;L6060;L6061;L6062;L6063;L6064;L6065;L6066;L6067;L6068;L6069;L6070;L6071
R438	ROOT_SG	dsmit	WF266	SG293	desmit, dsmit		0	desmit, dsmit	SG_ROOT	L585;L586;L587;L4480;L4482;L4488;L4481;L4483;L4484;L4485;L4486;L4487;L6072;L6073;L6074;L6075;L6076;L6077;L6078;L6079;L5066;L6080;L6081;L6082;L6083;L6084;L6085;L6086;L6087;L6088;L6089;L6090;L6091;L6092;L6093;L6094;L6095;L6096;L6097;L6098;L6099;L6100;L6101;L6102;L6103;L6104;L6105;L6106;L6107;L6108;L6109;L6110;L6111;L6112;L6113;L6114;L6115;L6116;L6117;L6118;L6119;L6120;L6121;L6122;L5114;L5115;L6123;L6124;L6125;L6126
R439	ROOT_SG	deviņ	WF267	SG294	deviņ, devī		0	deviņ, devī	SG_ROOT	L6127;L6128;L6011;L6012;L4541;L6013;L6014;L6015;L6129;L6130;L6131;L6132;L6133;L6134;L6135;L6136;L6137;L6138;L6139;L6140;L6072;L6073;L6074;L6075;L6076;L6141;L6142;L6143;L6144;L6145;L6146;L6147;L6148;L6153;L6154
R440	ROOT_SG	devī	WF267	SG294	deviņ, devī		0	deviņ, devī	SG_ROOT	L6149;L6150;L6151;L6152
R441	ROOT_SG	dien	WF268	SG295	dien		0	dien	SG_ROOT	L6155;L6156;L6157;L6158;L6159;L11;L1856;L3413;L3451;L6160;L4165;L4166;L4535;L4536;L6161;L4786;L5211;L5232;L5536;L6162;L4998;L6129;L6163;L6164;L6165;L6166;L6167;L6168;L6169;L6170;L6171;L6172;L6173;L6174;L6175;L6176;L6177;L6178;L6179;L6180;L6181;L6182;L6183;L6184;L6185;L6186;L6187;L6188;L6189;L6190;L6191;L6192;L1658;L6193;L5062;L6194;L6195;L6196;L6197;L6198;L6199;L6200;L6201;L6202;L6203;L6204;L6205;L6206;L6207;L6208;L6209;L6210;L6211;L6212;L6213;L6214;L6215;L6216;L6217;L6218;L6219;L6220;L6221;L6222;L6223;L6224;L6225;L6226;L6227;L6228;L6229;L6230;L6231;L6232;L6233;L6234;L6235;L6236;L6237;L6238;L6239;L6240;L6241;L6242;L6243;L6244;L6245;L6246;L6247;L6248;L6249;L6250;L6251;L6252;L6253;L6254;L6255;L6256;L6257;L6258;L6259;L6260;L6261;L6262;L6263;L6264;L6265;L6266;L6267;L6268;L6269;L6270;L6271;L6272;L6273;L6274;L3467;L6275;L6276;L6277;L6278;L6279;L6280;L6281;L6282;L6283;L6284;L6285;L6286;L6287;L6288;L6289;L6290;L6291;L6292;L6293;L4542;L6294;L6295;L6296;L6297;L6298;L6299;L6300;L6301;L6302;L6303;L6304;L6305;L6306;L4543;L4544;L6307;L6308;L6309;L6310;L6311;L6312;L6313;L6314;L6315;L6316;L6317;L6318;L6319;L6320;L6321;L6322;L6323;L6324;L6325;L6326;L6327;L6328;L6329;L6330;L6331;L6332;L6333;L6334;L6335;L6336;L6337;L6338;L6339;L6340;L6341;L6342;L6343;L6344;L6345;L6346;L6347;L6348;L6349;L6350;L6351;L6352;L6353;L6354;L6355;L6356;L1606;L1607;L1608;L4545;L6357;L6358;L6359;L6360;L6361;L6362;L6363;L6364;L6365;L6366;L6367;L6368;L6369;L6370;L6371;L6372;L6373;L6374;L6375;L6376;L6377;L6378;L6379;L6380;L6381;L6382;L6383;L6384;L6385;L6386;L6387;L6388;L6389;L6390;L6391;L6392;L6393;L6394;L6395;L6396;L6397
R442	ROOT_SG	dien	WF269	SG296	dien, dienest, diender	BORROWED	0	dien, dienest, diender	SG_ROOT	L6398;L6399;L6400;L6401;L6402;L6403;L6404;L6418;L6419;L6420;L6421;L6422;L6423;L6424
R443	ROOT_SG	dienest	WF269	SG296	dien, dienest, diender	BORROWED	0	dien, dienest, diender	SG_ROOT	L6405;L6406;L6407;L6408;L6409;L6410;L6411;L6412;L6413;L6414;L6415;L6416;L6417
R444	ROOT_SG	diender	WF269	SG296	dien, dienest, diender	BORROWED	0	dien, dienest, diender	SG_ROOT	L6425
R445	ROOT_SG	dīv	WF270	SG297	dīv	BORROWED	0	dīv	SG_ROOT	L6426;L6427;L6428;L6429;L6430;L6431;L6432
R446	ROOT_SG	dīv	WF271	SG298	dīv		0	dīv	SG_ROOT	L6433
R447	ROOT_SG	dīvaj	WF272	SG299	dīvaj		0	dīvaj	SG_ROOT	L6434
R448	ROOT_SG	die	WF273	SG300	die, diev		0	zero-element	SG_ROOT	L6508;L6509;L6510;L6511;L6512;L6513;L6514;L6515;L6516;L6517;L6518
R449	ROOT_SG	diev	WF273	SG300	die, diev		0	zero-element	SG_ROOT	L6435;L6436;L6437;L465;L2304;L2305;L2306;L2307;L6438;L6439;L6440;L6441;L6442;L6443;L6444;L2777;L2778;L2779;L5014;L6445;L6446;L6447;L6448;L6449;L6450;L6451;L6452;L6453;L6454;L6455;L6456;L6457;L6458;L6459;L6460;L6461;L6462;L6463;L6464;L6465;L6466;L6467;L6468;L6469;L6470;L6471;L6472;L6473;L6474;L6475;L6476;L6477;L6478;L6479;L6480;L6481;L6482;L6483;L6484;L6485;L6486;L6487;L6488;L6489;L6490;L6491;L6492;L6493;L6494;L6495;L6496;L6497;L6498;L6499;L6500;L6501;L6502;L6503;L6504;L6505;L6506;L6507
R450	ROOT_SG	dīv	WF273	SG301	dīv	BORROWED	0	zero-element	SG_ROOT	L6519;L6520;L6521;L6522;L6523
R451	ROOT_SG	djē	WF273	SG302	djē	BORROWED	0	zero-element	SG_ROOT	L6524
R452	ROOT_SG	dej	WF273	SG303	dej	BORROWED	0	zero-element	SG_ROOT	L6525
R453	ROOT_SG	zev	WF273	SG304	zev	BORROWED	0	zero-element	SG_ROOT	L6526
R454	ROOT_SG	ceis	WF273	SG305	ceis	BORROWED	0	zero-element	SG_ROOT	L6527
R455	ROOT_SG	dūdieviņ	WF274	SG306	dūdieviņ		0	dūdieviņ	SG_ROOT	L6528;L6529
R456	ROOT_SG	te	WF275	SG307	te, tej, tij, ti, tē, fej, tu, fjo, fe, to, dārt	BORROWED	0	te, tej, tij, ti, tē, fej, tu, fjo, fe, to, dārt	SG_ROOT	L6538;L6539;L6540;L6541;L6542;L6547;L6548;L6549;L6550;L6551;L6552;L6553;L6554;L6555;L6556;L6557;L6558;L6559;L6560;L6561;L6562;L6563;L6564;L6565;L6566;L6567;L6568;L6569;L6570;L6571;L6572;L6573;L6574;L6575
R457	ROOT_SG	tej	WF275	SG307	te, tej, tij, ti, tē, fej, tu, fjo, fe, to, dārt	BORROWED	0	te, tej, tij, ti, tē, fej, tu, fjo, fe, to, dārt	SG_ROOT	L6530;L6544
R458	ROOT_SG	tij	WF275	SG307	te, tej, tij, ti, tē, fej, tu, fjo, fe, to, dārt	BORROWED	0	te, tej, tij, ti, tē, fej, tu, fjo, fe, to, dārt	SG_ROOT	L6531;L6545
R459	ROOT_SG	ti	WF275	SG307	te, tej, tij, ti, tē, fej, tu, fjo, fe, to, dārt	BORROWED	0	te, tej, tij, ti, tē, fej, tu, fjo, fe, to, dārt	SG_ROOT	L6546
R460	ROOT_SG	tē	WF275	SG307	te, tej, tij, ti, tē, fej, tu, fjo, fe, to, dārt	BORROWED	0	te, tej, tij, ti, tē, fej, tu, fjo, fe, to, dārt	SG_ROOT	L6532
R461	ROOT_SG	fej	WF275	SG307	te, tej, tij, ti, tē, fej, tu, fjo, fe, to, dārt	BORROWED	0	te, tej, tij, ti, tē, fej, tu, fjo, fe, to, dārt	SG_ROOT	L6533;L6534;L6535;L6536;L6537
R462	ROOT_SG	tu	WF275	SG307	te, tej, tij, ti, tē, fej, tu, fjo, fe, to, dārt	BORROWED	0	te, tej, tij, ti, tē, fej, tu, fjo, fe, to, dārt	SG_ROOT	L6576;L6577;L6578;L6579;L6580;L6581;L6582;L6583;L6584;L6585;L6586;L6587;L6588
R463	ROOT_SG	fjo	WF275	SG307	te, tej, tij, ti, tē, fej, tu, fjo, fe, to, dārt	BORROWED	0	te, tej, tij, ti, tē, fej, tu, fjo, fe, to, dārt	SG_ROOT	L6589;L6590;L6591
R464	ROOT_SG	fe	WF275	SG307	te, tej, tij, ti, tē, fej, tu, fjo, fe, to, dārt	BORROWED	0	te, tej, tij, ti, tē, fej, tu, fjo, fe, to, dārt	SG_ROOT	L6592;L6593;L6594;L6595;L6596;L6597
R465	ROOT_SG	to	WF275	SG307	te, tej, tij, ti, tē, fej, tu, fjo, fe, to, dārt	BORROWED	0	te, tej, tij, ti, tē, fej, tu, fjo, fe, to, dārt	SG_ROOT	L6598;L6599;L6600
R466	ROOT_SG	dārt	WF275	SG307	te, tej, tij, ti, tē, fej, tu, fjo, fe, to, dārt	BORROWED	0	te, tej, tij, ti, tē, fej, tu, fjo, fe, to, dārt	SG_ROOT	L6543
R467	ROOT_SG	teo	WF276	SG308	teo	BORROWED	0	teo	SG_ROOT	L6601;L6602
R468	ROOT_SG	teo	WF277	SG309	teo	BORROWED	0	teo	SG_ROOT	L6603
R469	ROOT_SG	teorb	WF278	SG310	teorb	BORROWED	0	teorb	SG_ROOT	L6604
R470	ROOT_SG	diž	WF279	SG311	diž		0	diž	SG_ROOT	L6605;L6606;L6607;L1698;L6608;L3303;L6609;L6610;L6611;L6612;L6613;L6614;L6615;L6616;L5015;L6617;L6618;L6619;L6620;L6621;L6622;L6623;L6624;L6625;L6626;L6627;L6628;L6629;L6630;L6631;L6632;L6633;L6634;L6635;L6636;L6637;L6638;L6639;L6640;L6641;L6642;L6643;L6644;L6645;L6646;L6647;L6648;L6649;L6650;L6651;L6652;L6653;L6654;L6655;L6656;L6657;L6658;L6659;L6660;L6661;L6662;L6663;L6664;L6665;L6666;L6667;L6668;L6669;L6670;L6671;L6672;L6673;L6674;L6675;L6676;L6677;L6678;L6679;L6680;L6681;L6682;L6683;L6684;L6685;L6686;L6687
R471	ROOT_SG	dižon	WF280	SG312	dižon	BORROWED	0	dižon	SG_ROOT	L6688
R472	ROOT_SG	doc	WF281	SG313	doc, dok, dak	BORROWED	0	zero-element	SG_ROOT	L6755;L6756;L6757;L6758;L6759;L6760;L6761;L6762
R473	ROOT_SG	dok	WF281	SG313	doc, dok, dak	BORROWED	0	zero-element	SG_ROOT	L6689;L6690;L6691;L6692;L6693;L6694;L6695;L6696;L6697;L6698;L6699;L6700;L6701;L6702;L6703;L6704;L6705;L6706;L6707;L6708;L6709;L6710;L6711;L6712;L6713;L6714;L6715;L6716;L6717;L6718;L6719;L6720;L6721;L6722;L6723;L6724;L6741;L6742;L6743;L6744;L6745;L6746;L6747;L6748;L6749;L6750;L6751;L6752;L6753;L6754
R474	ROOT_SG	dak	WF281	SG313	doc, dok, dak	BORROWED	0	zero-element	SG_ROOT	L6725;L6726;L6727;L6728;L6729;L6730;L6731;L6732;L6733;L6734;L6735;L6736;L6737;L6738;L6739;L6740
R475	ROOT_SG	dek	WF281	SG314	dek	BORROWED	0	zero-element	SG_ROOT	L6763;L6764;L6765;L6766;L6767;L6768;L6769;L6770;L6771;L6772;L6773;L6774;L6775
R476	ROOT_SG	dog	WF281	SG315	dog	BORROWED	0	zero-element	SG_ROOT	L6776;L6777;L6778;L6779;L6780
R477	ROOT_SG	doks	WF281	SG316	doks	BORROWED	0	zero-element	SG_ROOT	L6781;L6782;L6783;L6784;L6785;L6786;L6787;L6788;L6789;L6790;L6791
R478	ROOT_SG	dok	WF282	SG317	dok	BORROWED	0	dok	SG_ROOT	L6792;L6793;L6794
R479	ROOT_SG	doku	WF283	SG318	doku	BORROWED	0	doku	SG_ROOT	L6795
R480	ROOT_SG	dok	WF284	SG319	dok	BORROWED	0	dok	SG_ROOT	L6796;L6797
R481	ROOT_SG	dok	WF285	SG320	dok	BORROWED	0	dok	SG_ROOT	L6798
R482	ROOT_SG	dok	WF286	SG321	dok		0	dok	SG_ROOT	L6799
R483	ROOT_SG	dakt	WF287	SG322	dakt	BORROWED	0	dakt	SG_ROOT	L6800;L6801;L6802
R484	ROOT_SG	dakt	WF288	SG323	dakt	BORROWED	0	dakt	SG_ROOT	L6803;L6804;L6805
R485	ROOT_SG	dom	WF289	SG324	dom, domj	BORROWED	0	dom, domj	SG_ROOT	L6806;L6807;L6808;L6809;L6810;L6811;L6812;L6813;L6814;L6815;L6816;L6817;L6818;L6819;L6820;L6821;L6822;L6823;L6824;L6825;L6826;L2976;L3414;L3415;L3416;L3417;L3418;L3419;L6827;L6828;L6829;L6830;L6831;L6832;L6833;L6834;L6835;L6836;L6837;L5275;L6838;L6839;L6840;L6841;L6842;L6843;L6844;L6845;L6846;L6847;L6848;L2593;L2594;L6849;L6850;L6851;L6852;L6853;L6854;L6855;L6856;L6857;L6858;L6859;L6860;L6861;L6862;L6863;L6864;L6865;L6866;L6867;L6868;L6869;L6870;L6871;L6872;L6873;L6874;L6875;L6876;L6877;L6878;L6879;L6880;L6881;L6882;L6883;L6884;L6885;L6886;L6887;L6888;L6889;L6890;L6891;L6892;L6893;L6894;L6895;L6896;L6897;L6898;L6899;L6900;L6901;L6902;L6903;L6904;L6905;L6906;L6907;L6908;L6909;L6910
R486	ROOT_SG	domj	WF289	SG324	dom, domj	BORROWED	0	dom, domj	SG_ROOT	L6911;L6912;L6913;L6914;L6915;L6916;L6917;L6918;L6919
R487	ROOT_SG	dom	WF290	SG325	dom	BORROWED	0	zero-element	SG_ROOT	L6920;L6921;L6922;L6923;L6924;L6925;L6926;L6927;L6928;L6929;L6930;L6931;L6932;L6933;L6934;L6935;L6936;L6937;L6938;L6939;L6940;L6941;L6942;L6943
R488	ROOT_SG	dom	WF290	SG326	dom	BORROWED	0	zero-element	SG_ROOT	L6944
R489	ROOT_SG	domoded	WF291	SG327	domoded	BORROWED	0	domoded	SG_ROOT	L6945
R490	ROOT_SG	domin	WF292	SG328	domin		0	domin	SG_ROOT	L6946
R491	ROOT_SG	dāv	WF293	SG329	dāv, dev, dēv, do, dod		0	zero-element	SG_ROOT	L6947;L6948;L6949;L6950;L6951;L6952;L6953;L6954;L6955;L6956;L6957;L6958;L6959;L6960;L6961;L6962;L6963;L6964;L6965;L6966;L6967;L6968;L6969;L6970;L6971;L6972;L6973;L6974;L6975;L6976;L6977;L6978
R492	ROOT_SG	dev	WF293	SG329	dāv, dev, dēv, do, dod		0	zero-element	SG_ROOT	L6979;L6980;L6981;L6982;L6983;L6984;L6985;L6986;L6987;L1719;L2449;L6988;L6989;L6990;L6991;L6992;L6993;L6994;L6995;L6996;L6997;L6998;L6999;L7000;L7001;L7002;L7003;L7004;L5295;L7005;L7006;L7007;L7008;L7009;L7010;L7011;L7012;L7013;L7014;L7015;L7016;L7017;L7018;L7019;L7020;L7021;L7022;L7023;L7024;L7025;L7026;L7027;L7028;L7029;L7030;L7031;L7032;L7033;L7034;L7035;L7036;L7037;L7038;L7039;L7040;L7041;L7042;L7043;L7044;L7045;L7046;L7047;L7048;L7049;L6882;L6883;L6884;L7050;L7051;L7052;L7053;L7054;L7055;L7056;L7057;L7058;L7059;L7060;L7061;L7062;L7063;L7064;L7065;L7066;L7067;L7068;L7069;L7070;L7071;L7072;L7073;L7074;L7075
R493	ROOT_SG	dēv	WF293	SG329	dāv, dev, dēv, do, dod		0	zero-element	SG_ROOT	L7161;L7162;L7163;L7164;L7165;L7166;L7167;L7168;L7169;L7170;L7171;L7172;L7173;L7174;L7175
R494	ROOT_SG	do	WF293	SG329	dāv, dev, dēv, do, dod		0	zero-element	SG_ROOT	L7076;L7077;L7078;L7079;L7080;L7081;L7082;L7083;L7084;L7085;L7086;L2421;L6660;L7087;L7088;L7089;L7090;L7091;L7092;L7093;L7094;L7095;L7096;L7097;L7098;L7099;L7100;L7101;L7102;L7103;L7104;L7105;L7106;L7107;L7108;L7109;L7110;L7111;L7112;L7113;L7114;L7115;L7116;L7117;L7118;L7119;L7120;L7121;L7122;L7123;L7124;L7125;L7126;L7127;L7128;L7129;L7130;L7131;L7132;L7133;L7134;L7135;L7136;L7137;L7138;L7139;L7140;L7141;L7142;L7143;L7144;L7145;L7146;L7147;L7148;L7149;L7150;L7151;L7152;L7153;L7154;L7155;L7156;L7157;L7158;L7159;L7160
R495	ROOT_SG	dod	WF293	SG329	dāv, dev, dēv, do, dod		0	zero-element	SG_ROOT	L7176
R496	ROOT_SG	dat	WF293	SG330	dat	BORROWED	0	zero-element	SG_ROOT	L7177
R497	ROOT_SG	dat	WF293	SG331	dat, d	BORROWED	0	zero-element	SG_ROOT	L7178;L7179;L7180;L7181;L7182;L7183;L7184;L7185;L7186;L7187;L7188;L7189;L7190;L7191;L7192;L7193;L7194;L7195;L6576;L7196;L7197;L7198;L7199;L7200;L7201;L7202;L7203;L7204;L7205;L7206;L7207;L7208;L7209;L7210;L7211;L7212;L7213;L7214;L7215;L7216;L7217;L7218;L7219;L7220;L7221;L7222;L7223;L7224;L7225;L7226;L7227;L7228;L7229;L7230;L7231;L7232;L7233;L7234;L7235;L7236;L7237;L7238;L7239;L7240;L7241;L7242;L7243;L7244;L7245;L7246;L7247;L7248;L7249;L7250;L7251;L7252;L7253;L7254;L7255;L7256;L7257;L7258;L7259;L7260;L7261;L7262;L7263;L7264;L7265;L7266;L7267;L7268;L7269;L7270;L7271;L7272;L7273;L7274;L7275;L7276;L7277;L7278;L7279;L7280;L7281;L7282;L7283;L7284;L7285;L7286;L7287;L7288;L7289;L7290
R498	ROOT_SG	d	WF293	SG331	dat, d	BORROWED	0	zero-element	SG_ROOT	L7291
R499	ROOT_SG	d	WF293	SG332	d	BORROWED	0	zero-element	SG_ROOT	L7292;L7293;L7294;L7295;L7296;L7297;L7298;L7299;L7300;L7301
R500	ROOT_SG	d	WF293	SG333	d	BORROWED	0	zero-element	SG_ROOT	L7302;L7303;L7304
R501	ROOT_SG	dot	WF293	SG334	dot	BORROWED	0	zero-element	SG_ROOT	L7305;L7306;L7307;L7308
R502	ROOT_SG	dot	WF293	SG335	dot, aņ	BORROWED	0	zero-element	SG_ROOT	L7309;L7310;L7311;L7313
R503	ROOT_SG	aņ	WF293	SG335	dot, aņ	BORROWED	0	zero-element	SG_ROOT	L7312
R504	ROOT_SG	dāļ	WF294	SG336	dāļ		0	dāļ	SG_ROOT	L7314;L7315;L7316
R505	ROOT_SG	dāv	WF295	SG337	dāv, dāvj, dāvid, deivid, dēvid	BORROWED	0	dāv, dāvj, dāvid, deivid, dēvid	SG_ROOT	L7320;L7321;L7323
R506	ROOT_SG	dāvj	WF295	SG337	dāv, dāvj, dāvid, deivid, dēvid	BORROWED	0	dāv, dāvj, dāvid, deivid, dēvid	SG_ROOT	L7322
R507	ROOT_SG	dāvid	WF295	SG337	dāv, dāvj, dāvid, deivid, dēvid	BORROWED	0	dāv, dāvj, dāvid, deivid, dēvid	SG_ROOT	L7317;L7318;L7319
R508	ROOT_SG	deivid	WF295	SG337	dāv, dāvj, dāvid, deivid, dēvid	BORROWED	0	dāv, dāvj, dāvid, deivid, dēvid	SG_ROOT	L7324;L7325;L7326
R509	ROOT_SG	dēvid	WF295	SG337	dāv, dāvj, dāvid, deivid, dēvid	BORROWED	0	dāv, dāvj, dāvid, deivid, dēvid	SG_ROOT	L7327
R510	ROOT_SG	draudz	WF296	SG338	draudz, draug, drauģ		0	draudz, draug, drauģ	SG_ROOT	L7328;L7329;L7330;L7331;L7332;L7333;L7334;L7335;L7336;L7337;L7338;L7339;L7340;L7341;L7342;L7343;L7344;L7345;L7346;L7347;L7348;L7349;L7350;L7351;L7352;L7353;L7354;L7355;L7356
R511	ROOT_SG	draug	WF296	SG338	draudz, draug, drauģ		0	draudz, draug, drauģ	SG_ROOT	L7357;L7358;L7359;L7360;L7361;L7362;L7363;L7364;L7365;L7366;L6617
R512	ROOT_SG	drauģ	WF296	SG338	draudz, draug, drauģ		0	draudz, draug, drauģ	SG_ROOT	L7367
R513	ROOT_SG	duk	WF297	SG339	duk, duc	BORROWED	0	duk, duc	SG_ROOT	L7368;L7369;L7370;L7371;L7372;L1077;L7373;L7374;L7375;L3008;L3845;L3846;L7376;L7377;L7378;L7379;L7380;L7381;L7382;L7383;L7384;L7385;L7386;L7387;L7388;L7389;L7390;L7391;L7392;L7393;L7394;L7395;L7396;L7397;L7398;L7399;L7400;L7401;L7402;L7403;L7404;L7405;L7406;L7407;L7408;L7409;L7410;L7411;L7412;L7413;L7414;L7415;L7416;L7417;L7418;L7419;L7420;L7421;L7422;L7423;L7424;L7425;L7426;L7427;L7428;L7429;L7430
R514	ROOT_SG	duc	WF297	SG339	duk, duc	BORROWED	0	duk, duc	SG_ROOT	L7431;L7432;L7433;L7434;L7435;L7436;L7437;L7438;L7439;L7440;L7441;L7442;L7443;L7444;L7445;L7446;L7447;L7448;L7449;L7450;L7451;L7452;L7453;L7454;L7455;L7456;L7457
R515	ROOT_SG	dok	WF298	SG340	dok		0	dok	SG_ROOT	L6792
R516	ROOT_SG	duc	WF299	SG341	duc, duč	BORROWED	0	duc, duč	SG_ROOT	L7458;L7459
R517	ROOT_SG	duč	WF299	SG341	duc, duč	BORROWED	0	duc, duč	SG_ROOT	L7460
R518	ROOT_SG	duc	WF300	SG342	duc		0	duc	SG_ROOT	L7461;L7462;L7463
R519	ROOT_SG	duk	WF301	SG343	duk		0	duk	SG_ROOT	L7464;L7465
R520	ROOT_SG	duk	WF302	SG344	duk	BORROWED	0	duk	SG_ROOT	L7466
R521	ROOT_SG	duk	WF303	SG345	duk		0	duk	SG_ROOT	L7467;L7468;L7469
R522	ROOT_SG	dzelt	WF304	SG346	dzelt, dzēl		0	dzelt, dzēl	SG_ROOT	L7470;L3698;L3706;L7471;L7472;L7473;L1571;L1572;L3725;L3726;L7474;L7475;L7476;L7477;L7478;L7479;L7480;L7481;L7482;L7483;L7484;L7485;L7486;L7487;L7488;L7489;L7490;L7491;L7492;L7493;L7494;L7495;L7496;L7497;L7498;L7499;L7500;L7501;L7502;L7503;L7504;L7505;L7506;L7507;L7508;L7509;L7510;L7511;L7512;L7513;L7514;L7515;L7516;L7517;L7518;L7519;L7520;L7521
R523	ROOT_SG	dzēl	WF304	SG346	dzelt, dzēl		0	dzelt, dzēl	SG_ROOT	L7522
R524	ROOT_SG	dzel	WF305	SG347	dzel, dzēl		0	dzel, dzēl	SG_ROOT	L7523;L7524;L7525;L7526;L7527;L7528;L7529;L7530;L7531;L7532;L7533;L4937;L7534;L7535;L7536;L7537;L7538;L7539;L7540;L7541;L7542;L7543;L7544;L7545
R525	ROOT_SG	dzēl	WF305	SG347	dzel, dzēl		0	dzel, dzēl	SG_ROOT	L7546;L7547;L7548;L7549;L7550
R526	ROOT_SG	dzer	WF306	SG348	dzer, dzēr, dzēs, dzir, dzīr, gar, gār		0	dzer, dzēr, dzēs, dzir, dzīr, gar, gār	SG_ROOT	L7566;L7567;L7568;L7569;L7570;L7571;L7572;L7573;L7574;L7575;L7576;L7577;L7578;L7579;L7580;L7581;L7582;L7583;L7584;L7585;L7586;L7587;L7588;L7589;L7590;L7591;L7592;L7593;L7594;L7595;L7596;L7597;L7598;L7599;L7600;L7601;L7602;L7603;L7604;L7605;L7606;L7607;L7608;L7609;L7610;L7611;L7612
R527	ROOT_SG	dzēr	WF306	SG348	dzer, dzēr, dzēs, dzir, dzīr, gar, gār		0	dzer, dzēr, dzēs, dzir, dzīr, gar, gār	SG_ROOT	L3345;L7613;L7614;L7615;L7616;L7617;L7618;L7619;L7620;L7621;L7622;L7623;L7624;L7625;L7626;L7627;L7628;L7629;L7630;L7631;L7632;L7633;L7634;L7635;L7636;L7637;L7638;L7639;L7640;L7641;L7642;L7643;L7644;L7645;L7646;L7647;L7648;L7649;L7650
R528	ROOT_SG	dzēs	WF306	SG348	dzer, dzēr, dzēs, dzir, dzīr, gar, gār		0	dzer, dzēr, dzēs, dzir, dzīr, gar, gār	SG_ROOT	L7651
R529	ROOT_SG	dzir	WF306	SG348	dzer, dzēr, dzēs, dzir, dzīr, gar, gār		0	dzer, dzēr, dzēs, dzir, dzīr, gar, gār	SG_ROOT	L7551;L3346;L7552;L7553;L7554;L7555;L7556;L7557;L7558;L7559;L7560;L7561;L7562;L7563;L7564;L7565
R530	ROOT_SG	dzīr	WF306	SG348	dzer, dzēr, dzēs, dzir, dzīr, gar, gār		0	dzer, dzēr, dzēs, dzir, dzīr, gar, gār	SG_ROOT	L7652;L7653;L7654;L7655;L7656;L7657;L7658
R531	ROOT_SG	gar	WF306	SG348	dzer, dzēr, dzēs, dzir, dzīr, gar, gār		0	dzer, dzēr, dzēs, dzir, dzīr, gar, gār	SG_ROOT	L7659;L7660;L7661
R532	ROOT_SG	gār	WF306	SG348	dzer, dzēr, dzēs, dzir, dzīr, gar, gār		0	dzer, dzēr, dzēs, dzir, dzīr, gar, gār	SG_ROOT	L7662
R533	ROOT_SG	dzērben	WF307	SG349	dzērben		0	dzērben	SG_ROOT	L7663;L7664;L7665
R534	ROOT_SG	dzer	WF308	SG350	dzer, dzir		0	dzer, dzir	SG_ROOT	L7666
R535	ROOT_SG	dzir	WF308	SG350	dzer, dzir		0	dzer, dzir	SG_ROOT	L7667;L7668;L7669;L7670;L7671;L7672;L7673;L7674;L7675;L7676;L7677;L7678;L7679;L7680;L7681;L7682
R536	ROOT_SG	dzirkl	WF309	SG351	dzirkl		0	dzirkl	SG_ROOT	L7683
R537	ROOT_SG	dzir	WF310	SG352	dzir		0	dzir	SG_ROOT	L7684
R538	ROOT_SG	dzergzd	WF311	SG353	dzergzd		0	dzergzd	SG_ROOT	L7685
R539	ROOT_SG	dzir	WF312	SG354	dzir, zir		0	zero-element	SG_ROOT	L7686;L7687;L7688
R540	ROOT_SG	zir	WF312	SG354	dzir, zir		0	zero-element	SG_ROOT	L7689
R541	ROOT_SG	gir	WF312	SG355	gir, ģir	BORROWED	0	zero-element	SG_ROOT	L7690
R542	ROOT_SG	ģir	WF312	SG355	gir, ģir	BORROWED	0	zero-element	SG_ROOT	L7691
R543	ROOT_SG	dzie	WF313	SG356	dzie, dzī, dzij		0	zero-element	SG_ROOT	L7692;L7693;L7694;L7695;L7696;L7697;L7698;L7699;L7700;L7701;L7702;L7703;L7704;L7705;L7706;L7707;L7708;L7709;L7710;L7711;L7712;L7713;L7714;L7715;L7716;L7717;L7718;L7719;L7720;L7721;L7722;L7723
R544	ROOT_SG	dzī	WF313	SG356	dzie, dzī, dzij		0	zero-element	SG_ROOT	L7724;L467;L7725;L7726;L7727;L7728;L7729;L7730;L7732;L7733;L7737;L7738;L7739;L7740;L7741;L7742;L7743;L7744;L7745;L7746;L7747;L7748;L7749;L7750;L7751;L7752;L7753;L1264;L7754;L4173;L7755;L7756;L5540;L7757;L7758;L7759;L7760;L7761;L7762;L2595;L2596;L2597;L7763;L7764;L7340;L7360;L7765;L7766;L7767;L7768;L7769;L7770;L7771;L7772;L7773;L7774;L7775;L7776;L7777;L7778;L7779;L7780;L7781;L7782;L7783;L7784;L7785;L7786;L7787;L7788;L7789;L7790;L7791;L7792;L7793;L7794;L7795;L7796;L7797;L7798;L7799;L7800;L7801;L7802;L7803;L7804;L7805;L7806;L7807;L7808;L7809;L7810;L7811;L7812;L7813;L7814;L7815;L7816;L7817;L7818;L7819;L7820;L7821;L7822;L7823;L7824;L7825;L7826;L7827;L7828;L7829;L7830;L7831;L7832;L7833;L7834;L7835;L7836;L7837;L7838;L7839;L7840;L7841;L7842;L7843;L7844;L7845;L7846;L7847;L7848;L7849;L7850;L7851;L7852;L7853;L7854;L7855;L7856;L7857;L7858;L7859;L7860;L7861;L7862;L7863;L7864;L7865;L7866;L7867;L7868;L7869;L7870;L7871;L7872;L7873;L7874;L7875;L7876;L7877;L7878;L7879;L7880;L7881;L7882;L7883;L7884;L7885;L7886;L7887;L7888;L7889;L7890;L7891;L7892;L7893;L7894;L7895;L7896;L7897;L7898;L7899;L7900;L7901;L7902;L7903;L7904;L7905;L7906;L7907;L7908;L7909;L7910;L7911;L7912;L7913;L7914;L7915;L7916;L7917;L7918;L7919;L7920;L7921;L7922;L7923;L7924;L7925;L7926;L7927;L7928;L7929;L7930;L7931;L7932;L7933
R545	ROOT_SG	dzij	WF313	SG356	dzie, dzī, dzij		0	zero-element	SG_ROOT	L7731;L7734;L7735;L7736
R546	ROOT_SG	vi	WF313	SG357	vi	BORROWED	0	zero-element	SG_ROOT	L7934;L7935;L7936;L7937;L7938;L7939;L7940;L7941;L7942;L7943;L7944;L7945;L7946;L7947;L7948;L7949;L7950;L7951;L7952;L7953;L7954;L7955;L7956;L7957;L7958;L7959;L7960;L7961;L7962;L7963;L7964;L7965;L7966;L7967;L7968;L7969;L7970
R547	ROOT_SG	bi	WF313	SG358	bi, b	BORROWED	0	zero-element	SG_ROOT	L7971;L7972;L7973;L7974;L7975;L7976;L7977;L7978;L1147;L1148;L1149;L1150;L7979;L7980;L7981;L7982;L7983;L7984;L7985;L7986;L5789;L7987;L7988;L7989;L7990;L5790;L7991;L7992;L7993;L7994;L7995;L7996;L7997;L7998;L7999;L8000;L8001;L8002;L8003;L8004;L8005;L8006;L8007;L8008;L8009;L8010;L8011;L8012;L8013;L8014;L8015;L8016;L8017;L8018;L8019;L8020;L8021;L8022;L8023;L8024;L8025;L8026;L8027;L8028;L8029;L8030;L8031;L8032;L8033;L8034;L8035;L8036;L8037;L8038;L8039;L8040;L8041;L8042;L8043;L8044;L8045;L8046;L8047;L8048;L8049;L8050;L8051;L8052;L7373;L7374;L8053;L419;L420;L8054;L7375;L8055;L5128;L8056;L8057;L8058;L8059;L8060;L8061;L8062;L8063;L8064;L8065;L8066;L8067;L8068;L8069;L8070;L8071;L8072;L8073;L8074;L8075;L8076;L8077;L8078;L8079;L8080;L8081;L8082;L8083;L8084;L8085;L8086;L8087;L8088
R548	ROOT_SG	b	WF313	SG358	bi, b	BORROWED	0	zero-element	SG_ROOT	L8089;L8090;L8091;L8092;L8093;L5949;L8094
R549	ROOT_SG	dzie	WF314	SG359	dzie, dzied		0	dzie, dzied	SG_ROOT	L1060;L4017;L7614;L8095;L8096;L8097;L8098;L8099;L8100;L8101;L8102;L8103;L8104;L8105;L8106;L8107;L8108;L8109;L8110;L8111;L8112;L8113;L8114;L8115;L8116;L8117;L8118;L8119;L8120;L8121;L8122;L8123;L8124;L8125
R550	ROOT_SG	dzied	WF314	SG359	dzie, dzied		0	dzie, dzied	SG_ROOT	L8126;L8127;L8128;L8129;L8130;L8131;L8132;L8133;L8134;L8135;L8136;L8137;L8138;L8139;L8140;L8141;L8142;L8143;L8144;L8145;L8146;L8147;L8148;L8149;L8150;L8151;L8152;L8153;L8154;L8155;L8156;L8157;L8158;L8159;L8160;L8161;L8162;L8163;L8164;L8165;L8166;L8167;L8168;L8169;L8170;L8171;L8172;L8173;L8174;L8175;L8176;L8177;L8178;L8179;L8180;L8181;L8182;L8183;L8184;L8185;L8186;L8187;L8188;L8189;L8190;L8191;L8192;L8193;L8194;L8195;L8196;L8197;L8198;L8199
R551	ROOT_SG	dzī	WF315	SG360	dzī, dzin, dzie, dzen, dzeņ, dziņ, gan, gain, gaiņ		0	dzī, dzin, dzie, dzen, dzeņ, dziņ, gan, gain, gaiņ	SG_ROOT	L8200;L8201;L8202;L8203;L8204;L8205;L8206;L8207;L8208;L8209;L8210;L8211;L8212;L8213;L8214;L8215;L8216;L8217;L8218;L8219;L8220;L8221;L8222;L8223;L8224;L8225;L8226;L8227;L8228;L8229;L8230;L8231;L8232
R552	ROOT_SG	dzin	WF315	SG360	dzī, dzin, dzie, dzen, dzeņ, dziņ, gan, gain, gaiņ		0	dzī, dzin, dzie, dzen, dzeņ, dziņ, gan, gain, gaiņ	SG_ROOT	L8233;L8234;L8235;L1353;L8236;L8237;L8238;L8239;L8240;L8241;L8242;L8243;L8244;L8245;L8246;L8247;L8248;L8249;L8250;L8251;L8252;L8253;L8254;L8255;L8256
R553	ROOT_SG	dzie	WF315	SG360	dzī, dzin, dzie, dzen, dzeņ, dziņ, gan, gain, gaiņ		0	dzī, dzin, dzie, dzen, dzeņ, dziņ, gan, gain, gaiņ	SG_ROOT	L8281
R554	ROOT_SG	dzen	WF315	SG360	dzī, dzin, dzie, dzen, dzeņ, dziņ, gan, gain, gaiņ		0	dzī, dzin, dzie, dzen, dzeņ, dziņ, gan, gain, gaiņ	SG_ROOT	L8257;L8258;L8259;L8260;L8261;L8262;L8263;L8264;L8265;L8266;L1547;L8273;L8274;L8275;L8276;L8277;L8278;L8279
R555	ROOT_SG	dzeņ	WF315	SG360	dzī, dzin, dzie, dzen, dzeņ, dziņ, gan, gain, gaiņ		0	dzī, dzin, dzie, dzen, dzeņ, dziņ, gan, gain, gaiņ	SG_ROOT	L8280
R556	ROOT_SG	dziņ	WF315	SG360	dzī, dzin, dzie, dzen, dzeņ, dziņ, gan, gain, gaiņ		0	dzī, dzin, dzie, dzen, dzeņ, dziņ, gan, gain, gaiņ	SG_ROOT	L8267;L8268;L7765;L8269;L8270;L8271;L8272
R557	ROOT_SG	gan	WF315	SG360	dzī, dzin, dzie, dzen, dzeņ, dziņ, gan, gain, gaiņ		0	dzī, dzin, dzie, dzen, dzeņ, dziņ, gan, gain, gaiņ	SG_ROOT	L4921;L8282;L8283;L8284;L8285;L8286;L8287;L8288;L8289;L8290;L8291;L8292;L8293;L8294;L8295;L8296;L8297;L8298;L8299;L8300;L8301;L8302;L8303;L8304;L8305;L8306
R558	ROOT_SG	gain	WF315	SG360	dzī, dzin, dzie, dzen, dzeņ, dziņ, gan, gain, gaiņ		0	dzī, dzin, dzie, dzen, dzeņ, dziņ, gan, gain, gaiņ	SG_ROOT	L8316;L8317
R559	ROOT_SG	gaiņ	WF315	SG360	dzī, dzin, dzie, dzen, dzeņ, dziņ, gan, gain, gaiņ		0	dzī, dzin, dzie, dzen, dzeņ, dziņ, gan, gain, gaiņ	SG_ROOT	L8307;L8308;L8309;L8310;L8311;L8312;L8313;L8314;L8315
R560	ROOT_SG	dzes	WF316	SG361	dzes, dzēs, dzis, dzēš, dzi		0	dzes, dzēs, dzis, dzēš, dzi	SG_ROOT	L8318;L8319;L8320;L8321;L8322;L8323;L8324;L8325;L8326;L8327;L8328;L8329;L8330;L8331;L8332;L8333;L8334
R561	ROOT_SG	dzēs	WF316	SG361	dzes, dzēs, dzis, dzēš, dzi		0	dzes, dzēs, dzis, dzēš, dzi	SG_ROOT	L8335;L8336;L8337;L8338;L8339;L8340;L8341;L8342;L8343;L8344;L8345;L8346;L8347;L8348;L8349;L8350;L8351
R562	ROOT_SG	dzis	WF316	SG361	dzes, dzēs, dzis, dzēš, dzi		0	dzes, dzēs, dzis, dzēš, dzi	SG_ROOT	L8352;L8353;L8354;L8355;L8356;L8357;L8358;L8359;L8360;L8361;L8362;L8363;L8364;L8365;L8366
R563	ROOT_SG	dzēš	WF316	SG361	dzes, dzēs, dzis, dzēš, dzi		0	dzes, dzēs, dzis, dzēš, dzi	SG_ROOT	L8375;L8376;L8377;L8378;L8379
R564	ROOT_SG	dzi	WF316	SG361	dzes, dzēs, dzis, dzēš, dzi		0	dzes, dzēs, dzis, dzēš, dzi	SG_ROOT	L8372;L8373;L8374
R565	ROOT_SG	dzintar	WF317	SG362	dzintar, dzītar, zītar, dzintr		0	dzintar, dzītar, zītar, dzintr	SG_ROOT	L8380;L8381;L8382;L8383;L8384;L8385;L8386;L8387;L8388;L8389;L8390;L8391;L8392;L8393;L8394;L8395
R566	ROOT_SG	dzītar	WF317	SG362	dzintar, dzītar, zītar, dzintr		0	dzintar, dzītar, zītar, dzintr	SG_ROOT	L8396
R567	ROOT_SG	zītar	WF317	SG362	dzintar, dzītar, zītar, dzintr		0	dzintar, dzītar, zītar, dzintr	SG_ROOT	L8400;L8401;L8402
R568	ROOT_SG	dzintr	WF317	SG362	dzintar, dzītar, zītar, dzintr		0	dzintar, dzītar, zītar, dzintr	SG_ROOT	L8397;L8398;L8399
R569	ROOT_SG	dzin	WF318	SG363	dzin, dzinkš, dzinks		0	dzin, dzinkš, dzinks	SG_ROOT	L8403;L8404;L8405
R570	ROOT_SG	dzinkš	WF318	SG363	dzin, dzinkš, dzinks		0	dzin, dzinkš, dzinks	SG_ROOT	L8406
R571	ROOT_SG	dzinks	WF318	SG363	dzin, dzinkš, dzinks		0	dzin, dzinkš, dzinks	SG_ROOT	L8407;L8408;L8409
R572	ROOT_SG	dzen	WF319	SG364	dzen		0	dzen	SG_ROOT	L8410;L8411;L8412;L8413
R573	ROOT_SG	gan	WF320	SG365	gan, gon		0	gan, gon	SG_ROOT	L6517;L8414;L8415;L8417;L5464;L5465;L5466;L5467;L8419
R574	ROOT_SG	gon	WF320	SG365	gan, gon		0	gan, gon	SG_ROOT	L8416;L8418
R575	ROOT_SG	gan	WF321	SG366	gan	BORROWED	0	gan	SG_ROOT	L8420;L8421;L8422
R576	ROOT_SG	dziļ	WF322	SG367	dziļ, dzīl, dzel		0	dziļ, dzīl, dzel	SG_ROOT	L2311;L8423;L6851;L6852;L8424;L8425;L8426;L8427;L8428;L8429;L8430;L8431;L8432;L8433;L8434;L8435;L8436;L8437;L8438;L8439;L8440;L8441;L8442;L8443;L8444;L8445;L8446;L8447;L8448;L8449;L8450;L8451;L8452;L8453;L8454;L8455
R577	ROOT_SG	dzīl	WF322	SG367	dziļ, dzīl, dzel		0	dziļ, dzīl, dzel	SG_ROOT	L8456;L8457;L8458
R578	ROOT_SG	dzel	WF322	SG367	dziļ, dzīl, dzel		0	dziļ, dzīl, dzel	SG_ROOT	L8459;L8460;L8461;L8462;L8463;L8464
R579	ROOT_SG	dzem	WF323	SG368	dzem, dzim, ģim		0	zero-element	SG_ROOT	L8567;L8568;L8569;L8570;L8571;L8572;L1742;L8573;L8574;L8575;L8576;L8577;L8578;L8579;L8580;L8581;L8582;L8583;L8584
R580	ROOT_SG	dzim	WF323	SG368	dzem, dzim, ģim		0	zero-element	SG_ROOT	L8465;L8466;L8467;L931;L932;L933;L2312;L2313;L2314;L2315;L8468;L8469;L8470;L8471;L8472;L8473;L6251;L8474;L8475;L3945;L3946;L3977;L8476;L8477;L8478;L8479;L8480;L8481;L8482;L8483;L8484;L8485;L8486;L8487;L8488;L8489;L8490;L8491;L8492;L8493;L8494;L8495;L8496;L8497;L8498;L8499;L840;L8500;L8501;L8502;L6252;L8503;L8504;L8267;L7759;L8505;L8506;L8507;L8508;L8509;L8510;L8511;L8512;L8513;L8514;L8515;L8516;L8517;L8518;L8519;L8520;L8521;L8522;L8523;L8524;L8525;L5145;L8526;L8527;L8528;L8529;L8530;L8531;L8532;L8533;L8534;L8535;L8536;L8537;L8538;L8539;L8540;L8541;L8542;L8543;L8544;L8545;L8546;L8547;L8548;L8549;L8550;L8551;L8552;L8553;L8554;L8555;L8556;L8557;L8558;L8559;L8560;L8561;L8562;L8563;L8564;L8565;L8566
R581	ROOT_SG	ģim	WF323	SG368	dzem, dzim, ģim		0	zero-element	SG_ROOT	L913;L8585;L6632;L8586;L8587;L8588;L8589;L8590;L8591;L8592;L8593;L8594;L8595;L8596
R582	ROOT_SG	gen	WF323	SG369	gen, gēn, gon, gn, ģen, ģēn, džen, žan, žen, žeņ, žēn, geņ, džin, džīn, hen	BORROWED	0	zero-element	SG_ROOT	L8785;L8786;L8787;L8788;L8789;L8790;L8791;L8792;L8793;L8794;L8795;L8796;L8797;L8798;L8799;L8800;L8801;L8802;L8803;L8804;L8805;L8834;L8835
R583	ROOT_SG	gēn	WF323	SG369	gen, gēn, gon, gn, ģen, ģēn, džen, žan, žen, žeņ, žēn, geņ, džin, džīn, hen	BORROWED	0	zero-element	SG_ROOT	L8729;L8730;L8731;L8732;L8733;L8734;L8735;L1180;L8007;L8736;L8737;L8738;L8739;L8740;L8741;L8742;L8743;L8744;L8745;L8746;L8747;L8748;L8749;L8750;L8751;L8752;L8753;L8754;L8755;L8756;L8757;L8758;L8759;L8760;L8761;L8762;L8763;L8764;L8765;L8766;L8767;L8768;L8769;L8770;L8771;L8772;L8773;L8774;L8775;L8776;L8777;L8778;L8779;L8780;L8781;L8782;L8783;L8784;L8839;L8840
R584	ROOT_SG	gon	WF323	SG369	gen, gēn, gon, gn, ģen, ģēn, džen, žan, žen, žeņ, žēn, geņ, džin, džīn, hen	BORROWED	0	zero-element	SG_ROOT	L8806
R585	ROOT_SG	gn	WF323	SG369	gen, gēn, gon, gn, ģen, ģēn, džen, žan, žen, žeņ, žēn, geņ, džin, džīn, hen	BORROWED	0	zero-element	SG_ROOT	L8826;L8827;L8828
R586	ROOT_SG	ģen	WF323	SG369	gen, gēn, gon, gn, ģen, ģēn, džen, žan, žen, žeņ, žēn, geņ, džin, džīn, hen	BORROWED	0	zero-element	SG_ROOT	L8018;L8597;L8598;L8599;L8600;L8601;L8602;L8603;L8604;L8605;L8606;L8607;L3586;L8608;L8609;L8610;L8611;L8612;L8613;L8614;L8615;L8616;L8617;L8618;L8619;L8620;L8621;L8622;L8623;L8624;L8625;L8626;L8627;L8628;L8629;L8630;L8631;L8632;L8633;L8634;L8635;L8636;L8637;L8638;L8639;L8640;L8641;L8642;L8643;L8644;L8645;L8646;L8647;L8648;L8649;L8650;L8651;L8652;L8653;L8654;L8655;L8656;L8657;L8658;L8659;L8660;L8661;L8662;L8663;L8664;L8665;L8666;L8667;L8668;L8669;L8670;L8671;L8672;L8673;L8674;L8675;L8676;L8677;L8678;L8679;L8680;L8681;L8682;L8683;L8684;L8685;L8686;L8687;L8688;L8689;L8690;L8691;L8692;L8693;L8694;L8697;L8698;L8699;L8700;L8701;L8702;L8703;L8704;L8705;L8706;L8707;L8708;L8709;L8710;L8711;L8712;L8713;L8714;L8715;L8716;L8717;L8718;L8719;L8720;L8721;L8722;L8723;L8724;L8725;L8726;L8727;L8728
R587	ROOT_SG	ģēn	WF323	SG369	gen, gēn, gon, gn, ģen, ģēn, džen, žan, žen, žeņ, žēn, geņ, džin, džīn, hen	BORROWED	0	zero-element	SG_ROOT	L8695;L8696
R588	ROOT_SG	džen	WF323	SG369	gen, gēn, gon, gn, ģen, ģēn, džen, žan, žen, žeņ, žēn, geņ, džin, džīn, hen	BORROWED	0	zero-element	SG_ROOT	L8807;L8808;L8809;L8810;L8811;L8812
R589	ROOT_SG	žan	WF323	SG369	gen, gēn, gon, gn, ģen, ģēn, džen, žan, žen, žeņ, žēn, geņ, džin, džīn, hen	BORROWED	0	zero-element	SG_ROOT	L8813;L8814;L8815;L8816;L8817;L8818;L8819;L8820;L8821;L8822;L8823;L8824;L8825
R590	ROOT_SG	žen	WF323	SG369	gen, gēn, gon, gn, ģen, ģēn, džen, žan, žen, žeņ, žēn, geņ, džin, džīn, hen	BORROWED	0	zero-element	SG_ROOT	L8829;L8830;L8832
R591	ROOT_SG	žeņ	WF323	SG369	gen, gēn, gon, gn, ģen, ģēn, džen, žan, žen, žeņ, žēn, geņ, džin, džīn, hen	BORROWED	0	zero-element	SG_ROOT	L8843
R592	ROOT_SG	žēn	WF323	SG369	gen, gēn, gon, gn, ģen, ģēn, džen, žan, žen, žeņ, žēn, geņ, džin, džīn, hen	BORROWED	0	zero-element	SG_ROOT	L8831;L8833
R593	ROOT_SG	geņ	WF323	SG369	gen, gēn, gon, gn, ģen, ģēn, džen, žan, žen, žeņ, žēn, geņ, džin, džīn, hen	BORROWED	0	zero-element	SG_ROOT	L8836;L8837
R594	ROOT_SG	džin	WF323	SG369	gen, gēn, gon, gn, ģen, ģēn, džen, žan, žen, žeņ, žēn, geņ, džin, džīn, hen	BORROWED	0	zero-element	SG_ROOT	L8841
R595	ROOT_SG	džīn	WF323	SG369	gen, gēn, gon, gn, ģen, ģēn, džen, žan, žen, žeņ, žēn, geņ, džin, džīn, hen	BORROWED	0	zero-element	SG_ROOT	L8842
R596	ROOT_SG	hen	WF323	SG369	gen, gēn, gon, gn, ģen, ģēn, džen, žan, žen, žeņ, žēn, geņ, džin, džīn, hen	BORROWED	0	zero-element	SG_ROOT	L8838
R597	ROOT_SG	nac	WF323	SG370	nac, nāc, na	BORROWED	0	zero-element	SG_ROOT	L8844;L8845;L8846;L8847;L8848;L8849;L8850;L8851;L8852;L8853;L8854;L8855;L8856;L8857;L8858;L8859;L8860;L8861;L8862;L8863;L8864;L4123;L8865;L8866;L8867;L8868;L8869;L8870;L8871;L8872;L8873;L8874;L8875;L8876;L8877;L8878;L8879;L8880;L8881;L8882;L8883;L8885;L8886;L8887;L8888;L8889;L8890;L8891;L8892;L8893;L8894;L8895;L8896;L8897;L8898;L8899;L8900;L8901;L8902;L8903;L5601
R598	ROOT_SG	nāc	WF323	SG370	nac, nāc, na	BORROWED	0	zero-element	SG_ROOT	L5602;L8904;L8905;L8906;L8907;L8908
R599	ROOT_SG	na	WF323	SG370	nac, nāc, na	BORROWED	0	zero-element	SG_ROOT	L8884
R600	ROOT_SG	nat	WF323	SG371	nat, nāt, n, nad	BORROWED	0	zero-element	SG_ROOT	L8909;L8910;L8911;L8912;L8913;L8914;L8915;L8916;L8917;L8918;L8919;L8920;L8921;L8922;L8923;L8924;L8925;L8926;L8927;L8928;L8929;L8930;L8931;L8932;L8933;L8934;L8935;L8936;L8937;L8938
R601	ROOT_SG	nāt	WF323	SG371	nat, nāt, n, nad	BORROWED	0	zero-element	SG_ROOT	L8940;L8941;L8942
R602	ROOT_SG	n	WF323	SG371	nat, nāt, n, nad	BORROWED	0	zero-element	SG_ROOT	L8943
R603	ROOT_SG	nad	WF323	SG371	nat, nāt, n, nad	BORROWED	0	zero-element	SG_ROOT	L8939
R604	ROOT_SG	naiv	WF323	SG372	naiv	BORROWED	0	zero-element	SG_ROOT	L8944;L8945;L8946;L8947;L8948;L8949;L8950;L8951;L8952;L8953;L8954;L8955
R605	ROOT_SG	nes	WF323	SG373	nes	BORROWED	0	zero-element	SG_ROOT	L8956
R606	ROOT_SG	ē	WF324	SG374	ē	BORROWED	0	ē	SG_ROOT	L8957;L8958;L8959
R607	ROOT_SG	ēd	WF325	SG375	ēd, ed, od	BORROWED	0	ēd, ed, od	SG_ROOT	L8960;L8961;L8962;L8963;L8964;L8965;L8966;L8967;L8968
R608	ROOT_SG	ed	WF325	SG375	ēd, ed, od	BORROWED	0	ēd, ed, od	SG_ROOT	L8969
R609	ROOT_SG	od	WF325	SG375	ēd, ed, od	BORROWED	0	ēd, ed, od	SG_ROOT	L8970;L8971;L8972;L8973;L8974;L8975;L8976;L8977;L8978;L8979;L8980;L8981;L8982;L8983;L8984
R610	ROOT_SG	ēden	WF326	SG376	ēden	BORROWED	0	ēden	SG_ROOT	L8985;L8986
R611	ROOT_SG	ēk	WF327	SG377	ēk		0	ēk	SG_ROOT	L8987
R612	ROOT_SG	ēk	WF328	SG378	ēk, ēc		0	ēk, ēc	SG_ROOT	L6624;L7801;L8988;L8989;L8990
R613	ROOT_SG	ēc	WF328	SG378	ēk, ēc		0	ēk, ēc	SG_ROOT	L8991
R614	ROOT_SG	ērc	WF329	SG379	ērc, ērč		0	ērc, ērč	SG_ROOT	L8992;L8993;L8994;L8995;L8996;L8997;L8998;L8999;L9000;L9001;L9002;L9003;L9004;L9005;L9006;L9007
R615	ROOT_SG	ērč	WF329	SG379	ērc, ērč		0	ērc, ērč	SG_ROOT	L9008
R616	ROOT_SG	ēs	WF330	SG380	ēs, ēd, ē, od		0	ēs, ēd, ē, od	SG_ROOT	L9081;L9082;L9083;L9084;L9085;L9086;L9087;L9088;L9089;L9090;L9091;L9092;L9093;L9094;L9095;L9096;L9097;L9098;L9099;L9100;L9101;L9102;L9103;L9104;L9105;L9106;L9107;L9108;L9109;L9110;L9111;L9112;L9113;L9114;L9115;L9116
R617	ROOT_SG	ēd	WF330	SG380	ēs, ēd, ē, od		0	ēs, ēd, ē, od	SG_ROOT	L9009;L9010;L682;L226;L9011;L4919;L5542;L9012;L9013;L9014;L9015;L9016;L9017;L9018;L9019;L9020;L9021;L9022;L9023;L9024;L9025;L9026;L9027;L9028;L9029;L9030;L9031;L9032;L9033;L9034;L9035;L9036;L9037;L9038;L9039;L9040;L9041;L9042;L9043;L9044;L9045;L9046;L9047;L9048;L9049;L9050;L9051;L9052;L9053;L9054;L9055;L9056;L9057;L9058;L9059;L9060;L9061;L9062;L9063;L9064;L9065;L9066;L9067;L9068;L9069;L9070;L9071;L9072;L9073;L9074;L9075;L9076;L9077;L9078;L9079;L9080;L9117;L9118;L9119;L9120
R618	ROOT_SG	ē	WF330	SG380	ēs, ēd, ē, od		0	ēs, ēd, ē, od	SG_ROOT	L9121;L9122;L9123;L9124;L9125;L9126;L9127;L9128;L9129
R619	ROOT_SG	od	WF330	SG380	ēs, ēd, ē, od		0	ēs, ēd, ē, od	SG_ROOT	L9130;L9131;L9132;L9133;L9134;L9135;L9136
R620	ROOT_SG	ēdel	WF331	SG381	ēdel		0	ēdel	SG_ROOT	L9137;L9138
R621	ROOT_SG	ēzel	WF332	SG382	ēzel, ēzeļ	BORROWED	0	ēzel, ēzeļ	SG_ROOT	L9139;L9140;L9141;L9142;L9143;L9144;L9145
R622	ROOT_SG	ēzeļ	WF332	SG382	ēzel, ēzeļ	BORROWED	0	ēzel, ēzeļ	SG_ROOT	L9146;L9147
R623	ROOT_SG	ērzel	WF333	SG383	ērzel		0	ērzel	SG_ROOT	L9148
R624	ROOT_SG	ēz	WF334	SG384	ēz	BORROWED	0	ēz	SG_ROOT	L9149
R625	ROOT_SG	ēzop	WF335	SG385	ēzop, aisop, esop, ezop	BORROWED	0	ēzop, aisop, esop, ezop	SG_ROOT	L9153
R626	ROOT_SG	aisop	WF335	SG385	ēzop, aisop, esop, ezop	BORROWED	0	ēzop, aisop, esop, ezop	SG_ROOT	L9150
R627	ROOT_SG	esop	WF335	SG385	ēzop, aisop, esop, ezop	BORROWED	0	ēzop, aisop, esop, ezop	SG_ROOT	L9151
R628	ROOT_SG	ezop	WF335	SG385	ēzop, aisop, esop, ezop	BORROWED	0	ēzop, aisop, esop, ezop	SG_ROOT	L9152
R629	ROOT_SG	odum	WF336	SG386	odum	BORROWED	0	odum	SG_ROOT	L9154
R630	ROOT_SG	ed	WF337	SG387	ed	BORROWED	0	ed	SG_ROOT	L9155
R631	ROOT_SG	edi	WF338	SG388	edi	BORROWED	0	edi	SG_ROOT	L9156
R632	ROOT_SG	ed	WF339	SG389	ed, eid, edž, eidiņ	BORROWED	0	ed, eid, edž, eidiņ	SG_ROOT	L9161;L9162;L9163;L9164;L9165;L9166;L9167;L9168;L9169;L9170;L9171;L9172;L9173;L9174;L9175;L9176;L9177;L9178;L9179;L9180;L9181;L9182;L9183
R633	ROOT_SG	eid	WF339	SG389	ed, eid, edž, eidiņ	BORROWED	0	ed, eid, edž, eidiņ	SG_ROOT	L9157;L9160
R634	ROOT_SG	edž	WF339	SG389	ed, eid, edž, eidiņ	BORROWED	0	ed, eid, edž, eidiņ	SG_ROOT	L9184;L9185
R635	ROOT_SG	eidiņ	WF339	SG389	ed, eid, edž, eidiņ	BORROWED	0	ed, eid, edž, eidiņ	SG_ROOT	L9158;L9159
R636	ROOT_SG	edin	WF340	SG390	edin	BORROWED	0	edin	SG_ROOT	L4088
R637	ROOT_SG	edip	WF341	SG391	edip, oidip	BORROWED	0	edip, oidip	SG_ROOT	L9186;L9187
R638	ROOT_SG	oidip	WF341	SG391	edip, oidip	BORROWED	0	edip, oidip	SG_ROOT	L9188
R639	ROOT_SG	edn	WF342	SG392	edn	BORROWED	0	edn	SG_ROOT	L9189
R640	ROOT_SG	eh	WF343	SG393	eh, ek, ehē, ehehē, ehh		0	eh, ek, ehē, ehehē, ehh	SG_ROOT	L9190
R641	ROOT_SG	ek	WF343	SG393	eh, ek, ehē, ehehē, ehh		0	eh, ek, ehē, ehehē, ehh	SG_ROOT	L9194
R642	ROOT_SG	ehē	WF343	SG393	eh, ek, ehē, ehehē, ehh		0	eh, ek, ehē, ehehē, ehh	SG_ROOT	L9191
R643	ROOT_SG	ehehē	WF343	SG393	eh, ek, ehē, ehehē, ehh		0	eh, ek, ehē, ehehē, ehh	SG_ROOT	L9192
R644	ROOT_SG	ehh	WF343	SG393	eh, ek, ehē, ehehē, ehh		0	eh, ek, ehē, ehehē, ehh	SG_ROOT	L9193
R645	ROOT_SG	ehin	WF344	SG394	ehin, ehidn	BORROWED	0	ehin, ehidn	SG_ROOT	L9195;L9196;L9197;L9198;L9199
R646	ROOT_SG	ehidn	WF344	SG394	ehin, ehidn	BORROWED	0	ehin, ehidn	SG_ROOT	L9200
R647	ROOT_SG	eh	WF345	SG395	eh, eķ, ķ	BORROWED	0	eh, eķ, ķ	SG_ROOT	L5962;L9201;L9202;L9203;L9204;L9205;L9206;L9207;L9208;L9209;L9210;L9211
R648	ROOT_SG	eķ	WF345	SG395	eh, eķ, ķ	BORROWED	0	eh, eķ, ķ	SG_ROOT	L9213
R649	ROOT_SG	ķ	WF345	SG395	eh, eķ, ķ	BORROWED	0	eh, eķ, ķ	SG_ROOT	L9212
R650	ROOT_SG	ei	WF346	SG396	ei, eu, jev, jū	BORROWED	0	ei, eu, jev, jū	SG_ROOT	L9214;L9215;L9216;L9217;L9218;L9219;L8737;L9220;L8738;L9221;L9222;L9223;L9224;L9225;L9226;L9227;L9228;L9229;L9230;L9231;L9232;L9233;L9234;L9235;L8829;L8831;L8832;L8833
R651	ROOT_SG	eu	WF346	SG396	ei, eu, jev, jū	BORROWED	0	ei, eu, jev, jū	SG_ROOT	L9236;L9237
R652	ROOT_SG	jev	WF346	SG396	ei, eu, jev, jū	BORROWED	0	ei, eu, jev, jū	SG_ROOT	L8834;L8835;L8836;L8837;L8838;L8839;L8840
R653	ROOT_SG	jū	WF346	SG396	ei, eu, jev, jū	BORROWED	0	ei, eu, jev, jū	SG_ROOT	L8841;L8842
R654	ROOT_SG	eifel	WF347	SG397	eifel, eifeļ	BORROWED	0	eifel, eifeļ	SG_ROOT	L9238;L9239;L9240;L9241
R655	ROOT_SG	eifeļ	WF347	SG397	eifel, eifeļ	BORROWED	0	eifel, eifeļ	SG_ROOT	L9242
R656	ROOT_SG	eikoz	WF348	SG398	eikoz	BORROWED	0	eikoz	SG_ROOT	L9243
R657	ROOT_SG	ein	WF349	SG399	ein, ain	BORROWED	0	ein, ain	SG_ROOT	L9244;L9245;L9246
R658	ROOT_SG	ain	WF349	SG399	ein, ain	BORROWED	0	ein, ain	SG_ROOT	L9247;L9248
R659	ROOT_SG	eind	WF350	SG400	eind, end	BORROWED	0	eind, end	SG_ROOT	L9249
R660	ROOT_SG	end	WF350	SG400	eind, end	BORROWED	0	eind, end	SG_ROOT	L9250;L9251;L9252
R661	ROOT_SG	eis	WF351	SG401	eis	BORROWED	0	eis	SG_ROOT	L9253
R662	ROOT_SG	eis	WF352	SG402	eis	BORROWED	0	eis	SG_ROOT	L9254
R663	ROOT_SG	eisak	WF353	SG403	eisak		0	eisak	SG_ROOT	L9255
R664	ROOT_SG	eizen	WF354	SG404	eizen	BORROWED	0	eizen	SG_ROOT	L9256;L9257;L9258;L9259;L9260;L9261;L9262;L9263;L9264;L9265;L9266;L9267;L9268
R665	ROOT_SG	ez	WF355	SG405	ez, az, oz		0	zero-element	SG_ROOT	L545;L546;L1517;L2087;L9269;L9270;L8425;L9271;L9272;L9273;L9274;L9275;L9276;L9277;L9278;L9279;L9280;L9281;L9282;L9283;L9284;L9285;L9286;L9287;L9288;L9289;L9290;L9291;L9292;L9293;L9294;L9295;L9296;L9297;L9298;L9299;L9300;L9301;L9302;L9303;L9304;L9305;L9306;L9307;L9308;L9309;L9310;L9311;L9312;L9313;L9314;L9315;L9316;L9317;L9318;L9319;L9320;L9321;L9322;L9323;L9324;L9325;L9326;L9327;L9328;L9329;L9330;L9331;L9332;L9333;L9334;L9335;L9336;L9337;L9338;L9339
R666	ROOT_SG	az	WF355	SG405	ez, az, oz		0	zero-element	SG_ROOT	L9340;L9341
R667	ROOT_SG	oz	WF355	SG405	ez, az, oz		0	zero-element	SG_ROOT	L9342
R668	ROOT_SG	oz	WF355	SG406	oz	BORROWED	0	zero-element	SG_ROOT	L9343;L9344
R669	ROOT_SG	ozer	WF356	SG407	ozer	BORROWED	0	ozer	SG_ROOT	L9345
R670	ROOT_SG	azar	WF357	SG408	azar	BORROWED	0	azar	SG_ROOT	L9346;L9347;L9348
R671	ROOT_SG	ež	WF358	SG409	ež		0	ež	SG_ROOT	L9349;L9350;L9351
R672	ROOT_SG	ez	WF359	SG410	ez, ež		0	ez, ež	SG_ROOT	L9352;L9353;L9354;L9355
R673	ROOT_SG	ež	WF359	SG410	ez, ež		0	ez, ež	SG_ROOT	L9308;L9356;L9357;L9358;L9359;L9360
R674	ROOT_SG	ežupalt	WF360	SG411	ežupalt		0	ežupalt	SG_ROOT	L9361
R675	ROOT_SG	ezoter	WF361	SG412	ezoter, ezotēr	BORROWED	0	ezoter, ezotēr	SG_ROOT	L9365;L9366;L9367;L9368
R676	ROOT_SG	ezotēr	WF361	SG412	ezoter, ezotēr	BORROWED	0	ezoter, ezotēr	SG_ROOT	L9362;L9363;L9364
R677	ROOT_SG	ezr	WF362	SG413	ezr	BORROWED	0	ezr	SG_ROOT	L9369
R678	ROOT_SG	azer	WF363	SG414	azer, ašer	BORROWED	0	azer, ašer	SG_ROOT	L9370
R679	ROOT_SG	ašer	WF363	SG414	azer, ašer	BORROWED	0	azer, ašer	SG_ROOT	L9371
R680	ROOT_SG	azerbaidžān	WF364	SG415	azerbaidžān, azer	BORROWED	0	azerbaidžān, azer	SG_ROOT	L9372;L9373;L9374
R681	ROOT_SG	azer	WF364	SG415	azerbaidžān, azer	BORROWED	0	azerbaidžān, azer	SG_ROOT	L9375;L9376
R682	ROOT_SG	gai	WF365	SG416	gai, gais, gaiš		0	gai, gais, gaiš	SG_ROOT	L9377;L9378;L9379;L9380;L9381;L9382;L9383;L9384;L6164;L9385;L9386;L9387;L9388;L9389;L9390;L9391;L9392;L9393;L9394;L9395;L9396;L9397;L9398;L9399;L9400;L9401;L9402;L9403;L9404;L9405;L9406;L9407;L9408;L9409;L9410;L9411;L9412;L9413;L9414;L9415;L9416;L9417;L9418;L9419;L9420;L9421;L9422;L9423;L9424
R683	ROOT_SG	gais	WF365	SG416	gai, gais, gaiš		0	gai, gais, gaiš	SG_ROOT	L9454;L9455;L9456;L2322;L2323;L9457;L5016;L5017;L9458;L9459;L9460;L9461;L9462;L9463;L9464;L9465;L9466;L9467;L9468;L9469;L9470;L9471;L9472;L9473;L9474;L9475;L9476;L9477;L9478;L9479
R684	ROOT_SG	gaiš	WF365	SG416	gai, gais, gaiš		0	gai, gais, gaiš	SG_ROOT	L90;L91;L3727;L3728;L7498;L9425;L9426;L9427;L9428;L9429;L9430;L9431;L9432;L9433;L9434;L9435;L9436;L9437;L9438;L9439;L9440;L9441;L9442;L9443;L9444;L9445;L9446;L9447;L9448;L9449;L9450;L9451;L9452;L9453
R685	ROOT_SG	gal	WF366	SG417	gal, gaļ		0	gal, gaļ	SG_ROOT	L9480;L1008;L1041;L9481;L9482;L140;L9483;L9484;L9485;L9486;L1494;L1495;L2324;L2325;L2326;L2327;L2328;L2329;L2330;L2331;L2335;L2088;L2089;L2090;L2091;L2092;L2116;L2117;L2119;L2118;L2120;L9487;L9488;L9489;L5748;L9490;L6201;L6221;L6248;L9283;L6713;L9491;L9492;L9493;L9494;L9495;L9496;L9497;L7384;L9498;L9499;L9500;L9501;L9502;L9503;L9504;L9505;L9506;L9507;L9508;L9509;L9510;L9511;L9512;L9513;L9514;L9515;L9516;L9517;L9518;L9519;L9520;L9521;L9522;L9523;L9524;L9525;L9526;L9527;L9528;L9529;L9530;L9531;L9532;L9533;L9534;L9535;L9536;L9537;L9538;L9539;L9540;L9541;L9542;L9543;L9544;L9545;L9546;L9547;L9548;L9549;L9550;L9551;L9552;L9553;L9554;L9555;L9556;L9557;L9558;L9559;L9560;L9561;L9562;L9563;L9564;L9565;L9566;L9567;L9568;L9570;L9571;L9572;L9573;L9574;L9575;L9576;L9577;L9578;L9579;L9580;L9581;L9582;L9583;L9584;L9585;L9586;L9587;L9588;L9589;L9590;L9591;L9592;L9593;L9594;L9595;L9596;L9597;L9598;L9599;L9600;L9601;L9602;L9603;L9604;L9605;L9606;L9607;L9608;L9609;L9610;L9611;L9612;L9613;L9614;L9615;L9616;L9617;L9618;L9619;L9620;L9621;L9622;L9623;L9624;L9625;L9626;L9627;L9628;L9629;L9630;L9631;L9632;L9633;L9634
R686	ROOT_SG	gaļ	WF366	SG417	gal, gaļ		0	gal, gaļ	SG_ROOT	L9569
R687	ROOT_SG	gal	WF367	SG418	gal	BORROWED	0	gal	SG_ROOT	L9635
R688	ROOT_SG	gald	WF368	SG419	gald		0	gald	SG_ROOT	L9636;L9637;L9638;L2982;L2983;L9639;L3803;L4915;L5212;L5233;L7197;L7198;L6448;L9013;L2599;L9640;L9641;L9642;L9643;L9644;L7275;L9645;L9646;L9647;L9648;L9649;L9650;L9651;L9652;L9653;L9654;L9655;L9656;L9657;L6328;L9658;L9659;L9660;L9661;L9662;L9663;L9664;L9665
R689	ROOT_SG	galv	WF369	SG420	galv		0	zero-element	SG_ROOT	L9666;L9667;L9668;L9669;L935;L936;L1496;L1497;L1498;L1499;L1518;L1519;L1520;L1521;L1522;L1523;L1524;L2332;L2333;L2334;L2336;L3700;L3701;L3702;L3703;L3704;L3705;L9670;L5555;L5556;L6133;L6134;L9671;L9672;L9673;L6627;L6628;L6629;L6630;L9674;L9356;L9425;L9426;L9427;L9428;L9429;L9675;L9676;L9677;L9678;L9679;L9680;L9681;L9682;L9683;L9684;L9685;L9686;L9687;L9688;L9689;L9690;L9536;L9537;L9691;L9692;L9693;L9694;L9695;L9696;L9697;L9698;L9699;L9700;L9701;L9702;L9703;L9704;L9705;L9706;L9707;L9708;L9709;L9710;L9711;L9712;L9713;L9714;L9715;L9716;L9717;L9718;L9719;L9720;L9721;L9722;L9723;L9724;L9725;L9726;L9727;L9728;L9729;L9730;L9731;L9732;L9733;L9734;L9735;L9736;L9737;L9738;L9739;L9740;L9741;L9742;L9743;L9744;L9745;L9746;L9747;L9748;L9749;L9750;L9751;L9752;L9753;L9754;L9755;L9756;L9757;L9758;L9759;L9760;L9761;L9762;L9763;L9764;L9765;L9766;L9767;L9768;L9769;L9770;L9771;L9772;L9773;L9774;L9775;L9776;L9777;L9778;L9779;L9780;L9781;L9782;L9783;L9784;L9785;L9786;L9787;L9788;L9789;L9790;L9791;L9792;L9793;L9794;L9795;L9796;L9797;L9798;L9799;L9800;L9801;L9802;L9803;L9804;L9805;L9806;L9807;L9808;L9809;L9810;L9811;L9812;L9813;L9814;L9815;L9816;L9817
R690	ROOT_SG	glav	WF369	SG421	glav	BORROWED	0	zero-element	SG_ROOT	L9818;L9819
R691	ROOT_SG	galv	WF369	SG422	galv	BORROWED	0	zero-element	SG_ROOT	L9820;L9821
R692	ROOT_SG	galvan	WF370	SG423	galvan	BORROWED	0	galvan	SG_ROOT	L9822;L9823;L9824;L9825;L9826;L9827;L9828;L9829
R693	ROOT_SG	galves	WF371	SG424	galves	BORROWED	0	galves	SG_ROOT	L9830
R694	ROOT_SG	gar	WF372	SG425	gar		0	gar	SG_ROOT	L9831;L9832;L9833;L6631;L1867;L5281;L9834;L9835;L9836;L9837;L9838;L9839;L9840;L9841;L9842;L9843;L9844;L9845;L9846;L9847;L9848;L9849;L9850;L9851;L9852;L9853;L9854;L9855;L9856;L9857;L9858;L9859;L9860;L9861;L9862;L9863;L9864;L9865
R695	ROOT_SG	gar	WF373	SG426	gar		0	gar	SG_ROOT	L1527;L6619;L2326;L9866;L9867;L9868;L9869;L9870;L9871;L9872;L9873;L9874;L9875;L9876;L9877;L9878;L9879;L9880;L3228;L3166;L9881;L9882;L9883;L9884;L9885;L9886;L9887;L9888;L9889;L9890;L9891;L5763;L5764;L5765;L5766;L9892;L9893;L9894;L9895;L9896;L9897;L9898;L9899;L9900;L9310;L9901;L9902;L9903;L9904;L9905;L9906;L9907;L9908;L9909;L9910;L9911;L9912;L9913;L9914;L9915;L9916;L9917;L9918;L9919;L9920;L9921;L9922;L9923;L9924;L9925;L9926;L9927;L9928;L9929;L9930;L9931;L9932;L9933;L9934;L9935;L9936;L9937;L9938;L9939;L9940;L9941;L9942;L9943;L9944;L9945;L9946;L9947;L9948;L9949;L9950;L9951;L9952;L9953;L9954;L9955;L9956;L9957;L9958;L9959;L9960;L9961;L9962;L9963;L9964;L9965;L9966;L9967;L9968;L9969;L9970;L9971;L9972;L9973;L9974;L9975;L9976;L9977;L9978;L9979
R696	ROOT_SG	gar	WF374	SG427	gar	BORROWED	0	gar	SG_ROOT	L9980;L9981;L9982;L9983;L9984
R697	ROOT_SG	gar	WF375	SG428	gar	BORROWED	0	gar	SG_ROOT	L9985
R698	ROOT_SG	gard	WF376	SG429	gard, garš, garž		0	gard, garš, garž	SG_ROOT	L3348;L9044;L9045;L9046;L9047;L9048;L9049;L9050;L10007;L10008;L10009;L10010;L10011;L10012;L10013;L10014;L10015
R699	ROOT_SG	garš	WF376	SG429	gard, garš, garž		0	gard, garš, garž	SG_ROOT	L9986;L2337;L2338;L2339;L9987;L726;L9989;L9990;L9991;L9992;L9993;L9994;L9995;L9996;L9997;L9998;L9999;L10000;L10001;L10002;L10003;L10004;L10005;L10006
R700	ROOT_SG	garž	WF376	SG429	gard, garš, garž		0	gard, garš, garž	SG_ROOT	L9988;L10016;L10017
R701	ROOT_SG	gard	WF377	SG430	gard		0	gard	SG_ROOT	L10018;L10019
R702	ROOT_SG	garden	WF378	SG431	garden	BORROWED	0	garden	SG_ROOT	L10020
R703	ROOT_SG	gard	WF379	SG432	gard	BORROWED	0	zero-element	SG_ROOT	L10021;L10022;L10023;L10024;L10025;L10026;L10027;L10028
R704	ROOT_SG	gard	WF379	SG433	gard	BORROWED	0	zero-element	SG_ROOT	L10029
R705	ROOT_SG	gard	WF379	SG434	gard	BORROWED	0	zero-element	SG_ROOT	L10030;L10031;L10032;L10033
R706	ROOT_SG	gard	WF379	SG435	gard	BORROWED	0	zero-element	SG_ROOT	L10034;L10035
R707	ROOT_SG	garde	WF379	SG436	garde	BORROWED	0	zero-element	SG_ROOT	L10036;L10037;L10038;L10039
R708	ROOT_SG	gārs	WF380	SG437	gārs		0	zero-element	SG_ROOT	L10040;L10041;L10042;L10043
R709	ROOT_SG	gārš	WF380	SG438	gārš		0	zero-element	SG_ROOT	L10044;L10045
R710	ROOT_SG	gārs	WF381	SG439	gārs	BORROWED	0	gārs	SG_ROOT	L10046;L10047
R711	ROOT_SG	gardez	WF382	SG440	gardez	BORROWED	0	gardez	SG_ROOT	L10048
R712	ROOT_SG	gardēn	WF383	SG441	gardēn	BORROWED	0	gardēn	SG_ROOT	L10049
R713	ROOT_SG	gardīn	WF384	SG442	gardīn	BORROWED	0	gardīn	SG_ROOT	L10050;L10051
R714	ROOT_SG	graud	WF385	SG443	graud		0	zero-element	SG_ROOT	L4877;L4878;L4451;L10052;L10053;L6135;L6849;L9901;L10054;L10055;L10056;L842;L841;L727;L10057;L10058;L10059;L10060;L10061;L10062;L10063;L10064;L10065;L10066;L10067;L10068;L10069;L10070;L10071;L10072;L10073;L10074;L10075;L10076;L10077;L10078;L10079;L10080;L10081;L10082;L10083;L10084;L10085;L10086;L10087;L10088;L10089;L10090;L10091;L10092;L10093
R715	ROOT_SG	grū	WF385	SG444	grū, grūd, grūs, grūz, graus, graud		0	zero-element	SG_ROOT	L10094;L10095;L10096;L10097;L10098;L10099;L10100;L10101;L10102;L10103;L10104;L10105
R716	ROOT_SG	grūd	WF385	SG444	grū, grūd, grūs, grūz, graus, graud		0	zero-element	SG_ROOT	L10124;L10125;L10126;L10127;L10128;L10129;L10130;L10131;L10132;L10133;L10134;L10135;L10136
R717	ROOT_SG	grūs	WF385	SG444	grū, grūd, grūs, grūz, graus, graud		0	zero-element	SG_ROOT	L10106;L10107;L10108;L10109;L10110;L10111;L10112;L10113;L10114;L10115;L10116;L10117;L10118;L10119;L10120;L10121;L10122;L10123
R718	ROOT_SG	grūz	WF385	SG444	grū, grūd, grūs, grūz, graus, graud		0	zero-element	SG_ROOT	L10137
R719	ROOT_SG	graus	WF385	SG444	grū, grūd, grūs, grūz, graus, graud		0	zero-element	SG_ROOT	L10138
R720	ROOT_SG	graud	WF385	SG444	grū, grūd, grūs, grūz, graus, graud		0	zero-element	SG_ROOT	L10139;L10140;L10141;L10142;L10143
R721	ROOT_SG	grauz	WF386	SG445	grauz, gruz, gruž		0	grauz, gruz, gruž	SG_ROOT	L10144;L10145;L10146;L10147;L10148;L10149;L10150;L10151;L10152;L10153;L10154;L10155;L10156;L10157;L10158;L10159;L10160;L10161;L10162;L10163;L10164;L10165;L10166;L10167;L10168;L10169;L10170;L10171;L10172;L10173;L10174;L10175;L10176;L10190;L10191
R722	ROOT_SG	gruz	WF386	SG445	grauz, gruz, gruž		0	grauz, gruz, gruž	SG_ROOT	L10185;L10187;L10188;L10189
R723	ROOT_SG	gruž	WF386	SG445	grauz, gruz, gruž		0	grauz, gruz, gruž	SG_ROOT	L3804;L3805;L10179;L10180;L10181;L10182;L10183;L10184;L10186
R724	ROOT_SG	gruz	WF387	SG446	gruz, gruzčik, gruščik, gruzon	BORROWED	0	gruz, gruzčik, gruščik, gruzon	SG_ROOT	L10194;L10195;L10198;L10199;L10200;L10201
R725	ROOT_SG	gruzčik	WF387	SG446	gruz, gruzčik, gruščik, gruzon	BORROWED	0	gruz, gruzčik, gruščik, gruzon	SG_ROOT	L10193
R726	ROOT_SG	gruščik	WF387	SG446	gruz, gruzčik, gruščik, gruzon	BORROWED	0	gruz, gruzčik, gruščik, gruzon	SG_ROOT	L10192
R727	ROOT_SG	gruzon	WF387	SG446	gruz, gruzčik, gruščik, gruzon	BORROWED	0	gruz, gruzčik, gruščik, gruzon	SG_ROOT	L10196;L10197
R728	ROOT_SG	gruz	WF388	SG447	gruz, gruzīn		0	gruz, gruzīn	SG_ROOT	L10202
R729	ROOT_SG	gruzīn	WF388	SG447	gruz, gruzīn		0	gruz, gruzīn	SG_ROOT	L10203;L10204;L10205;L10206
R730	ROOT_SG	gruzd	WF389	SG448	gruzd, grauzd		0	gruzd, grauzd	SG_ROOT	L10219;L10220;L10221;L10222;L10223;L10224;L10225;L10226
R731	ROOT_SG	grauzd	WF389	SG448	gruzd, grauzd		0	gruzd, grauzd	SG_ROOT	L10207;L10208;L10209;L10210;L10211;L10212;L10213;L10214;L10215;L10216;L10217;L10218
R732	ROOT_SG	grauzd	WF390	SG449	grauzd		0	grauzd	SG_ROOT	L10227
R733	ROOT_SG	gruzd	WF391	SG450	gruzd	BORROWED	0	gruzd	SG_ROOT	L10228;L10229
